,county,lotSize,propertyType,price,listedDate,addressLine1,city,state,zipCode,formattedAddress,lastSeen,status,removedDate,daysOnMarket,createdDate,id,latitude,longitude,bedrooms,bathrooms,squareFootage,yearBuilt,addressLine2
0,Spotsylvania County,190357.0,Land,92900,2022-08-29T14:44:04.000Z,2330 Red Earth Ln,Beaverdam,VA,23015,"2330 Red Earth Ln, Beaverdam, VA 23015",2022-11-17T12:10:12.726Z,Active,,80,2022-08-30T09:55:27.310Z,"2330-Red-Earth-Ln,-Beaverdam,-VA-23015",38.02498,-77.660314,,,,,
1,Spotsylvania County,130680.0,Land,119900,2022-08-29T14:44:04.000Z,2328 Mount Olive Rd,Beaverdam,VA,23015,"2328 Mount Olive Rd, Beaverdam, VA 23015",2022-11-17T12:10:12.726Z,Active,,80,2022-08-30T09:55:27.309Z,"2328-Mount-Olive-Rd,-Beaverdam,-VA-23015",38.024987,-77.660316,,,,,
2,Hanover County,161172.0,Land,79000,2022-01-13T20:05:10.000Z,Washington Hwy,Beaverdam,VA,23015,"Washington Hwy, Beaverdam, VA 23015",2022-11-17T10:29:45.073Z,Active,,308,2021-05-12T05:38:44.025Z,"Washington-Hwy,-Beaverdam,-VA-23015",37.830958,-77.469894,0.0,,,,
3,Hanover County,170320.0,Single Family,319500,2022-03-09T17:19:28.000Z,Verdon Rd,Beaverdam,VA,23015,"Verdon Rd, Beaverdam, VA 23015",2022-11-17T10:29:45.069Z,Active,,253,2020-09-15T16:48:53.358Z,"Verdon-Rd,-Beaverdam,-VA-23015",37.900442,-77.542355,3.0,2.0,1400.0,2022.0,
4,Hanover County,259313.0,Land,125000,2022-03-08T18:22:29.000Z,Beaver Lake Dr,Beaverdam,VA,23015,"Beaver Lake Dr, Beaverdam, VA 23015",2022-11-17T10:29:45.068Z,Active,,254,2022-03-19T06:03:37.578Z,"Beaver-Lake-Dr,-Beaverdam,-VA-23015",37.938522,-77.648286,0.0,,,,
5,Spotsylvania County,1332065.0,Single Family,749900,2022-09-15T14:57:29.000Z,2400 Butler Rd,Beaverdam,VA,23015,"2400 Butler Rd, Beaverdam, VA 23015",2022-11-17T10:15:25.279Z,Active,,63,2022-06-03T11:49:39.429Z,"2400-Butler-Rd,-Beaverdam,-VA-23015",38.023538,-77.629332,4.0,2.5,2756.0,1976.0,
6,Hanover County,87120.0,Single Family,359950,2022-03-25T18:58:28.000Z,17071 Addie Rose Ln,Beaverdam,VA,23015,"17071 Addie Rose Ln, Beaverdam, VA 23015",2022-11-17T10:10:43.506Z,Active,,237,2022-04-01T11:11:51.196Z,"17071-Addie-Rose-Ln,-Beaverdam,-VA-23015",37.96250244,-77.69106101,3.0,2.0,1501.0,2022.0,
7,Hanover County,87120.0,Single Family,399950,2022-03-25T19:16:34.000Z,17081 Addie Rose Ln,Beaverdam,VA,23015,"17081 Addie Rose Ln, Beaverdam, VA 23015",2022-11-17T10:10:43.506Z,Active,,237,2022-04-01T11:11:51.209Z,"17081-Addie-Rose-Ln,-Beaverdam,-VA-23015",37.96391757,-77.69327659,3.0,2.0,1836.0,2022.0,
8,Hanover County,87120.0,Single Family,399950,2022-03-25T20:28:29.000Z,17040 Addie Rose Ln,Beaverdam,VA,23015,"17040 Addie Rose Ln, Beaverdam, VA 23015",2022-11-17T10:10:43.505Z,Active,,237,2022-04-01T11:11:51.209Z,"17040-Addie-Rose-Ln,-Beaverdam,-VA-23015",37.95406731,-77.6952855,3.0,2.5,1876.0,2022.0,
9,Hanover County,7444840.0,Land,663000,2022-04-14T14:11:53.000Z,MT Olive Rd,Beaverdam,VA,23015,"MT Olive Rd, Beaverdam, VA 23015",2022-11-17T10:10:43.504Z,Active,,217,2020-10-02T11:59:24.920Z,"MT-Olive-Rd,-Beaverdam,-VA-23015",37.92167,-77.62917,0.0,,,,
10,Hanover County,87120.0,Single Family,440000,2022-04-12T21:01:54.000Z,17011 Addie Rose Ln,Beaverdam,VA,23015,"17011 Addie Rose Ln, Beaverdam, VA 23015",2022-11-17T10:10:43.504Z,Active,,219,2022-04-14T07:46:23.054Z,"17011-Addie-Rose-Ln,-Beaverdam,-VA-23015",37.93791815,-77.65700312,3.0,2.0,1980.0,2022.0,
11,Hanover County,875556.0,Land,175000,2022-06-22T14:17:38.000Z,Hewlett Rd,Beaverdam,VA,23015,"Hewlett Rd, Beaverdam, VA 23015",2022-11-17T10:10:43.475Z,Active,,148,2020-09-15T03:38:04.361Z,"Hewlett-Rd,-Beaverdam,-VA-23015",37.90091,-77.59668,0.0,,,,
12,Hanover County,95832.0,Single Family,309950,2022-06-29T04:32:23.000Z,19384 Beaver Dam Rd,Beaverdam,VA,23015,"19384 Beaver Dam Rd, Beaverdam, VA 23015",2022-11-17T10:10:43.462Z,Active,,142,2022-06-29T06:57:16.967Z,"19384-Beaver-Dam-Rd,-Beaverdam,-VA-23015",37.940559,-77.653884,4.0,2.0,2048.0,1927.0,
13,Hanover County,133729.0,Single Family,225000,2022-08-06T20:58:24.000Z,17001 Annfield Rd,Beaverdam,VA,23015,"17001 Annfield Rd, Beaverdam, VA 23015",2022-11-17T10:10:43.447Z,Active,,103,2022-08-07T08:05:06.354Z,"17001-Annfield-Rd,-Beaverdam,-VA-23015",37.86469,-77.597411,3.0,1.0,1030.0,1965.0,
14,Hanover County,217800.0,Single Family,720000,2022-08-17T18:05:32.000Z,12602 Old Ridge Rd,Beaverdam,VA,23015,"12602 Old Ridge Rd, Beaverdam, VA 23015",2022-11-17T10:10:43.445Z,Active,,92,2020-09-27T11:12:08.785Z,"12602-Old-Ridge-Rd,-Beaverdam,-VA-23015",37.853848,-77.535984,3.0,4.0,3104.0,1980.0,
15,Hanover County,439956.0,Single Family,549000,2022-08-15T04:15:49.000Z,15381 Beaver Den Ln,Beaverdam,VA,23015,"15381 Beaver Den Ln, Beaverdam, VA 23015",2022-11-17T10:10:43.445Z,Active,,95,2022-08-15T10:00:58.989Z,"15381-Beaver-Den-Ln,-Beaverdam,-VA-23015",37.968745,-77.634512,4.0,2.0,2739.0,2003.0,
16,Hanover County,531432.0,Land,180000,2022-08-22T19:13:46.000Z,Rocky Ford Rd,Beaverdam,VA,23015,"Rocky Ford Rd, Beaverdam, VA 23015",2022-11-17T10:10:43.440Z,Active,,87,2020-12-23T11:44:14.855Z,"Rocky-Ford-Rd,-Beaverdam,-VA-23015",37.879947,-77.697016,3.0,2.5,2662.0,,
17,Hanover County,531432.0,Land,180000,2022-08-22T19:32:40.000Z,17177 Rocky Ford Rd,Beaverdam,VA,23015,"17177 Rocky Ford Rd, Beaverdam, VA 23015",2022-11-17T10:10:43.440Z,Active,,87,2022-08-23T09:06:57.720Z,"17177-Rocky-Ford-Rd,-Beaverdam,-VA-23015",37.883087,-77.689122,,,,,
18,Hanover County,531432.0,Land,180000,2022-08-22T18:52:24.000Z,17197 Rocky Ford Rd,Beaverdam,VA,23015,"17197 Rocky Ford Rd, Beaverdam, VA 23015",2022-11-17T10:10:43.439Z,Active,,87,2022-08-23T09:06:57.720Z,"17197-Rocky-Ford-Rd,-Beaverdam,-VA-23015",37.883721,-77.690494,,,,,
19,Hanover County,261360.0,Single Family,475000,2022-08-30T12:55:57.000Z,18363 Teman Rd,Beaverdam,VA,23015,"18363 Teman Rd, Beaverdam, VA 23015",2022-11-17T10:10:43.436Z,Active,,79,2022-06-07T09:12:54.576Z,"18363-Teman-Rd,-Beaverdam,-VA-23015",37.90985,-77.629364,3.0,2.0,2049.0,1972.0,
20,Hanover County,221720.0,Duplex-Triplex,395000,2022-09-11T22:55:33.000Z,16124 Beaverdam School Rd,Beaverdam,VA,23015,"16124 Beaverdam School Rd, Beaverdam, VA 23015",2022-11-17T10:10:43.427Z,Active,,67,2022-09-12T08:05:58.684Z,"16124-Beaverdam-School-Rd,-Beaverdam,-VA-23015",37.939011,-77.649263,3.0,2.0,2972.0,1970.0,
21,Hanover County,439520.0,Land,109999,2022-09-13T18:55:30.000Z,17794 Tyler Station Rd,Beaverdam,VA,23015,"17794 Tyler Station Rd, Beaverdam, VA 23015",2022-11-17T09:59:32.664Z,Active,,65,2022-10-20T08:30:18.498Z,"17794-Tyler-Station-Rd,-Beaverdam,-VA-23015",37.960377,-77.696752,,,,,
22,Hanover County,439520.0,Land,109999,2022-09-15T14:42:03.000Z,Tyler Station Rd,Beaverdam,VA,23015,"Tyler Station Rd, Beaverdam, VA 23015",2022-11-17T09:59:32.663Z,Active,,63,2021-03-15T07:42:55.991Z,"Tyler-Station-Rd,-Beaverdam,-VA-23015",37.93047,-77.6781,3.0,2.0,1886.0,,
23,Hanover County,435600.0,Land,145000,2022-09-20T20:38:13.000Z,Summer Meadow Rd,Beaverdam,VA,23015,"Summer Meadow Rd, Lot 2, Beaverdam, VA 23015",2022-11-17T09:59:32.663Z,Active,,58,2021-04-18T05:38:34.844Z,"Summer-Meadow-Rd,-Lot-2,-Beaverdam,-VA-23015",37.888926,-77.692559,0.0,,,,Lot 2
24,Hanover County,523156.0,Land,159950,2022-09-21T19:43:58.000Z,Ben Gayle Rd,Beaverdam,VA,23015,"Ben Gayle Rd, Beaverdam, VA 23015",2022-11-17T09:59:32.661Z,Active,,57,2020-09-15T03:38:04.358Z,"Ben-Gayle-Rd,-Beaverdam,-VA-23015",37.963001,-77.664709,0.0,,,,
25,Hanover County,133468.0,Single Family,450000,2022-10-04T21:39:35.000Z,20802 Beaver Dam Rd,Beaverdam,VA,23015,"20802 Beaver Dam Rd, Beaverdam, VA 23015",2022-11-17T09:59:32.655Z,Active,,44,2022-10-05T09:59:56.560Z,"20802-Beaver-Dam-Rd,-Beaverdam,-VA-23015",37.968609,-77.70002,3.0,2.0,1890.0,2004.0,
26,Hanover County,383328.0,Land,497000,2022-10-12T16:50:50.000Z,17226 Parsons Rd,Beaverdam,VA,23015,"17226 Parsons Rd, Beaverdam, VA 23015",2022-11-17T09:59:32.652Z,Active,,36,2021-10-02T07:26:26.518Z,"17226-Parsons-Rd,-Beaverdam,-VA-23015",37.90372,-77.691771,0.0,,,,
27,Hanover County,476982.0,Land,115000,2022-10-13T19:49:58.000Z,20609 Beaver Dam Rd,Beaverdam,VA,23015,"20609 Beaver Dam Rd, Beaverdam, VA 23015",2022-11-17T09:59:32.649Z,Active,,35,2022-10-20T08:30:18.472Z,"20609-Beaver-Dam-Rd,-Beaverdam,-VA-23015",37.962955,-77.688538,,,,,
28,Hanover County,655142.0,Land,135000,2022-10-13T19:49:58.000Z,20621 Beaver Dam Rd,Beaverdam,VA,23015,"20621 Beaver Dam Rd, Beaverdam, VA 23015",2022-11-17T09:59:32.648Z,Active,,35,2022-10-20T08:30:18.476Z,"20621-Beaver-Dam-Rd,-Beaverdam,-VA-23015",37.963335,-77.689208,,,,,
29,Hanover County,6447.0,Single Family,299000,2022-10-14T22:04:25.000Z,20844 Beaver Dam Rd,Beaverdam,VA,23015,"20844 Beaver Dam Rd, Beaverdam, VA 23015",2022-11-17T09:59:32.647Z,Active,,34,2022-10-15T08:36:49.844Z,"20844-Beaver-Dam-Rd,-Beaverdam,-VA-23015",37.969907,-77.702178,3.0,2.0,1268.0,2022.0,
30,Hanover County,456073.0,Single Family,579000,2022-10-19T15:31:36.000Z,17077 Tyler Station Rd,Beaverdam,VA,23015,"17077 Tyler Station Rd, Beaverdam, VA 23015",2022-11-17T09:59:32.647Z,Active,,29,2022-10-20T08:30:18.468Z,"17077-Tyler-Station-Rd,-Beaverdam,-VA-23015",37.931465,-77.683052,3.0,2.5,2080.0,1987.0,
31,Hanover County,446054.0,Single Family,399450,2022-10-22T14:49:30.000Z,16390 Tyler Station Rd,Beaverdam,VA,23015,"16390 Tyler Station Rd, Beaverdam, VA 23015",2022-11-17T09:59:32.645Z,Active,,26,2022-05-19T08:27:30.438Z,"16390-Tyler-Station-Rd,-Beaverdam,-VA-23015",37.925856,-77.665264,3.0,2.0,1462.0,2022.0,
32,Hanover County,131987.0,Single Family,399900,2022-10-25T15:44:04.000Z,15267 Teman Mill Rd,Beaverdam,VA,23015,"15267 Teman Mill Rd, Beaverdam, VA 23015",2022-11-17T09:59:32.643Z,Active,,23,2022-10-26T10:19:43.128Z,"15267-Teman-Mill-Rd,-Beaverdam,-VA-23015",37.937902,-77.625231,5.0,2.5,2452.0,2002.0,
33,Hanover County,439956.0,Single Family,475000,2022-11-07T13:31:32.000Z,18313 Shiloh Church Rd,Beaverdam,VA,23015,"18313 Shiloh Church Rd, Beaverdam, VA 23015",2022-11-17T09:59:32.631Z,Active,,10,2022-11-08T08:13:31.596Z,"18313-Shiloh-Church-Rd,-Beaverdam,-VA-23015",37.91148,-77.702659,5.0,4.0,2798.0,2013.0,
34,Hanover County,435600.0,Single Family,399900,2022-11-15T21:18:24.000Z,16230 Buckfast Pl,Beaverdam,VA,23015,"16230 Buckfast Pl, Beaverdam, VA 23015",2022-11-17T09:59:32.606Z,Active,,2,2022-11-16T11:20:28.076Z,"16230-Buckfast-Pl,-Beaverdam,-VA-23015",37.890313,-77.65005,4.0,3.5,3527.0,1997.0,
35,Spotsylvania County,116305.0,Manufactured,264900,2022-10-28T16:12:38.000Z,10001 Tribble Rd,Beaverdam,VA,23015,"10001 Tribble Rd, Beaverdam, VA 23015",2022-11-17T09:48:17.562Z,Active,,20,2021-11-20T05:07:46.154Z,"10001-Tribble-Rd,-Beaverdam,-VA-23015",38.016198,-77.679745,3.0,2.0,1512.0,2000.0,
36,Spotsylvania County,131116.0,Single Family,349900,2022-11-03T03:58:36.000Z,1731 Log Cabin Rd,Beaverdam,VA,23015,"1731 Log Cabin Rd, Beaverdam, VA 23015",2022-11-17T09:48:17.554Z,Active,,15,2022-11-03T09:09:15.204Z,"1731-Log-Cabin-Rd,-Beaverdam,-VA-23015",38.005738,-77.655468,3.0,1.5,1661.0,1985.0,
37,Spotsylvania County,65340.0,Single Family,399900,2022-11-14T20:38:34.000Z,2224 Partlow Rd,Beaverdam,VA,23015,"2224 Partlow Rd, Beaverdam, VA 23015",2022-11-17T09:48:17.499Z,Active,,3,2021-01-15T06:33:50.363Z,"2224-Partlow-Rd,-Beaverdam,-VA-23015",38.019206,-77.615921,3.0,2.0,1344.0,2022.0,
38,Caroline County,760122.0,Land,225000,2022-09-10T02:23:50.000Z,Country Rd,Beaverdam,VA,23015,"Country Rd, Beaverdam, VA 23015",2022-11-17T08:52:38.112Z,Active,,69,2020-12-14T09:02:26.697Z,"Country-Rd,-Beaverdam,-VA-23015",37.99923865,-77.62726737,0.0,,,,
39,Hanover County,91040.0,Land,90000,2022-05-05T22:07:24.000Z,Kings Dominion Blvd,Beaverdam,VA,23015,"Kings Dominion Blvd, Beaverdam, VA 23015",2022-11-05T09:57:34.077Z,Inactive,2022-11-12T15:32:59.593Z,191,2021-05-12T05:38:44.014Z,"Kings-Dominion-Blvd,-Beaverdam,-VA-23015",37.846226,-77.463431,0.0,,,,
40,Hanover County,74052.0,Single Family,360700,2022-10-26T04:32:14.000Z,19095 Hollowing Creek Rd,Beaverdam,VA,23015,"19095 Hollowing Creek Rd, Beaverdam, VA 23015",2022-11-03T08:55:14.472Z,Inactive,2022-11-10T14:51:50.740Z,16,2022-01-03T08:29:53.910Z,"19095-Hollowing-Creek-Rd,-Beaverdam,-VA-23015",37.92555,-77.679355,3.0,2.0,1856.0,2021.0,
41,Hanover County,422532.0,Single Family,650000,2022-07-09T18:19:59.000Z,16114 Daybreak Ln,Beaverdam,VA,23015,"16114 Daybreak Ln, Beaverdam, VA 23015",2022-10-31T09:38:06.135Z,Inactive,2022-11-07T14:53:19.069Z,121,2022-07-07T12:56:54.077Z,"16114-Daybreak-Ln,-Beaverdam,-VA-23015",37.842426,-77.566046,5.0,4.5,3787.0,1988.0,
42,Spotsylvania County,87120.0,Single Family,255000,2022-09-30T19:35:41.000Z,2816 Partlow Rd,Beaverdam,VA,23015,"2816 Partlow Rd, Beaverdam, VA 23015",2022-10-31T09:10:28.394Z,Inactive,2022-11-07T14:53:19.069Z,38,2020-12-03T20:28:45.179Z,"2816-Partlow-Rd,-Beaverdam,-VA-23015",38.036338,-77.636155,3.0,1.0,1380.0,1953.0,
43,Spotsylvania County,436036.0,Single Family,299900,2022-10-19T17:52:11.000Z,1515 Log Cabin Rd,Beaverdam,VA,23015,"1515 Log Cabin Rd, Beaverdam, VA 23015",2022-10-22T10:01:32.833Z,Inactive,2022-10-29T14:57:30.262Z,10,2022-10-20T08:05:28.266Z,"1515-Log-Cabin-Rd,-Beaverdam,-VA-23015",38.002283,-77.650511,2.0,2.0,1264.0,2001.0,
44,Spotsylvania County,1307236.0,Land,239500,2022-04-14T15:27:33.000Z,Log Cabin Rd,Beaverdam,VA,23015,"Log Cabin Rd, Beaverdam, VA 23015",2022-10-20T10:41:17.932Z,Inactive,2022-10-27T14:56:36.262Z,196,2022-04-15T05:57:02.585Z,"Log-Cabin-Rd,-Beaverdam,-VA-23015",38.00522955,-77.65672907,,,,,
45,Hanover County,1817759.0,Land,419000,2022-04-20T15:15:33.000Z,Hartley Rd,Beaverdam,VA,23015,"Hartley Rd, Beaverdam, VA 23015",2022-10-18T09:07:45.730Z,Inactive,2022-10-25T14:55:39.766Z,188,2022-04-21T10:23:50.091Z,"Hartley-Rd,-Beaverdam,-VA-23015",37.931945372,-77.59764574,,,,,
46,Hanover County,500940.0,Land,179000,2022-09-12T20:38:26.000Z,0 Parsons Rd,Beaverdam,VA,23015,"0 Parsons Rd, Lot 2, Beaverdam, VA 23015",2022-10-12T09:31:54.681Z,Inactive,2022-10-19T14:54:44.336Z,37,2022-09-16T08:24:38.740Z,"0-Parsons-Rd,-Lot-2,-Beaverdam,-VA-23015",37.905976,-77.688716,,,,,Lot 2
47,Hanover County,500940.0,Land,179000,2022-09-12T20:34:35.000Z,Parsons Rd,Beaverdam,VA,23015,"Parsons Rd, Lot 1, Beaverdam, VA 23015",2022-10-12T09:31:54.680Z,Inactive,2022-10-19T14:54:44.336Z,37,2022-08-30T10:15:48.426Z,"Parsons-Rd,-Lot-1,-Beaverdam,-VA-23015",37.906731,-77.690271,,,,,Lot 1
48,Spotsylvania County,287060.0,Land,65000,2022-10-07T13:32:18.000Z,2029 Country Rd,Beaverdam,VA,23015,"2029 Country Rd, Beaverdam, VA 23015",2022-10-11T09:56:36.410Z,Inactive,2022-10-18T14:55:53.359Z,12,2022-10-08T09:48:06.561Z,"2029-Country-Rd,-Beaverdam,-VA-23015",38.016092,-77.622374,,,,,
49,Hanover County,54755.0,Single Family,325000,2022-09-28T23:25:40.000Z,20243 Ben Gayle Rd,Beaverdam,VA,23015,"20243 Ben Gayle Rd, Beaverdam, VA 23015",2022-10-09T08:29:58.463Z,Inactive,2022-10-16T14:57:24.919Z,18,2022-09-29T09:03:29.344Z,"20243-Ben-Gayle-Rd,-Beaverdam,-VA-23015",37.960709,-77.663387,3.0,2.0,1835.0,2008.0,
50,Hanover County,77058.0,Single Family,275000,2022-10-03T20:41:22.000Z,19107 Hollowing Creek Rd,Beaverdam,VA,23015,"19107 Hollowing Creek Rd, Beaverdam, VA 23015",2022-10-06T10:22:26.795Z,Inactive,2022-10-13T14:55:53.682Z,10,2022-10-04T10:02:18.060Z,"19107-Hollowing-Creek-Rd,-Beaverdam,-VA-23015",37.926068,-77.679209,3.0,2.0,1944.0,1999.0,
51,Hanover County,217800.0,Land,105000,2022-07-15T02:11:21.000Z,Level Dr,Beaverdam,VA,23015,"Level Dr, Beaverdam, VA 23015",2022-10-05T11:37:02.075Z,Inactive,2022-10-12T14:53:59.455Z,90,2022-07-26T07:15:01.568Z,"Level-Dr,-Beaverdam,-VA-23015",37.883555,-77.532462,0.0,,,,
52,Hanover County,435600.0,Single Family,735000,2022-08-24T14:07:49.000Z,15451 Beaver Den Ln,Beaverdam,VA,23015,"15451 Beaver Den Ln, Beaverdam, VA 23015",2022-09-30T08:45:10.987Z,Inactive,2022-10-07T14:54:03.077Z,45,2021-07-27T09:43:42.570Z,"15451-Beaver-Den-Ln,-Beaverdam,-VA-23015",37.953655,-77.6529,4.0,2.5,3357.0,2006.0,
53,Hanover County,965725.0,Single Family,410000,2022-09-17T23:55:38.000Z,17064 Parsons Rd,Beaverdam,VA,23015,"17064 Parsons Rd, Beaverdam, VA 23015",2022-09-20T08:21:54.819Z,Inactive,2022-09-27T14:53:53.541Z,10,2022-09-18T09:50:39.723Z,"17064-Parsons-Rd,-Beaverdam,-VA-23015",37.900424,-77.68145,3.0,2.0,1856.0,1981.0,
54,Caroline County,2609680.0,Land,354999,2022-09-02T13:31:06.000Z,Anderson Mill Rd,Beaverdam,VA,23015,"Anderson Mill Rd, Beaverdam, VA 23015",2022-09-16T08:21:01.431Z,Inactive,2022-09-23T14:55:51.288Z,22,2020-09-15T03:43:50.973Z,"Anderson-Mill-Rd,-Beaverdam,-VA-23015",37.98589904,-77.61586817,,,,,
55,Hanover County,118570.0,Single Family,405000,2022-09-05T04:13:59.000Z,20515 Beaver Dam Rd,Beaverdam,VA,23015,"20515 Beaver Dam Rd, Beaverdam, VA 23015",2022-09-13T11:18:00.051Z,Inactive,2022-09-20T14:53:00.007Z,16,2022-09-05T08:05:13.053Z,"20515-Beaver-Dam-Rd,-Beaverdam,-VA-23015",37.958286,-77.685753,3.0,2.0,1560.0,2015.0,
56,Hanover County,2700720.0,Single Family,890000,2022-07-01T18:07:41.000Z,16180 Beaverdam School Rd,Beaverdam,VA,23015,"16180 Beaverdam School Rd, Beaverdam, VA 23015",2022-09-03T10:43:01.214Z,Inactive,2022-09-10T14:54:09.506Z,71,2021-12-31T11:25:04.634Z,"16180-Beaverdam-School-Rd,-Beaverdam,-VA-23015",37.943381,-77.651743,5.0,4.5,3486.0,1965.0,
57,Hanover County,697831.0,Land,219500,2022-02-16T16:15:18.000Z,Green Bay Rd,Beaverdam,VA,23015,"Green Bay Rd, Lot 75, Beaverdam, VA 23015",2022-09-01T11:29:23.363Z,Inactive,2022-09-08T14:53:59.600Z,204,2022-03-10T09:52:40.463Z,"Green-Bay-Rd,-Lot-75,-Beaverdam,-VA-23015",37.98762232,-77.68511277,,,,,Lot 75
58,Hanover County,198198.0,Single Family,479500,2022-08-29T18:38:11.000Z,19173 Teman Rd,Beaverdam,VA,23015,"19173 Teman Rd, Beaverdam, VA 23015",2022-08-31T09:41:10.103Z,Inactive,2022-09-07T14:49:00.043Z,9,2022-04-12T12:55:23.449Z,"19173-Teman-Rd,-Beaverdam,-VA-23015",37.93022,-77.630442,3.0,2.0,2125.0,2022.0,
59,Spotsylvania County,278348.0,Single Family,425000,2022-07-16T04:03:10.000Z,1705 Caden Ln,Beaverdam,VA,23015,"1705 Caden Ln, Beaverdam, VA 23015",2022-08-31T09:11:16.552Z,Inactive,2022-09-07T14:49:00.043Z,54,2022-07-16T07:38:24.602Z,"1705-Caden-Ln,-Beaverdam,-VA-23015",38.00802,-77.662638,4.0,2.5,2200.0,2019.0,
60,Hanover County,478289.0,Land,189950,2022-08-26T19:34:49.000Z,Parsons Rd,Beaverdam,VA,23015,"Parsons Rd, Beaverdam, VA 23015",2022-08-29T09:46:25.066Z,Inactive,2022-09-05T14:51:45.577Z,10,2022-08-27T10:59:29.922Z,"Parsons-Rd,-Beaverdam,-VA-23015",37.908746,-77.697331,,,,,
61,Hanover County,247159.0,Single Family,350000,2022-08-16T19:04:31.000Z,14325 Verdon Rd,Beaverdam,VA,23015,"14325 Verdon Rd, Beaverdam, VA 23015",2022-08-26T08:19:46.193Z,Inactive,2022-09-02T14:48:36.467Z,17,2022-08-17T09:05:33.594Z,"14325-Verdon-Rd,-Beaverdam,-VA-23015",37.927748,-77.589768,3.0,2.0,1660.0,1972.0,
62,Hanover County,196020.0,Single Family,449900,2022-08-09T19:44:14.000Z,18353 Teman Rd,Beaverdam,VA,23015,"18353 Teman Rd, Beaverdam, VA 23015",2022-08-25T08:46:21.437Z,Inactive,2022-09-01T14:49:32.984Z,23,2022-05-14T08:09:43.815Z,"18353-Teman-Rd,-Beaverdam,-VA-23015",37.908638,-77.629412,4.0,2.5,1984.0,2022.0,
63,Hanover County,436079.0,Single Family,539000,2022-07-21T17:25:45.000Z,17192 Katy Ln,Beaverdam,VA,23015,"17192 Katy Ln, Beaverdam, VA 23015",2022-08-23T09:06:57.743Z,Inactive,2022-08-30T14:52:09.280Z,40,2022-07-22T11:18:27.646Z,"17192-Katy-Ln,-Beaverdam,-VA-23015",37.870007,-77.571945,5.0,3.5,2863.0,2003.0,
64,Hanover County,174240.0,Single Family,449900,2022-08-09T19:41:46.000Z,18351 Teman Rd,Beaverdam,VA,23015,"18351 Teman Rd, Beaverdam, VA 23015",2022-08-23T09:06:57.731Z,Inactive,2022-08-30T14:52:09.280Z,21,2022-05-14T08:09:43.815Z,"18351-Teman-Rd,-Beaverdam,-VA-23015",37.908576,-77.629474,4.0,2.5,1984.0,2022.0,
65,Hanover County,436123.0,Single Family,624900,2022-07-21T20:00:10.000Z,16188 Watley Creek Ct,Beaverdam,VA,23015,"16188 Watley Creek Ct, Beaverdam, VA 23015",2022-08-11T09:52:11.087Z,Inactive,2022-08-18T14:49:14.021Z,28,2022-07-22T11:18:27.655Z,"16188-Watley-Creek-Ct,-Beaverdam,-VA-23015",37.960239,-77.649357,5.0,4.0,3811.0,2007.0,
66,Hanover County,436036.0,Single Family,545500,2022-07-22T11:43:50.000Z,20222 Anderson Mill Way,Beaverdam,VA,23015,"20222 Anderson Mill Way, Beaverdam, VA 23015",2022-08-11T09:52:11.085Z,Inactive,2022-08-18T14:49:14.021Z,28,2022-07-23T09:33:54.580Z,"20222-Anderson-Mill-Way,-Beaverdam,-VA-23015",37.961636,-77.637918,6.0,4.0,2856.0,2005.0,
67,Hanover County,435600.0,Single Family,410000,2022-07-15T05:46:51.000Z,17284 Foxcroft Ln,Beaverdam,VA,23015,"17284 Foxcroft Ln, Beaverdam, VA 23015",2022-08-09T08:12:05.905Z,Inactive,2022-08-16T14:51:14.279Z,33,2020-10-12T09:35:38.533Z,"17284-Foxcroft-Ln,-Beaverdam,-VA-23015",37.88125,-77.689319,3.0,2.5,2402.0,1993.0,
68,Hanover County,566716.0,Single Family,244700,2020-09-27T05:43:31.172Z,20079 Beaver Dam Rd,Beaverdam,VA,23015,"20079 Beaver Dam Rd, Beaverdam, VA 23015",2022-08-06T10:49:35.175Z,Inactive,2022-08-13T15:10:16.518Z,686,2020-09-27T05:43:31.172Z,"20079-Beaver-Dam-Rd,-Beaverdam,-VA-23015",37.946474,-77.6595,3.0,2.0,1500.0,1985.0,
69,Hanover County,1437480.0,Land,299950,2021-01-15T10:08:56.071Z,20343 Beaver Dam Rd,Beaverdam,VA,23015,"20343 Beaver Dam Rd, Beaverdam, VA 23015",2022-08-06T10:49:35.169Z,Inactive,2022-08-13T15:10:16.518Z,576,2021-01-15T10:08:56.071Z,"20343-Beaver-Dam-Rd,-Beaverdam,-VA-23015",37.952677,-77.677333,0.0,,,,
70,Hanover County,442875.0,Single Family,435450,2022-01-09T07:17:07.384Z,16410 Tyler Station Rd,Beaverdam,VA,23015,"16410 Tyler Station Rd, Beaverdam, VA 23015",2022-08-06T10:49:30.901Z,Inactive,2022-08-13T15:10:16.518Z,217,2022-01-09T07:17:07.384Z,"16410-Tyler-Station-Rd,-Beaverdam,-VA-23015",37.92644,-77.666312,3.0,2.5,1933.0,2022.0,
71,Hanover County,444051.0,Single Family,439450,2022-01-10T07:49:52.020Z,16374 Tyler Station Rd,Beaverdam,VA,23015,"16374 Tyler Station Rd, Beaverdam, VA 23015",2022-08-06T10:49:30.901Z,Inactive,2022-08-13T15:10:16.518Z,216,2022-01-10T07:49:52.020Z,"16374-Tyler-Station-Rd,-Beaverdam,-VA-23015",37.925477,-77.664586,3.0,3.0,1933.0,2022.0,
72,Hanover County,443441.0,Single Family,439450,2022-02-16T08:25:22.242Z,16426 Tyler Station Rd,Beaverdam,VA,23015,"16426 Tyler Station Rd, Beaverdam, VA 23015",2022-08-06T10:49:30.900Z,Inactive,2022-08-13T15:10:16.518Z,179,2022-02-16T08:25:22.242Z,"16426-Tyler-Station-Rd,-Beaverdam,-VA-23015",37.926922,-77.667177,3.0,3.0,1933.0,2022.0,
73,Hanover County,455638.0,Single Family,775000,2022-05-13T09:46:43.201Z,16137 Daybreak Ln,Beaverdam,VA,23015,"16137 Daybreak Ln, Beaverdam, VA 23015",2022-08-06T08:59:29.199Z,Inactive,2022-08-13T15:03:07.272Z,93,2022-05-13T09:46:43.201Z,"16137-Daybreak-Ln,-Beaverdam,-VA-23015",37.844376,-77.565668,5.0,3.5,4198.0,2006.0,
74,Hanover County,605484.0,Single Family,250000,2022-06-18T05:07:51.302Z,16412 Pinecote Low Moor Ln,Beaverdam,VA,23015,"16412 Pinecote Low Moor Ln, Beaverdam, VA 23015",2022-08-06T08:59:26.748Z,Inactive,2022-08-13T15:03:07.272Z,57,2022-06-18T05:07:51.302Z,"16412-Pinecote-Low-Moor-Ln,-Beaverdam,-VA-23015",37.875396,-77.671399,2.0,1.0,1248.0,1956.0,
75,Hanover County,271727.0,Single Family,360000,2022-06-18T05:21:29.419Z,16402 Horseshoe Ln,Beaverdam,VA,23015,"16402 Horseshoe Ln, Beaverdam, VA 23015",2022-08-06T08:59:26.747Z,Inactive,2022-08-13T15:03:07.272Z,57,2022-06-18T05:21:29.419Z,"16402-Horseshoe-Ln,-Beaverdam,-VA-23015",37.922171,-77.667839,3.0,2.5,2076.0,1976.0,
76,Hanover County,435600.0,Single Family,549950,2022-06-23T12:06:05.241Z,16410 Little River Dr,Beaverdam,VA,23015,"16410 Little River Dr, Beaverdam, VA 23015",2022-08-06T08:59:26.742Z,Inactive,2022-08-13T15:03:07.272Z,52,2022-06-23T12:06:05.241Z,"16410-Little-River-Dr,-Beaverdam,-VA-23015",37.859495,-77.514114,4.0,3.0,3550.0,2003.0,
77,Hanover County,293594.0,Single Family,349950,2022-07-02T08:53:26.349Z,16451 Horseshoe Ln,Beaverdam,VA,23015,"16451 Horseshoe Ln, Beaverdam, VA 23015",2022-08-06T08:59:26.727Z,Inactive,2022-08-13T15:03:07.272Z,43,2022-07-02T08:53:26.349Z,"16451-Horseshoe-Ln,-Beaverdam,-VA-23015",37.922219,-77.672005,3.0,2.5,1611.0,2005.0,
78,Hanover County,126324.0,Single Family,350000,2022-07-08T09:46:23.493Z,16048 Beaver Lake Dr,Beaverdam,VA,23015,"16048 Beaver Lake Dr, Beaverdam, VA 23015",2022-08-06T07:22:32.290Z,Inactive,2022-08-13T14:58:08.634Z,37,2022-07-08T09:46:23.493Z,"16048-Beaver-Lake-Dr,-Beaverdam,-VA-23015",37.938784,-77.646228,4.0,3.0,1860.0,1989.0,
79,Hanover County,435600.0,Single Family,399000,2022-07-14T07:09:15.416Z,17328 Beaver Dam Rd,Beaverdam,VA,23015,"17328 Beaver Dam Rd, Beaverdam, VA 23015",2022-08-06T07:22:32.276Z,Inactive,2022-08-13T14:58:08.634Z,31,2022-07-14T07:09:15.416Z,"17328-Beaver-Dam-Rd,-Beaverdam,-VA-23015",37.88078,-77.678902,5.0,2.0,2004.0,1916.0,
80,Spotsylvania County,59242.0,Single Family,290000,2022-07-13T06:18:17.065Z,2225 Partlow Rd,Beaverdam,VA,23015,"2225 Partlow Rd, Beaverdam, VA 23015",2022-08-06T07:07:42.091Z,Inactive,2022-08-13T14:58:08.634Z,32,2022-07-13T06:18:17.065Z,"2225-Partlow-Rd,-Beaverdam,-VA-23015",38.021442,-77.615534,3.0,2.0,1220.0,2005.0,
81,Hanover County,,Single Family,479999,2022-06-03T06:58:27.650Z,18315 Beaver Dam Rd,Beaverdam,VA,23015,"18315 Beaver Dam Rd, Beaverdam, VA 23015",2022-07-28T12:54:11.237Z,Inactive,2022-08-12T17:49:27.325Z,71,2022-06-03T06:58:27.650Z,"18315-Beaver-Dam-Rd,-Beaverdam,-VA-23015",37.909901,-77.662589,5.0,3.0,3471.0,,
82,Spotsylvania County,,Single Family,225000,2022-06-14T08:36:47.770Z,2807 Partlow Rd,Beaverdam,VA,23015,"2807 Partlow Rd, Beaverdam, VA 23015",2022-07-28T06:19:35.152Z,Inactive,2022-08-12T17:39:05.438Z,60,2022-06-14T08:36:47.770Z,"2807-Partlow-Rd,-Beaverdam,-VA-23015",38.036961,-77.63504,3.0,1.0,1407.0,,
83,Hanover County,,Single Family,800000,2022-05-12T11:43:09.392Z,17252 Tulip Poplar Rd,Beaverdam,VA,23015,"17252 Tulip Poplar Rd, Beaverdam, VA 23015",2022-07-15T11:45:09.846Z,Inactive,2022-08-12T17:08:17.854Z,93,2022-05-12T11:43:09.392Z,"17252-Tulip-Poplar-Rd,-Beaverdam,-VA-23015",37.87964,-77.536088,5.0,,4294.0,,
84,Hanover County,,Single Family,385000,2022-06-02T07:50:40.891Z,13189 Old Ridge Rd,Beaverdam,VA,23015,"13189 Old Ridge Rd, Beaverdam, VA 23015",2022-07-11T07:43:32.522Z,Inactive,2022-08-12T16:56:24.970Z,72,2022-06-02T07:50:40.891Z,"13189-Old-Ridge-Rd,-Beaverdam,-VA-23015",37.865818,-77.549922,3.0,2.0,1976.0,,
85,Hanover County,,Single Family,138000,2022-05-21T05:51:32.163Z,19151 Landora Bridge Rd,Beaverdam,VA,23015,"19151 Landora Bridge Rd, Beaverdam, VA 23015",2022-06-30T06:24:00.800Z,Inactive,2022-08-12T16:34:09.705Z,84,2022-05-21T05:51:32.163Z,"19151-Landora-Bridge-Rd,-Beaverdam,-VA-23015",37.92891,-77.587515,4.0,1.0,1998.0,,
86,Hanover County,,Single Family,630000,2022-04-14T07:59:34.867Z,17094 Whitehouse Farm Dr,Beaverdam,VA,23015,"17094 Whitehouse Farm Dr, Beaverdam, VA 23015",2022-06-18T10:03:10.910Z,Inactive,2022-08-12T16:08:57.669Z,121,2022-04-14T07:59:34.867Z,"17094-Whitehouse-Farm-Dr,-Beaverdam,-VA-23015",37.873387,-77.55187,3.0,2.5,2772.0,,
87,Hanover County,,Single Family,225000,2022-04-03T05:29:53.723Z,17366 Rocky Ford Rd,Beaverdam,VA,23015,"17366 Rocky Ford Rd, Beaverdam, VA 23015",2022-06-18T05:07:51.299Z,Inactive,2022-08-12T16:08:57.669Z,132,2022-04-03T05:29:53.723Z,"17366-Rocky-Ford-Rd,-Beaverdam,-VA-23015",37.891046,-77.697538,2.0,1.0,1089.0,,
88,Hanover County,,Single Family,735000,2022-02-10T10:32:21.117Z,17195 Beaver Dam Rd,Beaverdam,VA,23015,"17195 Beaver Dam Rd, Beaverdam, VA 23015",2022-06-14T11:17:27.295Z,Inactive,2022-08-12T15:58:34.423Z,184,2022-02-10T10:32:21.117Z,"17195-Beaver-Dam-Rd,-Beaverdam,-VA-23015",37.878446,-77.69051,4.0,4.5,3584.0,,
89,Hanover County,,Single Family,250000,2022-05-20T09:00:39.038Z,16369 Little River Dr,Beaverdam,VA,23015,"16369 Little River Dr, Beaverdam, VA 23015",2022-06-09T07:24:39.899Z,Inactive,2022-08-12T15:48:06.636Z,85,2022-05-20T09:00:39.038Z,"16369-Little-River-Dr,-Beaverdam,-VA-23015",37.859354,-77.517726,4.0,2.5,2420.0,,
90,Hanover County,,Single Family,589950,2022-04-21T12:18:55.608Z,17312 Parsons Ridge Rd,Beaverdam,VA,23015,"17312 Parsons Ridge Rd, Beaverdam, VA 23015",2022-06-03T07:11:35.110Z,Inactive,2022-08-12T15:36:43.233Z,114,2022-04-21T12:18:55.608Z,"17312-Parsons-Ridge-Rd,-Beaverdam,-VA-23015",37.877784,-77.642979,4.0,2.5,2656.0,,
91,Hanover County,,Single Family,225000,2022-04-24T06:46:49.260Z,17201 Parsons Rd,Beaverdam,VA,23015,"17201 Parsons Rd, Beaverdam, VA 23015",2022-05-13T07:47:56.028Z,Inactive,2022-08-11T14:50:48.772Z,110,2022-04-24T06:46:49.260Z,"17201-Parsons-Rd,-Beaverdam,-VA-23015",37.901607,-77.690482,2.0,1.0,672.0,,
92,Spotsylvania County,,Land,60000,2022-03-30T09:21:29.576Z,Trible Rd,Beaverdam,VA,23015,"Trible Rd, Beaverdam, VA 23015",2022-05-11T05:38:48.138Z,Inactive,2022-08-10T16:37:26.656Z,134,2022-03-30T09:21:29.576Z,"Trible-Rd,-Beaverdam,-VA-23015",38.0159,-77.67902,,,,,
93,Hanover County,,Single Family,430000,2022-02-12T08:09:12.042Z,12942 Sweet Gum St,Beaverdam,VA,23015,"12942 Sweet Gum St, Beaverdam, VA 23015",2022-04-30T09:32:03.627Z,Inactive,2022-08-10T16:11:15.427Z,180,2022-02-12T08:09:12.042Z,"12942-Sweet-Gum-St,-Beaverdam,-VA-23015",37.876119,-77.53592,5.0,3.0,3188.0,,
94,Hanover County,,Single Family,360000,2022-01-09T06:34:44.494Z,16464 Tyler Station Rd,Beaverdam,VA,23015,"16464 Tyler Station Rd, Beaverdam, VA 23015",2022-04-26T11:38:37.871Z,Inactive,2022-08-10T15:58:40.099Z,214,2022-01-09T06:34:44.494Z,"16464-Tyler-Station-Rd,-Beaverdam,-VA-23015",37.928334,-77.670479,3.0,2.0,1462.0,,
95,Hanover County,,Single Family,269900,2022-03-05T08:15:56.795Z,15261 Rice Rd,Beaverdam,VA,23015,"15261 Rice Rd, Beaverdam, VA 23015",2022-04-25T06:30:44.856Z,Inactive,2022-08-10T15:55:45.419Z,159,2022-03-05T08:15:56.795Z,"15261-Rice-Rd,-Beaverdam,-VA-23015",37.91326,-77.62519,3.0,2.0,1524.0,,
96,Hanover County,,Single Family,550000,2022-04-08T10:30:42.511Z,16004 Parsons Rd,Beaverdam,VA,23015,"16004 Parsons Rd, Beaverdam, VA 23015",2022-04-22T09:35:02.791Z,Inactive,2022-08-10T15:51:30.605Z,125,2022-04-08T10:30:42.511Z,"16004-Parsons-Rd,-Beaverdam,-VA-23015",37.874917,-77.644711,3.0,2.0,2236.0,,
97,Hanover County,,Single Family,415000,2020-09-16T17:14:36.473Z,20499 Beaver Dam Rd,Beaverdam,VA,23015,"20499 Beaver Dam Rd, Beaverdam, VA 23015",2022-04-13T13:35:18.881Z,Inactive,2022-08-10T15:31:55.010Z,693,2020-09-16T17:14:36.473Z,"20499-Beaver-Dam-Rd,-Beaverdam,-VA-23015",37.957698,-77.685662,3.0,2.0,2200.0,,
98,Hanover County,,Single Family,425500,2022-01-10T07:49:52.020Z,16488 Tyler Station Rd,Beaverdam,VA,23015,"16488 Tyler Station Rd, Beaverdam, VA 23015",2022-04-10T06:30:34.411Z,Inactive,2022-08-10T15:24:51.279Z,213,2022-01-10T07:49:52.020Z,"16488-Tyler-Station-Rd,-Beaverdam,-VA-23015",37.929818,-77.674066,3.0,3.0,1933.0,,
99,Hanover County,,Single Family,350000,2022-02-14T06:50:05.837Z,19057 Hollowing Creek Rd,Beaverdam,VA,23015,"19057 Hollowing Creek Rd, Beaverdam, VA 23015",2022-04-08T05:55:28.739Z,Inactive,2022-08-10T15:19:59.888Z,178,2022-02-14T06:50:05.837Z,"19057-Hollowing-Creek-Rd,-Beaverdam,-VA-23015",37.925126,-77.680798,3.0,2.5,1796.0,,
100,Hanover County,,Single Family,350000,2022-03-15T06:52:26.186Z,16116 Tyler Station Rd,Beaverdam,VA,23015,"16116 Tyler Station Rd, Beaverdam, VA 23015",2022-04-07T06:19:35.168Z,Inactive,2022-08-10T15:18:29.406Z,149,2022-03-15T06:52:26.186Z,"16116-Tyler-Station-Rd,-Beaverdam,-VA-23015",37.919934,-77.647269,3.0,2.5,,,
101,Hanover County,,Single Family,775175,2022-01-09T10:11:33.557Z,16450 Tyler Station Rd,Beaverdam,VA,23015,"16450 Tyler Station Rd, Beaverdam, VA 23015",2022-04-01T11:43:38.467Z,Inactive,2022-08-10T15:06:43.033Z,214,2022-01-09T10:11:33.557Z,"16450-Tyler-Station-Rd,-Beaverdam,-VA-23015",37.927725,-77.668691,4.0,4.5,2500.0,,
102,Hanover County,,Single Family,439000,2022-01-28T06:19:30.249Z,20251 Ben Gayle Rd,Beaverdam,VA,23015,"20251 Ben Gayle Rd, Beaverdam, VA 23015",2022-03-30T08:11:27.241Z,Inactive,2022-08-10T14:59:09.829Z,195,2022-01-28T06:19:30.249Z,"20251-Ben-Gayle-Rd,-Beaverdam,-VA-23015",37.960285,-77.665024,4.0,3.5,3244.0,,
103,Hanover County,,Single Family,599950,2021-12-02T11:00:40.737Z,15208 Green Acres Rd,Beaverdam,VA,23015,"15208 Green Acres Rd, Beaverdam, VA 23015",2022-03-19T10:56:38.637Z,Inactive,2022-08-09T21:26:56.188Z,251,2021-12-02T11:00:40.737Z,"15208-Green-Acres-Rd,-Beaverdam,-VA-23015",37.926056,-77.619522,5.0,3.5,3282.0,,
104,Spotsylvania County,,Single Family,359900,2022-02-10T06:55:28.909Z,1700 Caden Ln,Beaverdam,VA,23015,"1700 Caden Ln, Beaverdam, VA 23015",2022-03-19T06:23:33.917Z,Inactive,2022-08-09T21:26:56.188Z,181,2022-02-10T06:55:28.909Z,"1700-Caden-Ln,-Beaverdam,-VA-23015",38.008515,-77.663918,4.0,3.0,1723.0,,
105,Hanover County,,Single Family,675000,2021-11-10T10:46:42.711Z,16501 Pinecote Low Moor Ln,Beaverdam,VA,23015,"16501 Pinecote Low Moor Ln, Beaverdam, VA 23015",2022-03-18T09:52:04.464Z,Inactive,2022-08-09T21:25:27.242Z,273,2021-11-10T10:46:42.711Z,"16501-Pinecote-Low-Moor-Ln,-Beaverdam,-VA-23015",37.879162,-77.676389,5.0,1.5,3283.0,,
106,Hanover County,,Single Family,489900,2022-01-29T10:30:55.441Z,21249 Green Bay Rd,Beaverdam,VA,23015,"21249 Green Bay Rd, Beaverdam, VA 23015",2022-03-18T08:30:28.518Z,Inactive,2022-08-09T21:25:27.242Z,193,2022-01-29T10:30:55.441Z,"21249-Green-Bay-Rd,-Beaverdam,-VA-23015",37.988641,-77.686616,3.0,2.0,,,
107,Hanover County,,Land,224900,2022-02-17T07:44:05.742Z,Green Bay Beaverdam Rd,Beaverdam,VA,23015,"Green Bay Beaverdam Rd, Lot 75, Beaverdam, VA 23015",2022-03-09T05:35:51.775Z,Inactive,2022-08-09T21:04:09.789Z,174,2022-02-17T07:44:05.742Z,"Green-Bay-Beaverdam-Rd,-Lot-75,-Beaverdam,-VA-23015",37.98762232,-77.68511277,,,,,Lot 75
108,Spotsylvania County,,Single Family,299900,2022-01-26T07:16:36.932Z,9946 Tribble Rd,Beaverdam,VA,23015,"9946 Tribble Rd, Beaverdam, VA 23015",2022-03-08T08:31:51.807Z,Inactive,2022-08-09T21:02:35.764Z,196,2022-01-26T07:16:36.932Z,"9946-Tribble-Rd,-Beaverdam,-VA-23015",38.014857,-77.679964,3.0,2.0,1944.0,,
109,Hanover County,,Single Family,599000,2021-11-23T11:21:53.080Z,18162 Teman Rd,Beaverdam,VA,23015,"18162 Teman Rd, Beaverdam, VA 23015",2022-03-01T10:18:16.229Z,Inactive,2022-08-09T20:47:40.387Z,260,2021-11-23T11:21:53.080Z,"18162-Teman-Rd,-Beaverdam,-VA-23015",37.901901,-77.627524,4.0,3.5,2824.0,,
110,Hanover County,,Single Family,74000,2021-09-28T05:23:24.739Z,19177 Halls Hideaway Ln,Beaverdam,VA,23015,"19177 Halls Hideaway Ln, Beaverdam, VA 23015",2022-02-24T06:53:48.172Z,Inactive,2022-08-09T20:36:27.269Z,316,2021-09-28T05:23:24.739Z,"19177-Halls-Hideaway-Ln,-Beaverdam,-VA-23015",37.930379,-77.645758,1.0,1.0,553.0,,
111,Hanover County,,Land,85000,2021-08-16T06:57:45.271Z,Teman Rd,Beaverdam,VA,23015,"Teman Rd, Beaverdam, VA 23015",2022-02-18T05:14:14.465Z,Inactive,2022-08-09T20:26:09.706Z,359,2021-08-16T06:57:45.271Z,"Teman-Rd,-Beaverdam,-VA-23015",37.932528,-77.631615,0.0,,,,
112,Spotsylvania County,,Single Family,329900,2021-09-11T08:55:23.636Z,2302 Delaney Rd,Beaverdam,VA,23015,"2302 Delaney Rd, Beaverdam, VA 23015",2022-02-14T07:26:46.074Z,Inactive,2022-08-09T20:16:35.399Z,333,2021-09-11T08:55:23.636Z,"2302-Delaney-Rd,-Beaverdam,-VA-23015",38.01323,-77.622114,4.0,2.0,1782.0,,
113,Hanover County,,Single Family,455145,2020-09-15T23:07:25.138Z,17284 Burchett Ln,Beaverdam,VA,23015,"17284 Burchett Ln, Beaverdam, VA 23015",2022-01-31T08:21:13.903Z,Inactive,2022-08-09T19:49:56.667Z,693,2020-09-15T23:07:25.138Z,"17284-Burchett-Ln,-Beaverdam,-VA-23015",37.879419,-77.545668,3.0,2.0,2230.0,,
114,Hanover County,,Single Family,244950,2021-12-03T05:43:20.268Z,21146 Green Bay Rd,Beaverdam,VA,23015,"21146 Green Bay Rd, Beaverdam, VA 23015",2022-01-22T05:12:11.558Z,Inactive,2022-08-09T19:35:20.760Z,250,2021-12-03T05:43:20.268Z,"21146-Green-Bay-Rd,-Beaverdam,-VA-23015",37.98266,-77.685514,3.0,2.0,1188.0,,
115,Hanover County,,Single Family,245000,2021-11-27T05:21:24.524Z,13390 Old Ridge Rd,Beaverdam,VA,23015,"13390 Old Ridge Rd, Beaverdam, VA 23015",2022-01-20T05:19:10.949Z,Inactive,2022-08-09T19:30:55.836Z,256,2021-11-27T05:21:24.524Z,"13390-Old-Ridge-Rd,-Beaverdam,-VA-23015",37.876467,-77.558062,3.0,2.0,1224.0,,
116,Spotsylvania County,,Land,150000,2021-12-08T06:38:34.837Z,1831 Butler Rd,Beaverdam,VA,23015,"1831 Butler Rd, Beaverdam, VA 23015",2022-01-18T07:19:14.868Z,Inactive,2022-08-09T19:26:43.000Z,245,2021-12-08T06:38:34.837Z,"1831-Butler-Rd,-Beaverdam,-VA-23015",38.007272,-77.636834,,,,,
117,Hanover County,,Single Family,335000,2021-09-24T15:00:18.007Z,16387 Horseshoe Ln,Beaverdam,VA,23015,"16387 Horseshoe Ln, Beaverdam, VA 23015",2022-01-12T09:23:30.929Z,Inactive,2022-08-09T19:17:04.537Z,320,2021-09-24T15:00:18.007Z,"16387-Horseshoe-Ln,-Beaverdam,-VA-23015",37.919675,-77.666958,3.0,2.0,1862.0,,
118,Hanover County,,Land,449000,2020-09-15T16:48:53.356Z,Old Ridge Rd,Beaverdam,VA,23015,"Old Ridge Rd, Beaverdam, VA 23015",2022-01-06T10:19:07.162Z,Inactive,2022-08-09T19:06:25.530Z,694,2020-09-15T16:48:53.356Z,"Old-Ridge-Rd,-Beaverdam,-VA-23015",37.810149,-77.452189,0.0,2.5,1800.0,,
119,Hanover County,,Single Family,399000,2021-08-08T12:45:17.298Z,12942 E Sweet Gum St,Beaverdam,VA,23015,"12942 E Sweet Gum St, Beaverdam, VA 23015",2022-01-01T08:06:18.551Z,Inactive,2022-08-09T18:57:07.382Z,367,2021-08-08T12:45:17.298Z,"12942-E-Sweet-Gum-St,-Beaverdam,-VA-23015",37.876119,-77.53592,5.0,3.0,3188.0,,
120,Spotsylvania County,,,109900,2020-09-15T11:00:50.967Z,2036 Mount Olive Rd,Beaverdam,VA,23015,"2036 Mount Olive Rd, Beaverdam, VA 23015",2022-01-01T07:18:54.989Z,Inactive,2022-08-09T18:57:07.382Z,694,2020-09-15T11:00:50.967Z,"2036-Mount-Olive-Rd,-Beaverdam,-VA-23015",38.016691,-77.669149,2.0,1.0,,,
121,Spotsylvania County,,,99900,2020-09-15T11:00:50.952Z,9700 Mac Doc Ln,Beaverdam,VA,23015,"9700 Mac Doc Ln, Beaverdam, VA 23015",2022-01-01T07:18:54.985Z,Inactive,2022-08-09T18:57:07.382Z,694,2020-09-15T11:00:50.952Z,"9700-Mac-Doc-Ln,-Beaverdam,-VA-23015",38.017709,-77.668769,2.0,2.0,,,
122,Spotsylvania County,,,99900,2020-09-15T11:00:50.967Z,9704 Mac Doc Ln,Beaverdam,VA,23015,"9704 Mac Doc Ln, Beaverdam, VA 23015",2022-01-01T07:18:54.984Z,Inactive,2022-08-09T18:57:07.382Z,694,2020-09-15T11:00:50.967Z,"9704-Mac-Doc-Ln,-Beaverdam,-VA-23015",38.017423,-77.668005,2.0,2.0,,,
123,Hanover County,,Single Family,575000,2021-09-09T09:27:23.020Z,17291 Burchett Ln,Beaverdam,VA,23015,"17291 Burchett Ln, Beaverdam, VA 23015",2021-12-31T10:57:04.194Z,Inactive,2022-08-09T18:55:32.214Z,335,2021-09-09T09:27:23.020Z,"17291-Burchett-Ln,-Beaverdam,-VA-23015",37.880357,-77.548387,5.0,3.5,3384.0,,
124,Caroline County,,Land,185000,2021-10-28T07:08:57.413Z,Partlow Rd,Beaverdam,VA,23015,"Partlow Rd, Beaverdam, VA 23015",2021-12-31T05:18:51.636Z,Inactive,2022-08-09T18:54:01.501Z,286,2021-10-28T07:08:57.413Z,"Partlow-Rd,-Beaverdam,-VA-23015",38.01243786,-77.6018938,,,,,
125,Louisa County,,Single Family,305000,2021-02-05T10:32:28.829Z,Fox Run Forest Ln,Beaverdam,VA,23015,"Fox Run Forest Ln, Lot 3, Beaverdam, VA 23015",2021-12-23T08:10:04.320Z,Inactive,2022-08-09T18:40:22.920Z,551,2021-02-05T10:32:28.829Z,"Fox-Run-Forest-Ln,-Lot-3,-Beaverdam,-VA-23015",37.9754891,-77.71559268,3.0,2.0,1612.0,,Lot 3
126,Hanover County,,Land,139950,2020-09-17T15:42:39.142Z,12523 New Market Mill Rd,Beaverdam,VA,23015,"12523 New Market Mill Rd, Beaverdam, VA 23015",2021-12-22T05:30:32.302Z,Inactive,2022-08-09T18:37:30.602Z,692,2020-09-17T15:42:39.142Z,"12523-New-Market-Mill-Rd,-Beaverdam,-VA-23015",37.858932,-77.527893,0.0,,,,
127,Spotsylvania County,,Single Family,340000,2021-10-23T06:25:44.986Z,2828 Partlow Rd,Beaverdam,VA,23015,"2828 Partlow Rd, Beaverdam, VA 23015",2021-12-20T06:37:31.078Z,Inactive,2022-08-09T18:30:44.700Z,291,2021-10-23T06:25:44.986Z,"2828-Partlow-Rd,-Beaverdam,-VA-23015",38.037161,-77.637269,3.0,2.5,1684.0,,
128,Hanover County,,Single Family,209950,2021-09-17T08:40:08.277Z,20126 Beaver Dam Rd,Beaverdam,VA,23015,"20126 Beaver Dam Rd, Beaverdam, VA 23015",2021-12-12T07:49:33.038Z,Inactive,2022-08-09T18:12:40.216Z,327,2021-09-17T08:40:08.277Z,"20126-Beaver-Dam-Rd,-Beaverdam,-VA-23015",37.952468,-77.663158,3.0,2.0,1024.0,,
129,Hanover County,,Single Family,395000,2021-10-16T07:48:00.863Z,19208 Landora Bridge Rd,Beaverdam,VA,23015,"19208 Landora Bridge Rd, Beaverdam, VA 23015",2021-12-02T09:55:53.230Z,Inactive,2022-08-09T17:51:26.712Z,298,2021-10-16T07:48:00.863Z,"19208-Landora-Bridge-Rd,-Beaverdam,-VA-23015",37.930637,-77.584592,3.0,2.0,1788.0,,
130,Hanover County,,Single Family,250000,2021-10-22T06:53:49.701Z,17563 Hewlett Rd,Beaverdam,VA,23015,"17563 Hewlett Rd, Beaverdam, VA 23015",2021-11-30T05:01:52.011Z,Inactive,2022-08-09T17:42:21.763Z,292,2021-10-22T06:53:49.701Z,"17563-Hewlett-Rd,-Beaverdam,-VA-23015",37.893512,-77.597473,3.0,1.0,1462.0,,
131,Hanover County,,Single Family,150000,2021-09-04T07:27:31.922Z,17103 Tyler Station Rd,Beaverdam,VA,23015,"17103 Tyler Station Rd, Beaverdam, VA 23015",2021-11-30T05:01:51.990Z,Inactive,2022-08-09T17:42:21.763Z,340,2021-09-04T07:27:31.922Z,"17103-Tyler-Station-Rd,-Beaverdam,-VA-23015",37.931851,-77.685505,3.0,2.0,1848.0,,
132,Louisa County,,Single Family,279950,2021-02-05T10:32:28.827Z,Fox Run Forest Ln,Beaverdam,VA,23015,"Fox Run Forest Ln, Lot 18, Beaverdam, VA 23015",2021-11-29T08:59:21.709Z,Inactive,2022-08-09T17:40:52.213Z,551,2021-02-05T10:32:28.827Z,"Fox-Run-Forest-Ln,-Lot-18,-Beaverdam,-VA-23015",37.97471625,-77.71492181,3.0,2.0,1612.0,,Lot 18
133,Hanover County,,Single Family,229900,2021-10-11T05:30:29.779Z,18344 Teman Rd,Beaverdam,VA,23015,"18344 Teman Rd, Beaverdam, VA 23015",2021-11-29T05:06:01.482Z,Inactive,2022-08-09T17:39:24.991Z,303,2021-10-11T05:30:29.779Z,"18344-Teman-Rd,-Beaverdam,-VA-23015",37.908065,-77.629274,3.0,2.0,1300.0,,
134,Louisa County,,Single Family,285000,2021-04-18T08:31:41.637Z,Fox Run Forest Ln,Beaverdam,VA,23015,"Fox Run Forest Ln, Lot 15, Beaverdam, VA 23015",2021-11-22T08:46:32.611Z,Inactive,2022-08-09T17:28:38.174Z,479,2021-04-18T08:31:41.637Z,"Fox-Run-Forest-Ln,-Lot-15,-Beaverdam,-VA-23015",37.975070014,-77.71360628,3.0,2.0,1601.0,,Lot 15
135,Louisa County,,Single Family,270000,2021-02-19T11:59:07.281Z,Fox Run Forest Ln,Beaverdam,VA,23015,"Fox Run Forest Ln, Lot 5, Beaverdam, VA 23015",2021-11-22T08:46:32.608Z,Inactive,2022-08-09T17:28:38.174Z,537,2021-02-19T11:59:07.281Z,"Fox-Run-Forest-Ln,-Lot-5,-Beaverdam,-VA-23015",37.97596117,-77.7147451,3.0,2.5,1601.0,,Lot 5
136,Louisa County,,Single Family,270000,2021-02-05T10:32:28.837Z,Fox Run Forest Ln,Beaverdam,VA,23015,"Fox Run Forest Ln, Lot 16, Beaverdam, VA 23015",2021-11-18T09:20:17.745Z,Inactive,2022-08-09T17:22:42.947Z,551,2021-02-05T10:32:28.837Z,"Fox-Run-Forest-Ln,-Lot-16,-Beaverdam,-VA-23015",37.97519434,-77.71377951,3.0,2.5,1601.0,,Lot 16
137,Louisa County,,Single Family,314950,2020-12-10T08:35:28.315Z,Fox Run Forest Ln,Beaverdam,VA,23015,"Fox Run Forest Ln, Lot 17, Beaverdam, VA 23015",2021-11-16T08:18:33.935Z,Inactive,2022-08-09T17:14:56.866Z,608,2020-12-10T08:35:28.315Z,"Fox-Run-Forest-Ln,-Lot-17,-Beaverdam,-VA-23015",37.974372302,-77.71409116,3.0,7.0,1876.0,,Lot 17
138,Hanover County,,Single Family,385000,2021-08-08T09:56:59.689Z,16427 Tyler Station Rd,Beaverdam,VA,23015,"16427 Tyler Station Rd, Beaverdam, VA 23015",2021-11-12T10:08:27.522Z,Inactive,2022-08-09T17:07:34.675Z,367,2021-08-08T09:56:59.689Z,"16427-Tyler-Station-Rd,-Beaverdam,-VA-23015",37.925883,-77.667976,4.0,3.0,3088.0,,
139,Hanover County,,Single Family,436860,2021-06-29T11:12:34.829Z,19173 Landora Bridge Rd,Beaverdam,VA,23015,"19173 Landora Bridge Rd, Beaverdam, VA 23015",2021-10-28T09:39:52.588Z,Inactive,2022-08-09T16:28:49.749Z,407,2021-06-29T11:12:34.829Z,"19173-Landora-Bridge-Rd,-Beaverdam,-VA-23015",37.929999,-77.587337,3.0,3.0,2178.0,,
140,Hanover County,,Single Family,379990,2021-09-09T06:54:29.451Z,13063 Noel Rd,Beaverdam,VA,23015,"13063 Noel Rd, Beaverdam, VA 23015",2021-10-28T08:00:23.993Z,Inactive,2022-08-09T16:28:49.749Z,335,2021-09-09T06:54:29.451Z,"13063-Noel-Rd,-Beaverdam,-VA-23015",37.906096,-77.543224,4.0,2.5,2221.0,,
141,Louisa County,,Single Family,375000,2020-12-03T23:36:32.964Z,Fox Run Forest Ln,Beaverdam,VA,23015,"Fox Run Forest Ln, Lot 13, Beaverdam, VA 23015",2021-10-26T11:17:15.779Z,Inactive,2022-08-09T16:24:37.657Z,614,2020-12-03T23:36:32.964Z,"Fox-Run-Forest-Ln,-Lot-13,-Beaverdam,-VA-23015",37.975883826,-77.71319985,4.0,2.5,2350.0,,Lot 13
142,Spotsylvania County,,Single Family,699900,2021-07-11T13:46:31.320Z,1320 Log Cabin Rd,Beaverdam,VA,23015,"1320 Log Cabin Rd, Beaverdam, VA 23015",2021-10-26T07:44:03.423Z,Inactive,2022-08-09T16:23:12.237Z,395,2021-07-11T13:46:31.320Z,"1320-Log-Cabin-Rd,-Beaverdam,-VA-23015",37.994576,-77.642367,3.0,2.5,3142.0,,
143,Hanover County,,Single Family,480000,2021-05-16T08:36:49.710Z,17257 Rocky Ford Rd,Beaverdam,VA,23015,"17257 Rocky Ford Rd, Beaverdam, VA 23015",2021-10-25T11:36:37.508Z,Inactive,2022-08-09T16:21:46.343Z,451,2021-05-16T08:36:49.710Z,"17257-Rocky-Ford-Rd,-Beaverdam,-VA-23015",37.883859,-77.697415,3.0,2.5,1662.0,,
144,Louisa County,,Single Family,250000,2020-12-03T22:40:34.258Z,Fox Run Forest Ln,Beaverdam,VA,23015,"Fox Run Forest Ln, Lot 2, Beaverdam, VA 23015",2021-10-25T08:12:14.285Z,Inactive,2022-08-09T16:20:05.058Z,614,2020-12-03T22:40:34.258Z,"Fox-Run-Forest-Ln,-Lot-2,-Beaverdam,-VA-23015",37.974971333,-77.71608594,3.0,2.5,1601.0,,Lot 2
145,Spotsylvania County,,Single Family,375000,2020-09-15T11:00:50.952Z,2005 Country Rd,Beaverdam,VA,23015,"2005 Country Rd, Beaverdam, VA 23015",2021-10-22T07:37:21.369Z,Inactive,2022-08-09T16:15:24.406Z,694,2020-09-15T11:00:50.952Z,"2005-Country-Rd,-Beaverdam,-VA-23015",38.014214,-77.62194,3.0,2.5,2016.0,,
146,Hanover County,,Land,180000,2020-09-15T03:38:04.368Z,Verdon Woods Ct NW,Beaverdam,VA,23015,"Verdon Woods Ct NW, Beaverdam, VA 23015",2021-10-22T06:53:49.685Z,Inactive,2022-08-09T16:15:24.406Z,694,2020-09-15T03:38:04.368Z,"Verdon-Woods-Ct-NW,-Beaverdam,-VA-23015",37.93269,-77.60119,,,,,
147,Louisa County,,Single Family,299950,2020-12-09T10:35:54.826Z,Fox Run Forest Ln,Beaverdam,VA,23015,"Fox Run Forest Ln, Lot 7, Beaverdam, VA 23015",2021-10-08T07:09:25.737Z,Inactive,2022-08-09T15:44:27.065Z,609,2020-12-09T10:35:54.826Z,"Fox-Run-Forest-Ln,-Lot-7,-Beaverdam,-VA-23015",37.97651084,-77.71395886,3.0,2.5,2013.0,,Lot 7
148,Caroline County,,Land,289559,2020-10-03T09:10:41.465Z,Anderson Ml,Beaverdam,VA,23015,"Anderson Ml, Beaverdam, VA 23015",2021-10-01T06:49:07.864Z,Inactive,2022-08-09T15:26:56.062Z,676,2020-10-03T09:10:41.465Z,"Anderson-Ml,-Beaverdam,-VA-23015",37.98516,-77.61556,,,,,
149,Spotsylvania County,,Land,99000,2021-02-02T05:38:31.850Z,Butler Rd,Beaverdam,VA,23015,"Butler Rd, Beaverdam, VA 23015",2021-10-01T05:27:33.444Z,Inactive,2022-08-09T15:26:56.062Z,554,2021-02-02T05:38:31.850Z,"Butler-Rd,-Beaverdam,-VA-23015",38.003975,-77.635507,0.0,,,,
150,Hanover County,,Land,85000,2021-06-16T05:14:49.190Z,16473 Horseshoe Ln,Beaverdam,VA,23015,"16473 Horseshoe Ln, Beaverdam, VA 23015",2021-09-30T06:23:19.028Z,Inactive,2022-08-09T15:22:31.035Z,420,2021-06-16T05:14:49.190Z,"16473-Horseshoe-Ln,-Beaverdam,-VA-23015",37.924139,-77.673171,0.0,,,,
151,Hanover County,,Single Family,504950,2021-07-11T10:19:39.601Z,15411 Beaver Den Ln,Beaverdam,VA,23015,"15411 Beaver Den Ln, Beaverdam, VA 23015",2021-09-20T10:45:08.446Z,Inactive,2022-08-09T14:56:19.308Z,395,2021-07-11T10:19:39.601Z,"15411-Beaver-Den-Ln,-Beaverdam,-VA-23015",37.957689,-77.64138,4.0,2.5,3306.0,,
152,Spotsylvania County,,Single Family,575000,2021-06-16T10:37:43.273Z,2745 Mount Olive Rd,Beaverdam,VA,23015,"2745 Mount Olive Rd, Beaverdam, VA 23015",2021-09-15T13:25:23.914Z,Inactive,2022-08-08T19:56:29.811Z,419,2021-06-16T10:37:43.273Z,"2745-Mount-Olive-Rd,-Beaverdam,-VA-23015",38.035172,-77.642102,4.0,2.0,1400.0,,
153,Hanover County,,Land,299950,2020-09-15T23:15:20.188Z,15016 Verdon Rd,Beaverdam,VA,23015,"15016 Verdon Rd, Beaverdam, VA 23015",2021-09-08T07:04:35.746Z,Inactive,2022-08-08T19:39:15.673Z,692,2020-09-15T23:15:20.188Z,"15016-Verdon-Rd,-Beaverdam,-VA-23015",37.933371,-77.604547,0.0,,,,
154,Hanover County,,Single Family,429900,2021-06-25T10:27:39.678Z,17308 Burchett Ln,Beaverdam,VA,23015,"17308 Burchett Ln, Beaverdam, VA 23015",2021-09-04T07:52:29.485Z,Inactive,2022-08-08T19:39:15.673Z,410,2021-06-25T10:27:39.678Z,"17308-Burchett-Ln,-Beaverdam,-VA-23015",37.882553,-77.54478,4.0,2.0,1900.0,,
155,Caroline County,,Single Family,95000,2021-06-14T07:17:08.423Z,20007 Anderson Mill Rd,Beaverdam,VA,23015,"20007 Anderson Mill Rd, Beaverdam, VA 23015",2021-09-04T05:16:09.463Z,Inactive,2022-08-08T19:37:53.274Z,421,2021-06-14T07:17:08.423Z,"20007-Anderson-Mill-Rd,-Beaverdam,-VA-23015",37.99125,-77.609952,3.0,2.0,790.0,,
156,Louisa County,,Single Family,259950,2020-12-10T08:35:28.304Z,Fox Run Forest Ln,Beaverdam,VA,23015,"Fox Run Forest Ln, Lot 6, Beaverdam, VA 23015",2021-08-19T09:18:10.898Z,Inactive,2022-08-08T18:59:10.244Z,607,2020-12-10T08:35:28.304Z,"Fox-Run-Forest-Ln,-Lot-6,-Beaverdam,-VA-23015",37.97613969,-77.71449899,3.0,2.0,1600.0,,Lot 6
157,Spotsylvania County,,Land,349000,2021-03-25T09:41:54.326Z,B Mt Olive Rd,Beaverdam,VA,23015,"B Mt Olive Rd, Beaverdam, VA 23015",2021-08-12T13:42:31.837Z,Inactive,2022-08-08T18:45:19.501Z,502,2021-03-25T09:41:54.326Z,"B-Mt-Olive-Rd,-Beaverdam,-VA-23015",38.02196164,-77.65954294,,,,,
158,Hanover County,,Single Family,389000,2021-07-30T06:40:26.853Z,16101 Union Church Rd,Beaverdam,VA,23015,"16101 Union Church Rd, Beaverdam, VA 23015",2021-08-12T10:00:04.882Z,Inactive,2022-08-08T18:42:24.216Z,375,2021-07-30T06:40:26.853Z,"16101-Union-Church-Rd,-Beaverdam,-VA-23015",37.94905,-77.646708,4.0,3.0,1933.0,,
159,Hanover County,,Single Family,349000,2021-06-05T09:15:07.430Z,17401 Hewlett Rd,Beaverdam,VA,23015,"17401 Hewlett Rd, Beaverdam, VA 23015",2021-08-12T10:00:04.843Z,Inactive,2022-08-08T18:42:24.216Z,430,2021-06-05T09:15:07.430Z,"17401-Hewlett-Rd,-Beaverdam,-VA-23015",37.887956,-77.598853,3.0,3.0,2074.0,,
160,Spotsylvania County,,Single Family,424900,2020-10-01T07:35:14.377Z,1711 Caden Ln,Beaverdam,VA,23015,"1711 Caden Ln, Beaverdam, VA 23015",2021-08-08T11:04:53.798Z,Inactive,2022-08-08T18:36:35.522Z,677,2020-10-01T07:35:14.377Z,"1711-Caden-Ln,-Beaverdam,-VA-23015",38.009379,-77.662446,4.0,2.5,2206.0,,
161,Spotsylvania County,,Single Family,299999,2021-06-05T10:49:12.270Z,1817 Wildlife Run Rd,Beaverdam,VA,23015,"1817 Wildlife Run Rd, Beaverdam, VA 23015",2021-08-08T07:11:38.836Z,Inactive,2022-08-08T18:34:49.836Z,430,2021-06-05T10:49:12.270Z,"1817-Wildlife-Run-Rd,-Beaverdam,-VA-23015",38.009429,-77.630707,3.0,2.0,1574.0,,
162,Caroline County,,Single Family,369900,2021-06-16T08:02:24.761Z,18536 Partlow Rd,Beaverdam,VA,23015,"18536 Partlow Rd, Beaverdam, VA 23015",2021-07-31T07:05:23.305Z,Inactive,2022-08-06T19:25:18.077Z,417,2021-06-16T08:02:24.761Z,"18536-Partlow-Rd,-Beaverdam,-VA-23015",38.008407,-77.603379,5.0,3.0,2202.0,,
163,Caroline County,,Land,135900,2021-06-14T07:17:08.428Z,Shockey Ln,Beaverdam,VA,23015,"Shockey Ln, Beaverdam, VA 23015",2021-07-30T08:29:12.298Z,Inactive,2022-08-06T19:28:05.015Z,419,2021-06-14T07:17:08.428Z,"Shockey-Ln,-Beaverdam,-VA-23015",37.98499306,-77.63107714,,,,,
164,Hanover County,,Single Family,389000,2021-05-16T06:45:00.076Z,16205 Trainham Rd,Beaverdam,VA,23015,"16205 Trainham Rd, Beaverdam, VA 23015",2021-07-27T08:48:05.822Z,Inactive,2022-08-06T19:30:52.509Z,448,2021-05-16T06:45:00.076Z,"16205-Trainham-Rd,-Beaverdam,-VA-23015",37.939797,-77.657198,3.0,2.0,2260.0,,
165,Hanover County,,Single Family,389000,2020-09-15T03:38:04.364Z,Union Church Rd,Beaverdam,VA,23015,"Union Church Rd, Beaverdam, VA 23015",2021-07-27T08:48:05.821Z,Inactive,2022-08-06T19:30:52.509Z,691,2020-09-15T03:38:04.364Z,"Union-Church-Rd,-Beaverdam,-VA-23015",37.94905,-77.646708,4.0,3.0,1933.0,,
166,Hanover County,,Single Family,250000,2021-05-12T06:50:36.780Z,17045 Annfield Rd,Beaverdam,VA,23015,"17045 Annfield Rd, Beaverdam, VA 23015",2021-07-27T06:51:40.333Z,Inactive,2022-08-06T19:32:13.150Z,452,2021-05-12T06:50:36.780Z,"17045-Annfield-Rd,-Beaverdam,-VA-23015",37.866755,-77.599154,3.0,2.0,1248.0,,
167,Caroline County,,Single Family,209900,2021-05-30T07:29:11.866Z,20289 Anderson Mill Rd,Beaverdam,VA,23015,"20289 Anderson Mill Rd, Beaverdam, VA 23015",2021-07-19T06:43:44.189Z,Inactive,2022-08-06T20:45:33.989Z,434,2021-05-30T07:29:11.866Z,"20289-Anderson-Mill-Rd,-Beaverdam,-VA-23015",37.985044,-77.614211,3.0,2.0,936.0,,
168,Hanover County,,Single Family,1600000,2021-04-18T11:40:44.317Z,18332 Shiloh Church Rd,Beaverdam,VA,23015,"18332 Shiloh Church Rd, Beaverdam, VA 23015",2021-07-11T10:37:20.348Z,Inactive,2022-08-06T23:07:05.029Z,476,2021-04-18T11:40:44.317Z,"18332-Shiloh-Church-Rd,-Beaverdam,-VA-23015",37.910405,-77.69865,3.0,2.5,2297.0,,
169,Hanover County,,Single Family,470000,2020-12-18T14:38:07.136Z,15453 Coatesville Rd,Beaverdam,VA,23015,"15453 Coatesville Rd, Beaverdam, VA 23015",2021-07-11T07:52:54.618Z,Inactive,2022-08-06T23:09:45.615Z,597,2020-12-18T14:38:07.136Z,"15453-Coatesville-Rd,-Beaverdam,-VA-23015",37.831638,-77.603198,5.0,2.5,2296.0,,
170,Hanover County,,Single Family,472500,2021-06-16T09:17:20.505Z,12434 New Market Mill Rd,Beaverdam,VA,23015,"12434 New Market Mill Rd, Beaverdam, VA 23015",2021-07-06T11:45:00.452Z,Inactive,2022-08-07T15:02:37.613Z,418,2021-06-16T09:17:20.505Z,"12434-New-Market-Mill-Rd,-Beaverdam,-VA-23015",37.861935,-77.526597,5.0,3.5,3350.0,,
171,Hanover County,,Single Family,349950,2021-05-16T06:45:00.047Z,17553 Circuit Rider Dr,Beaverdam,VA,23015,"17553 Circuit Rider Dr, Beaverdam, VA 23015",2021-06-30T07:31:16.845Z,Inactive,2022-08-07T15:39:59.274Z,449,2021-05-16T06:45:00.047Z,"17553-Circuit-Rider-Dr,-Beaverdam,-VA-23015",37.887991,-77.646703,3.0,2.0,1700.0,,
172,Hanover County,,Single Family,436860,2021-03-25T05:51:02.534Z,Landora Bridge Rd,Beaverdam,VA,23015,"Landora Bridge Rd, Beaverdam, VA 23015",2021-06-28T07:01:54.405Z,Inactive,2022-08-07T15:56:12.158Z,501,2021-03-25T05:51:02.534Z,"Landora-Bridge-Rd,-Beaverdam,-VA-23015",37.929999,-77.587337,3.0,3.0,2178.0,,
173,Hanover County,,Single Family,391500,2020-09-15T03:38:04.357Z,16161 Pug Swamp Ln,Beaverdam,VA,23015,"16161 Pug Swamp Ln, Beaverdam, VA 23015",2021-06-27T11:57:52.283Z,Inactive,2022-08-07T15:56:12.158Z,692,2020-09-15T03:38:04.357Z,"16161-Pug-Swamp-Ln,-Beaverdam,-VA-23015",37.948826,-77.652169,3.0,2.5,1933.0,,
174,Caroline County,,Single Family,335000,2021-05-30T08:29:33.322Z,20507 Anderson Mill Rd,Beaverdam,VA,23015,"20507 Anderson Mill Rd, Beaverdam, VA 23015",2021-06-23T06:12:18.949Z,Inactive,2022-08-07T16:21:11.831Z,435,2021-05-30T08:29:33.322Z,"20507-Anderson-Mill-Rd,-Beaverdam,-VA-23015",37.980506,-77.616471,3.0,2.0,1456.0,,
175,Spotsylvania County,,Single Family,424900,2021-04-18T08:58:36.335Z,5 Caden Ln,Beaverdam,VA,23015,"5 Caden Ln, Beaverdam, VA 23015",2021-05-16T10:38:51.124Z,Inactive,2022-08-07T19:17:29.712Z,477,2021-04-18T08:58:36.335Z,"5-Caden-Ln,-Beaverdam,-VA-23015",38.01001,-77.66326,4.0,2.5,2206.0,,
176,Spotsylvania County,,,400000,2021-05-12T10:32:08.085Z,10020 Tribble Rd,Beaverdam,VA,23015,"10020 Tribble Rd, Beaverdam, VA 23015",2021-05-16T10:38:51.100Z,Inactive,2022-08-07T19:17:29.712Z,453,2021-05-12T10:32:08.085Z,"10020-Tribble-Rd,-Beaverdam,-VA-23015",38.014801,-77.68552,3.0,2.0,2652.0,,
177,Hanover County,,Single Family,649500,2021-04-18T10:22:26.180Z,15424 Beaver Den Ln,Beaverdam,VA,23015,"15424 Beaver Den Ln, Beaverdam, VA 23015",2021-05-16T10:35:20.642Z,Inactive,2022-08-07T19:17:29.712Z,477,2021-04-18T10:22:26.180Z,"15424-Beaver-Den-Ln,-Beaverdam,-VA-23015",37.958725,-77.645586,4.0,3.5,3780.0,,
178,Hanover County,,Single Family,614900,2021-03-25T08:55:10.137Z,17169 Beaver Dam Rd,Beaverdam,VA,23015,"17169 Beaver Dam Rd, Beaverdam, VA 23015",2021-05-16T10:35:20.634Z,Inactive,2022-08-07T19:17:29.712Z,501,2021-03-25T08:55:10.137Z,"17169-Beaver-Dam-Rd,-Beaverdam,-VA-23015",37.876403,-77.690751,3.0,2.5,2272.0,,
179,Hanover County,,Single Family,482000,2021-04-18T10:20:30.952Z,12939 Sweet Gum St,Beaverdam,VA,23015,"12939 Sweet Gum St, Beaverdam, VA 23015",2021-05-16T09:45:32.741Z,Inactive,2022-08-07T19:22:51.135Z,477,2021-04-18T10:20:30.952Z,"12939-Sweet-Gum-St,-Beaverdam,-VA-23015",37.874798,-77.536425,4.0,3.5,3150.0,,
180,Hanover County,,Single Family,429000,2021-05-12T07:09:36.013Z,17595 Circuit Rider Dr,Beaverdam,VA,23015,"17595 Circuit Rider Dr, Beaverdam, VA 23015",2021-05-16T08:36:49.708Z,Inactive,2022-08-07T19:32:18.491Z,453,2021-05-12T07:09:36.013Z,"17595-Circuit-Rider-Dr,-Beaverdam,-VA-23015",37.88979,-77.646684,4.0,2.5,2820.0,,
181,Hanover County,,Single Family,389000,2021-05-12T06:59:38.802Z,17257 Tulip Poplar Rd,Beaverdam,VA,23015,"17257 Tulip Poplar Rd, Beaverdam, VA 23015",2021-05-16T06:45:00.081Z,Inactive,2022-08-07T19:37:30.483Z,453,2021-05-12T06:59:38.802Z,"17257-Tulip-Poplar-Rd,-Beaverdam,-VA-23015",37.880668,-77.538315,4.0,2.5,2314.0,,
182,Louisa County,,Single Family,337995,2021-04-18T08:40:19.156Z,17 Fox Run Forest Ln,Beaverdam,VA,23015,"17 Fox Run Forest Ln, Beaverdam, VA 23015",2021-05-12T10:24:20.525Z,Inactive,2022-08-08T18:20:58.354Z,478,2021-04-18T08:40:19.156Z,"17-Fox-Run-Forest-Ln,-Beaverdam,-VA-23015",37.97482,-77.716703,3.0,2.0,1741.0,,
183,Hanover County,,Single Family,1350000,2021-02-16T11:46:52.460Z,17335 Tiswood Dr,Beaverdam,VA,23015,"17335 Tiswood Dr, Beaverdam, VA 23015",2021-04-20T10:56:23.964Z,Inactive,2022-08-08T17:51:43.384Z,539,2021-02-16T11:46:52.460Z,"17335-Tiswood-Dr,-Beaverdam,-VA-23015",37.883454,-77.537125,7.0,7.5,8361.0,,
184,Hanover County,,Single Family,789000,2020-09-20T02:54:00.237Z,21230 Green Bay Rd,Beaverdam,VA,23015,"21230 Green Bay Rd, Beaverdam, VA 23015",2021-04-20T10:14:57.633Z,Inactive,2022-08-08T17:48:44.822Z,688,2020-09-20T02:54:00.237Z,"21230-Green-Bay-Rd,-Beaverdam,-VA-23015",37.985941,-77.684398,5.0,4.5,8400.0,,
185,Hanover County,,Single Family,499999,2021-02-26T10:40:01.382Z,17181 Katy Ln,Beaverdam,VA,23015,"17181 Katy Ln, Beaverdam, VA 23015",2021-04-20T10:01:15.372Z,Inactive,2022-08-08T17:48:44.822Z,529,2021-02-26T10:40:01.382Z,"17181-Katy-Ln,-Beaverdam,-VA-23015",37.86957,-77.575144,4.0,3.5,3108.0,,
186,Hanover County,,Single Family,335000,2020-09-15T16:48:53.358Z,18264 Shiloh Church Rd,Beaverdam,VA,23015,"18264 Shiloh Church Rd, Beaverdam, VA 23015",2021-04-20T09:43:03.918Z,Inactive,2022-08-08T17:47:29.495Z,693,2020-09-15T16:48:53.358Z,"18264-Shiloh-Church-Rd,-Beaverdam,-VA-23015",37.908854,-77.704589,3.0,2.0,1462.0,,
187,Louisa County,,Single Family,314950,2021-04-20T09:03:01.608Z,Fox Run Forest Ln,Beaverdam,VA,23015,"Fox Run Forest Ln, Beaverdam, VA 23015",2021-04-20T09:03:01.608Z,Inactive,2022-08-08T17:44:54.366Z,476,2021-04-20T09:03:01.608Z,"Fox-Run-Forest-Ln,-Beaverdam,-VA-23015",37.97566736,-77.71620581,3.0,2.0,1876.0,,
188,Hanover County,,Single Family,449900,2021-02-26T10:10:17.508Z,17263 Burchett Ln,Beaverdam,VA,23015,"17263 Burchett Ln, Beaverdam, VA 23015",2021-03-27T09:10:06.452Z,Inactive,2022-08-08T17:21:20.228Z,529,2021-02-26T10:10:17.508Z,"17263-Burchett-Ln,-Beaverdam,-VA-23015",37.87851,-77.547258,5.0,2.5,2926.0,,
189,Caroline County,,Single Family,270000,2021-02-05T08:09:22.686Z,19803 Anderson Mill Rd,Beaverdam,VA,23015,"19803 Anderson Mill Rd, Beaverdam, VA 23015",2021-03-27T08:56:09.823Z,Inactive,2022-08-08T17:21:20.228Z,550,2021-02-05T08:09:22.686Z,"19803-Anderson-Mill-Rd,-Beaverdam,-VA-23015",37.990755,-77.608798,3.0,2.0,1068.0,,
190,Hanover County,,Single Family,201000,2021-01-31T05:50:19.573Z,16142 Beaverdam School Rd,Beaverdam,VA,23015,"16142 Beaverdam School Rd, Beaverdam, VA 23015",2021-03-27T07:32:57.990Z,Inactive,2022-08-08T17:18:17.185Z,555,2021-01-31T05:50:19.573Z,"16142-Beaverdam-School-Rd,-Beaverdam,-VA-23015",37.939534,-77.649958,4.0,2.5,2696.0,,
191,Hanover County,,Single Family,379950,2021-02-05T05:37:08.512Z,12406 New Market Mill Rd,Beaverdam,VA,23015,"12406 New Market Mill Rd, Beaverdam, VA 23015",2021-03-15T07:42:55.990Z,Inactive,2022-08-08T17:05:59.441Z,550,2021-02-05T05:37:08.512Z,"12406-New-Market-Mill-Rd,-Beaverdam,-VA-23015",37.864306,-77.524914,3.0,2.5,2028.0,,
192,Hanover County,,Single Family,479950,2021-02-17T10:41:01.475Z,17215 English Walnut Rd,Beaverdam,VA,23015,"17215 English Walnut Rd, Beaverdam, VA 23015",2021-03-14T08:20:47.609Z,Inactive,2022-08-08T16:43:12.041Z,538,2021-02-17T10:41:01.475Z,"17215-English-Walnut-Rd,-Beaverdam,-VA-23015",37.878029,-77.535182,4.0,,3715.0,,
193,Spotsylvania County,,Single Family,224900,2020-10-06T10:56:15.159Z,1813 Wildlife Run Rd,Beaverdam,VA,23015,"1813 Wildlife Run Rd, Beaverdam, VA 23015",2021-03-07T06:27:36.079Z,Inactive,2022-08-08T16:33:21.534Z,672,2020-10-06T10:56:15.159Z,"1813-Wildlife-Run-Rd,-Beaverdam,-VA-23015",38.008602,-77.631725,3.0,2.0,1344.0,,
194,Hanover County,,Land,607000,2020-09-20T02:49:24.103Z,19250 Beaver Dam Rd,Beaverdam,VA,23015,"19250 Beaver Dam Rd, Beaverdam, VA 23015",2021-03-06T11:52:52.810Z,Inactive,2022-08-08T16:19:00.889Z,688,2020-09-20T02:49:24.103Z,"19250-Beaver-Dam-Rd,-Beaverdam,-VA-23015",37.934792,-77.65681,0.0,,,,
195,Hanover County,,Single Family,423000,2020-12-09T08:09:26.944Z,17410 Jericho Dr,Beaverdam,VA,23015,"17410 Jericho Dr, Beaverdam, VA 23015",2021-03-06T11:21:23.388Z,Inactive,2022-08-08T16:19:00.889Z,608,2020-12-09T08:09:26.944Z,"17410-Jericho-Dr,-Beaverdam,-VA-23015",37.881949,-77.645937,5.0,2.5,3085.0,,
196,Hanover County,,Single Family,199950,2021-01-31T05:50:19.573Z,20789 Beaver Dam Rd,Beaverdam,VA,23015,"20789 Beaver Dam Rd, Beaverdam, VA 23015",2021-03-05T06:01:52.883Z,Inactive,2022-08-08T16:14:35.472Z,555,2021-01-31T05:50:19.573Z,"20789-Beaver-Dam-Rd,-Beaverdam,-VA-23015",37.967268,-77.700154,3.0,2.0,1144.0,,
197,Hanover County,,Land,117000,2020-09-23T11:53:54.055Z,Hewlett Rd,Beaverdam,VA,23015,"Hewlett Rd, Lot 1, Beaverdam, VA 23015",2021-03-05T06:01:52.853Z,Inactive,2022-08-08T16:14:35.472Z,685,2020-09-23T11:53:54.055Z,"Hewlett-Rd,-Lot-1,-Beaverdam,-VA-23015",37.902611,-77.588626,0.0,2.5,2130.0,,Lot 1
198,Louisa County,,Single Family,559700,2020-12-20T08:50:21.847Z,224 Fox Run Forest Ln,Beaverdam,VA,23015,"224 Fox Run Forest Ln, Beaverdam, VA 23015",2021-03-02T10:27:25.212Z,Inactive,2022-08-08T16:07:34.935Z,597,2020-12-20T08:50:21.847Z,"224-Fox-Run-Forest-Ln,-Beaverdam,-VA-23015",37.976903,-77.710999,4.0,2.5,2233.0,,
199,Hanover County,,Single Family,292000,2021-02-05T05:32:26.416Z,19464 Beaver Dam Rd,Beaverdam,VA,23015,"19464 Beaver Dam Rd, Beaverdam, VA 23015",2021-03-02T08:54:01.724Z,Inactive,2022-08-08T16:07:34.935Z,550,2021-02-05T05:32:26.416Z,"19464-Beaver-Dam-Rd,-Beaverdam,-VA-23015",37.945648,-77.653974,3.0,2.0,,,
200,Spotsylvania County,,Single Family,384900,2020-09-15T18:15:27.252Z,1733 Caden Ln,Beaverdam,VA,23015,"1733 Caden Ln, Beaverdam, VA 23015",2021-03-01T10:52:50.273Z,Inactive,2022-08-08T16:04:28.630Z,692,2020-09-15T18:15:27.252Z,"1733-Caden-Ln,-Beaverdam,-VA-23015",38.009627,-77.663092,4.0,2.5,2206.0,,
201,Spotsylvania County,,Land,49000,2020-10-02T08:46:51.643Z,2069 Mt Olive Rd,Beaverdam,VA,23015,"2069 Mt Olive Rd, Beaverdam, VA 23015",2021-03-01T07:54:10.080Z,Inactive,2022-08-08T16:03:01.272Z,676,2020-10-02T08:46:51.643Z,"2069-Mt-Olive-Rd,-Beaverdam,-VA-23015",38.015968,-77.666118,,,,,
202,Spotsylvania County,,Single Family,395000,2020-09-25T11:22:04.559Z,1711 Butler Rd,Beaverdam,VA,23015,"1711 Butler Rd, Beaverdam, VA 23015",2021-02-28T10:22:45.544Z,Inactive,2022-08-08T16:03:01.272Z,683,2020-09-25T11:22:04.559Z,"1711-Butler-Rd,-Beaverdam,-VA-23015",38.002569,-77.639587,3.0,2.5,2212.0,,
203,Caroline County,,Land,269000,2020-09-15T06:27:48.097Z,4 Parcel 64,Beaverdam,VA,23015,"4 Parcel 64, Beaverdam, VA 23015",2021-02-28T07:57:41.698Z,Inactive,2022-08-08T16:01:41.226Z,693,2020-09-15T06:27:48.097Z,"4-Parcel-64,-Beaverdam,-VA-23015",37.97881222,-77.63137159,,,,,
204,Caroline County,,Single Family,657900,2020-11-21T09:41:57.928Z,1118 Trivette Rd,Beaverdam,VA,23015,"1118 Trivette Rd, Beaverdam, VA 23015",2021-02-24T08:55:22.810Z,Inactive,2022-08-08T15:53:43.989Z,626,2020-11-21T09:41:57.928Z,"1118-Trivette-Rd,-Beaverdam,-VA-23015",37.989338,-77.628686,5.0,3.5,3743.0,,
205,Hanover County,,Single Family,599000,2020-12-06T10:16:13.591Z,16203 Union Church Rd,Beaverdam,VA,23015,"16203 Union Church Rd, Beaverdam, VA 23015",2021-02-18T09:14:16.406Z,Inactive,2022-08-08T15:42:20.501Z,611,2020-12-06T10:16:13.591Z,"16203-Union-Church-Rd,-Beaverdam,-VA-23015",37.943594,-77.645431,4.0,4.0,3419.0,,
206,Hanover County,,Single Family,245000,2020-10-12T06:11:46.322Z,16140 Trainham Rd,Beaverdam,VA,23015,"16140 Trainham Rd, Beaverdam, VA 23015",2021-02-13T05:52:34.370Z,Inactive,2022-08-08T15:35:26.846Z,666,2020-10-12T06:11:46.322Z,"16140-Trainham-Rd,-Beaverdam,-VA-23015",37.939216,-77.651859,3.0,2.0,1196.0,,
207,Spotsylvania County,,Single Family,227500,2020-09-30T08:03:21.904Z,2032 Mount Olive Rd,Beaverdam,VA,23015,"2032 Mount Olive Rd, Beaverdam, VA 23015",2021-02-12T06:51:03.819Z,Inactive,2022-08-08T15:32:52.218Z,678,2020-09-30T08:03:21.904Z,"2032-Mount-Olive-Rd,-Beaverdam,-VA-23015",38.015969,-77.669633,3.0,2.0,1288.0,,
208,Hanover County,,Single Family,460000,2020-12-05T08:31:20.235Z,16492 Little River Dr,Beaverdam,VA,23015,"16492 Little River Dr, Beaverdam, VA 23015",2021-02-06T07:27:22.806Z,Inactive,2022-08-08T15:30:16.460Z,612,2020-12-05T08:31:20.235Z,"16492-Little-River-Dr,-Beaverdam,-VA-23015",37.864738,-77.513333,3.0,3.0,2688.0,,
209,Hanover County,,Single Family,79500,2020-11-12T09:19:05.292Z,16263 Railway Ln,Beaverdam,VA,23015,"16263 Railway Ln, Beaverdam, VA 23015",2021-01-22T05:40:43.173Z,Inactive,2022-08-08T15:25:07.984Z,635,2020-11-12T09:19:05.292Z,"16263-Railway-Ln,-Beaverdam,-VA-23015",37.94381,-77.66154,3.0,2.0,1774.0,,
210,Hanover County,,Single Family,338500,2020-12-04T08:08:00.050Z,17563 Tyler Station Rd,Beaverdam,VA,23015,"17563 Tyler Station Rd, Beaverdam, VA 23015",2021-01-16T06:18:30.571Z,Inactive,2022-08-08T15:21:02.582Z,613,2020-12-04T08:08:00.050Z,"17563-Tyler-Station-Rd,-Beaverdam,-VA-23015",37.94966,-77.7029,3.0,2.0,1978.0,,
211,Hanover County,,Land,142850,2020-10-17T06:13:28.816Z,New Found Rd,Beaverdam,VA,23015,"New Found Rd, Beaverdam, VA 23015",2021-01-16T05:41:50.653Z,Inactive,2022-08-08T15:21:02.582Z,661,2020-10-17T06:13:28.816Z,"New-Found-Rd,-Beaverdam,-VA-23015",37.811275,-77.505639,0.0,,,,
212,Spotsylvania County,,Single Family,355000,2020-12-28T11:20:01.498Z,2024 Mount Olive Rd,Beaverdam,VA,23015,"2024 Mount Olive Rd, Beaverdam, VA 23015",2021-01-15T08:48:41.385Z,Inactive,2022-08-08T15:10:35.246Z,589,2020-12-28T11:20:01.498Z,"2024-Mount-Olive-Rd,-Beaverdam,-VA-23015",38.01718,-77.670261,3.0,2.0,1800.0,,
213,Spotsylvania County,,Single Family,299900,2020-09-15T13:46:40.957Z,Caden Ln,Beaverdam,VA,23015,"Caden Ln, Beaverdam, VA 23015",2021-01-15T08:29:38.927Z,Inactive,2022-08-08T15:10:35.246Z,693,2020-09-15T13:46:40.957Z,"Caden-Ln,-Beaverdam,-VA-23015",38.01001,-77.66322,4.0,3.0,1723.0,,
214,Hanover County,,Land,380000,2020-09-15T23:15:20.183Z,19176 Halls Hideaway Ln,Beaverdam,VA,23015,"19176 Halls Hideaway Ln, Beaverdam, VA 23015",2021-01-04T09:17:01.569Z,Inactive,2022-08-08T15:06:45.761Z,692,2020-09-15T23:15:20.183Z,"19176-Halls-Hideaway-Ln,-Beaverdam,-VA-23015",37.92824,-77.644961,0.0,,,,
215,Louisa County,,Land,38000,2020-10-29T05:41:14.352Z,Fox Run Forest Ln,Beaverdam,VA,23015,"Fox Run Forest Ln, Lot 14, Beaverdam, VA 23015",2021-01-04T07:45:50.759Z,Inactive,2022-08-08T15:05:07.056Z,649,2020-10-29T05:41:14.352Z,"Fox-Run-Forest-Ln,-Lot-14,-Beaverdam,-VA-23015",37.974251,-77.715817,,,,,Lot 14
216,Hanover County,,Single Family,525000,2020-09-20T02:49:24.102Z,17140 White Pine Rd,Beaverdam,VA,23015,"17140 White Pine Rd, Beaverdam, VA 23015",2020-12-28T11:40:05.004Z,Inactive,2022-08-07T23:24:45.795Z,687,2020-09-20T02:49:24.102Z,"17140-White-Pine-Rd,-Beaverdam,-VA-23015",37.871349,-77.544468,5.0,3.0,3590.0,,
217,Spotsylvania County,,Single Family,409900,2020-12-03T22:14:19.658Z,9716 Winding River Dr,Beaverdam,VA,23015,"9716 Winding River Dr, Beaverdam, VA 23015",2020-12-28T11:35:49.042Z,Inactive,2022-08-07T23:24:45.795Z,613,2020-12-03T22:14:19.658Z,"9716-Winding-River-Dr,-Beaverdam,-VA-23015",38.007325,-77.674843,3.0,2.0,1756.0,,
218,Spotsylvania County,,Single Family,299900,2020-11-21T10:11:34.804Z,2334 Mount Olive Rd,Beaverdam,VA,23015,"2334 Mount Olive Rd, Beaverdam, VA 23015",2020-12-28T09:59:45.784Z,Inactive,2022-08-07T23:20:54.868Z,625,2020-11-21T10:11:34.804Z,"2334-Mount-Olive-Rd,-Beaverdam,-VA-23015",38.02441,-77.658947,4.0,2.5,1722.0,,
219,Hanover County,,Single Family,267950,2020-11-04T07:35:15.448Z,16514 Coatesville Rd,Beaverdam,VA,23015,"16514 Coatesville Rd, Beaverdam, VA 23015",2020-12-28T08:54:35.434Z,Inactive,2022-08-07T23:19:37.402Z,642,2020-11-04T07:35:15.448Z,"16514-Coatesville-Rd,-Beaverdam,-VA-23015",37.864901,-77.603665,3.0,3.0,1821.0,,
220,Hanover County,,Single Family,360000,2020-11-14T08:05:52.257Z,0 Union Union Church Rd,Beaverdam,VA,23015,"0 Union Union Church Rd, Beaverdam, VA 23015",2020-12-25T06:33:15.223Z,Inactive,2022-08-07T23:17:07.665Z,632,2020-11-14T08:05:52.257Z,"0-Union-Union-Church-Rd,-Beaverdam,-VA-23015",37.94905,-77.646708,4.0,2.0,1864.0,,
221,Hanover County,,Single Family,699000,2020-10-23T11:38:08.074Z,18079 Shiloh Church Rd,Beaverdam,VA,23015,"18079 Shiloh Church Rd, Beaverdam, VA 23015",2020-12-21T11:43:56.994Z,Inactive,2022-08-07T23:09:45.005Z,654,2020-10-23T11:38:08.074Z,"18079-Shiloh-Church-Rd,-Beaverdam,-VA-23015",37.900386,-77.709914,3.0,1.0,1575.0,,
222,Caroline County,,Single Family,549900,2020-11-09T07:22:12.986Z,19654 Chilesburg Rd,Beaverdam,VA,23015,"19654 Chilesburg Rd, Beaverdam, VA 23015",2020-12-17T09:15:42.831Z,Inactive,2022-08-07T23:03:21.235Z,637,2020-11-09T07:22:12.986Z,"19654-Chilesburg-Rd,-Beaverdam,-VA-23015",37.995804,-77.618647,3.0,2.5,2468.0,,
223,Caroline County,,Single Family,349000,2020-09-15T06:27:48.110Z,2112 Sizer Rd,Beaverdam,VA,23015,"2112 Sizer Rd, Beaverdam, VA 23015",2020-12-14T09:40:00.512Z,Inactive,2022-08-07T22:54:51.229Z,692,2020-09-15T06:27:48.110Z,"2112-Sizer-Rd,-Beaverdam,-VA-23015",37.983628,-77.612492,3.0,2.0,1668.0,,
224,Hanover County,,Single Family,324900,2020-09-15T23:07:25.134Z,19263 Hartley Rd,Beaverdam,VA,23015,"19263 Hartley Rd, Beaverdam, VA 23015",2020-12-10T09:40:22.875Z,Inactive,2022-08-07T22:49:48.425Z,691,2020-09-15T23:07:25.134Z,"19263-Hartley-Rd,-Beaverdam,-VA-23015",37.935256,-77.599238,3.0,1.0,1275.0,,
225,Hanover County,,Single Family,299000,2020-09-15T16:48:53.360Z,20368 Beaver Dam Rd,Beaverdam,VA,23015,"20368 Beaver Dam Rd, Beaverdam, VA 23015",2020-12-07T07:02:36.825Z,Inactive,2022-08-07T22:42:31.048Z,692,2020-09-15T16:48:53.360Z,"20368-Beaver-Dam-Rd,-Beaverdam,-VA-23015",37.955978,-77.673487,4.0,1.0,1792.0,,
226,Hanover County,,Single Family,448000,2020-09-25T12:33:34.942Z,17029 Little River Dr,Beaverdam,VA,23015,"17029 Little River Dr, Beaverdam, VA 23015",2020-12-04T09:37:02.238Z,Inactive,2022-08-07T22:40:04.297Z,682,2020-09-25T12:33:34.942Z,"17029-Little-River-Dr,-Beaverdam,-VA-23015",37.866189,-77.517833,4.0,2.5,3004.0,,
227,Spotsylvania County,,Single Family,699900,2020-09-15T22:33:02.302Z,1735 Log Cabin Rd,Beaverdam,VA,23015,"1735 Log Cabin Rd, Beaverdam, VA 23015",2020-11-27T10:47:52.552Z,Inactive,2022-08-07T22:29:58.377Z,691,2020-09-15T22:33:02.302Z,"1735-Log-Cabin-Rd,-Beaverdam,-VA-23015",38.00696,-77.654369,3.0,2.0,2206.0,,
228,Hanover County,,Single Family,525000,2020-09-20T02:49:24.101Z,16177 Pug Swamp Ln,Beaverdam,VA,23015,"16177 Pug Swamp Ln, Beaverdam, VA 23015",2020-11-27T10:44:30.325Z,Inactive,2022-08-07T22:29:58.377Z,687,2020-09-20T02:49:24.101Z,"16177-Pug-Swamp-Ln,-Beaverdam,-VA-23015",37.95047,-77.655923,4.0,3.5,3666.0,,
229,Hanover County,,Single Family,159950,2020-09-15T03:38:04.363Z,17328 Hewlett Rd,Beaverdam,VA,23015,"17328 Hewlett Rd, Beaverdam, VA 23015",2020-11-27T07:15:38.134Z,Inactive,2022-08-07T22:27:32.868Z,692,2020-09-15T03:38:04.363Z,"17328-Hewlett-Rd,-Beaverdam,-VA-23015",37.883259,-77.60138,3.0,2.0,960.0,,
230,Hanover County,,Single Family,425000,2020-10-05T09:35:02.406Z,17648 Circuit Rider Dr,Beaverdam,VA,23015,"17648 Circuit Rider Dr, Beaverdam, VA 23015",2020-11-21T09:07:57.895Z,Inactive,2022-08-07T22:17:12.887Z,672,2020-10-05T09:35:02.406Z,"17648-Circuit-Rider-Dr,-Beaverdam,-VA-23015",37.892694,-77.646904,4.0,2.5,3000.0,,
231,Hanover County,,Single Family,645000,2020-09-20T02:54:00.234Z,12364 New Market Mill Rd,Beaverdam,VA,23015,"12364 New Market Mill Rd, Beaverdam, VA 23015",2020-11-18T11:29:08.935Z,Inactive,2022-08-07T22:09:43.810Z,687,2020-09-20T02:54:00.234Z,"12364-New-Market-Mill-Rd,-Beaverdam,-VA-23015",37.866433,-77.525007,4.0,,3670.0,,
232,Hanover County,,Single Family,525000,2020-09-20T02:49:24.099Z,19102 Woodsons Mill Rd,Beaverdam,VA,23015,"19102 Woodsons Mill Rd, Beaverdam, VA 23015",2020-11-17T11:59:38.331Z,Inactive,2022-08-07T22:08:27.017Z,687,2020-09-20T02:49:24.099Z,"19102-Woodsons-Mill-Rd,-Beaverdam,-VA-23015",37.92229,-77.69063,3.0,2.5,2838.0,,
233,Hanover County,,Single Family,749950,2020-09-20T02:54:00.237Z,18295 Hewlett Rd,Beaverdam,VA,23015,"18295 Hewlett Rd, Beaverdam, VA 23015",2020-11-14T09:39:57.380Z,Inactive,2022-08-07T22:02:59.876Z,687,2020-09-20T02:54:00.237Z,"18295-Hewlett-Rd,-Beaverdam,-VA-23015",37.906728,-77.589068,4.0,3.5,4660.0,,
234,Hanover County,,Single Family,349950,2020-09-15T23:07:25.134Z,18104 Pets Ln,Beaverdam,VA,23015,"18104 Pets Ln, Beaverdam, VA 23015",2020-11-14T08:05:52.239Z,Inactive,2022-08-07T22:02:59.876Z,691,2020-09-15T23:07:25.134Z,"18104-Pets-Ln,-Beaverdam,-VA-23015",37.898495,-77.670678,3.0,2.0,1530.0,,
235,Spotsylvania County,,Single Family,275000,2020-09-18T08:34:12.481Z,1621 Butler Rd,Beaverdam,VA,23015,"1621 Butler Rd, Beaverdam, VA 23015",2020-11-14T07:23:01.072Z,Inactive,2022-08-07T22:02:59.876Z,689,2020-09-18T08:34:12.481Z,"1621-Butler-Rd,-Beaverdam,-VA-23015",38.002624,-77.643546,3.0,2.0,1422.0,,
236,Hanover County,,Single Family,100000,2020-10-06T06:57:26.112Z,17360 Hewlett Rd,Beaverdam,VA,23015,"17360 Hewlett Rd, Beaverdam, VA 23015",2020-11-12T09:19:05.301Z,Inactive,2022-08-07T21:59:16.123Z,671,2020-10-06T06:57:26.112Z,"17360-Hewlett-Rd,-Beaverdam,-VA-23015",37.88414,-77.599668,4.0,2.0,1004.0,,
237,Hanover County,,Single Family,369500,2020-09-15T23:07:25.137Z,17080 Whitehouse Farm Dr,Beaverdam,VA,23015,"17080 Whitehouse Farm Dr, Beaverdam, VA 23015",2020-11-09T08:13:24.889Z,Inactive,2022-08-07T21:52:58.772Z,691,2020-09-15T23:07:25.137Z,"17080-Whitehouse-Farm-Dr,-Beaverdam,-VA-23015",37.870458,-77.553201,4.0,2.5,2296.0,,
238,Spotsylvania County,,Single Family,519900,2020-09-15T22:22:57.041Z,1629 Log Cabin Rd,Beaverdam,VA,23015,"1629 Log Cabin Rd, Beaverdam, VA 23015",2020-11-06T11:08:25.548Z,Inactive,2022-08-07T21:48:55.330Z,691,2020-09-15T22:22:57.041Z,"1629-Log-Cabin-Rd,-Beaverdam,-VA-23015",38.003094,-77.653153,4.0,5.0,3392.0,,
239,Hanover County,,Single Family,225000,2020-09-17T06:04:33.244Z,14231 Verdon Rd,Beaverdam,VA,23015,"14231 Verdon Rd, Beaverdam, VA 23015",2020-11-05T05:56:24.253Z,Inactive,2022-08-07T21:46:28.264Z,690,2020-09-17T06:04:33.244Z,"14231-Verdon-Rd,-Beaverdam,-VA-23015",37.924858,-77.586044,3.0,1.5,1000.0,,
240,Hanover County,,Single Family,479000,2020-09-20T02:30:19.180Z,17193 White Pine Rd,Beaverdam,VA,23015,"17193 White Pine Rd, Beaverdam, VA 23015",2020-11-02T11:47:32.668Z,Inactive,2022-08-07T21:40:27.846Z,687,2020-09-20T02:30:19.180Z,"17193-White-Pine-Rd,-Beaverdam,-VA-23015",37.874594,-77.545888,4.0,,3320.0,,
241,Spotsylvania County,,Single Family,569900,2020-10-07T12:00:51.777Z,2227 Country Rd,Beaverdam,VA,23015,"2227 Country Rd, Beaverdam, VA 23015",2020-10-29T12:01:29.446Z,Inactive,2022-08-07T21:32:56.510Z,670,2020-10-07T12:00:51.777Z,"2227-Country-Rd,-Beaverdam,-VA-23015",38.020565,-77.619914,6.0,6.5,7163.0,,
242,Hanover County,,Single Family,349900,2020-09-15T23:07:25.142Z,15452 Beaver Den Ln,Beaverdam,VA,23015,"15452 Beaver Den Ln, Beaverdam, VA 23015",2020-10-28T10:34:59.036Z,Inactive,2022-08-07T21:30:30.450Z,691,2020-09-15T23:07:25.142Z,"15452-Beaver-Den-Ln,-Beaverdam,-VA-23015",37.954433,-77.654995,3.0,2.5,2052.0,,
243,Hanover County,,Single Family,339950,2020-09-15T23:07:25.131Z,16173 Pug Swamp Ln,Beaverdam,VA,23015,"16173 Pug Swamp Ln, Beaverdam, VA 23015",2020-10-28T09:46:12.713Z,Inactive,2022-08-07T21:30:30.450Z,691,2020-09-15T23:07:25.131Z,"16173-Pug-Swamp-Ln,-Beaverdam,-VA-23015",37.950089,-77.654965,4.0,3.0,1933.0,,
244,Spotsylvania County,,Land,75000,2020-09-15T11:00:50.950Z,1425 Log Cabin Rd,Beaverdam,VA,23015,"1425 Log Cabin Rd, Beaverdam, VA 23015",2020-10-27T06:35:31.011Z,Inactive,2022-08-07T21:28:07.690Z,692,2020-09-15T11:00:50.950Z,"1425-Log-Cabin-Rd,-Beaverdam,-VA-23015",37.999331,-77.644665,0.0,,,,
245,Hanover County,,Single Family,250000,2020-09-15T14:26:51.661Z,18117 Beaver Dam Rd,Beaverdam,VA,23015,"18117 Beaver Dam Rd, Beaverdam, VA 23015",2020-10-23T10:11:49.602Z,Inactive,2022-08-07T21:22:00.531Z,692,2020-09-15T14:26:51.661Z,"18117-Beaver-Dam-Rd,-Beaverdam,-VA-23015",37.900381,-77.661829,4.0,2.0,1936.0,,
246,Hanover County,,Single Family,625000,2020-09-20T02:54:00.234Z,17300 Parsons Ridge Rd,Beaverdam,VA,23015,"17300 Parsons Ridge Rd, Beaverdam, VA 23015",2020-10-21T10:27:27.405Z,Inactive,2022-08-07T21:18:04.350Z,687,2020-09-20T02:54:00.234Z,"17300-Parsons-Ridge-Rd,-Beaverdam,-VA-23015",37.876639,-77.643792,5.0,3.5,3541.0,,
247,Hanover County,,Single Family,325000,2020-09-16T17:14:36.471Z,16362 Tyler Station Rd,Beaverdam,VA,23015,"16362 Tyler Station Rd, Beaverdam, VA 23015",2020-10-16T08:40:21.192Z,Inactive,2022-08-07T21:08:20.869Z,691,2020-09-16T17:14:36.471Z,"16362-Tyler-Station-Rd,-Beaverdam,-VA-23015",37.925257,-77.663039,5.0,3.0,2628.0,,
248,Louisa County,,Single Family,197500,2020-09-30T08:35:55.615Z,2635 Bumpass Rd,Beaverdam,VA,23015,"2635 Bumpass Rd, Beaverdam, VA 23015",2020-10-07T08:35:11.221Z,Inactive,2022-08-07T20:50:53.288Z,677,2020-09-30T08:35:55.615Z,"2635-Bumpass-Rd,-Beaverdam,-VA-23015",37.97549444,-77.71871033,3.0,2.0,1219.0,,
249,Louisa County,,Single Family,219950,2020-09-30T08:35:55.617Z,2581 Bumpass Rd,Beaverdam,VA,23015,"2581 Bumpass Rd, Beaverdam, VA 23015",2020-10-05T10:18:45.656Z,Inactive,2022-08-07T20:47:18.565Z,677,2020-09-30T08:35:55.617Z,"2581-Bumpass-Rd,-Beaverdam,-VA-23015",37.975927,-77.719331,3.0,2.0,1404.0,,
250,Louisa County,,Single Family,198950,2020-09-30T08:35:55.631Z,2657 Bumpass Rd,Beaverdam,VA,23015,"2657 Bumpass Rd, Beaverdam, VA 23015",2020-10-05T10:18:45.647Z,Inactive,2022-08-07T20:47:18.565Z,677,2020-09-30T08:35:55.631Z,"2657-Bumpass-Rd,-Beaverdam,-VA-23015",37.975507,-77.718391,3.0,2.0,1200.0,,
251,Spotsylvania County,,Land,350000,2020-10-01T07:48:00.822Z,2400 Mt Olive Rd,Beaverdam,VA,23015,"2400 Mt Olive Rd, Beaverdam, VA 23015",2020-10-02T11:59:24.928Z,Inactive,2022-08-07T20:44:55.307Z,676,2020-10-01T07:48:00.822Z,"2400-Mt-Olive-Rd,-Beaverdam,-VA-23015",38.03307,-77.661997,,,,,
252,Hanover County,,Single Family,235000,2020-09-15T14:26:51.657Z,Trainham Rd,Beaverdam,VA,23015,"Trainham Rd, Beaverdam, VA 23015",2020-10-02T09:24:54.112Z,Inactive,2022-08-07T20:43:45.276Z,692,2020-09-15T14:26:51.657Z,"Trainham-Rd,-Beaverdam,-VA-23015",37.939216,-77.651859,3.0,2.0,1196.0,,
253,Hanover County,,Single Family,500000,2020-09-20T02:49:24.098Z,15124 Taylor Rd,Beaverdam,VA,23015,"15124 Taylor Rd, Beaverdam, VA 23015",2020-09-30T11:27:43.131Z,Inactive,2022-08-07T20:36:35.867Z,687,2020-09-20T02:49:24.098Z,"15124-Taylor-Rd,-Beaverdam,-VA-23015",37.84922,-77.617405,4.0,2.0,2622.0,,
254,Hanover County,,Single Family,204500,2020-09-15T03:38:04.367Z,19200 Woodsons Mill Rd,Beaverdam,VA,23015,"19200 Woodsons Mill Rd, Beaverdam, VA 23015",2020-09-30T06:11:42.524Z,Inactive,2022-08-07T20:35:06.729Z,692,2020-09-15T03:38:04.367Z,"19200-Woodsons-Mill-Rd,-Beaverdam,-VA-23015",37.926935,-77.687115,3.0,1.0,1008.0,,
255,Louisa County,,Single Family,219950,2020-09-15T20:09:31.228Z,2581 Bumpass Rd,Louisa,VA,23015,"2581 Bumpass Rd, Louisa, VA 23015",2020-09-29T12:47:16.996Z,Inactive,2022-08-07T20:33:53.627Z,692,2020-09-15T20:09:31.228Z,"2581-Bumpass-Rd,-Louisa,-VA-23015",37.975927,-77.719331,3.0,2.0,1404.0,,
256,Louisa County,,Single Family,198950,2020-09-15T20:09:31.230Z,2657 Bumpass Rd,Louisa,VA,23015,"2657 Bumpass Rd, Louisa, VA 23015",2020-09-29T12:47:16.992Z,Inactive,2022-08-07T20:33:53.627Z,692,2020-09-15T20:09:31.230Z,"2657-Bumpass-Rd,-Louisa,-VA-23015",37.975507,-77.718391,3.0,2.0,1200.0,,
257,Louisa County,,Single Family,197500,2020-09-15T20:09:31.218Z,2635 Bumpass Rd,Louisa,VA,23015,"2635 Bumpass Rd, Louisa, VA 23015",2020-09-29T12:47:16.991Z,Inactive,2022-08-07T20:33:53.627Z,692,2020-09-15T20:09:31.218Z,"2635-Bumpass-Rd,-Louisa,-VA-23015",37.969558166,-77.70318457,3.0,2.0,1219.0,,
258,Hanover County,,Land,299950,2020-09-15T16:48:53.364Z,20365 Beaver Dam Rd,Beaverdam,VA,23015,"20365 Beaver Dam Rd, Beaverdam, VA 23015",2020-09-22T10:35:04.545Z,Inactive,2022-08-07T20:21:42.434Z,692,2020-09-15T16:48:53.364Z,"20365-Beaver-Dam-Rd,-Beaverdam,-VA-23015",37.953396,-77.679405,,,,,
259,Hanover County,,Single Family,277500,2020-09-15T14:26:51.667Z,18211 Shiloh Church Rd,Beaverdam,VA,23015,"18211 Shiloh Church Rd, Beaverdam, VA 23015",2020-09-16T13:00:42.596Z,Inactive,2022-08-07T20:13:32.241Z,692,2020-09-15T14:26:51.667Z,"18211-Shiloh-Church-Rd,-Beaverdam,-VA-23015",37.905041,-77.704495,4.0,2.0,1708.0,,
260,Hanover County,,Land,125000,2020-09-15T03:38:04.358Z,Breedens Rd,Beaverdam,VA,23015,"Breedens Rd, Beaverdam, VA 23015",2020-09-16T12:43:36.011Z,Inactive,2022-08-07T20:13:32.241Z,692,2020-09-15T03:38:04.358Z,"Breedens-Rd,-Beaverdam,-VA-23015",37.825449,-77.475262,0.0,,,,
