,bedrooms,price,county,propertyType,addressLine1,city,state,zipCode,formattedAddress,lastSeen,listedDate,status,removedDate,daysOnMarket,createdDate,lotSize,id,latitude,longitude,bathrooms,squareFootage,yearBuilt
0,0.0,153700,Hanover County,Land,Verdon Rd,Doswell,VA,23047,"Verdon Rd, Doswell, VA 23047",2022-11-17T10:29:45.074Z,2021-11-15T13:56:52.000Z,Active,,367,2020-10-06T06:57:26.118Z,448668.0,"Verdon-Rd,-Doswell,-VA-23047",37.892584,-77.525776,,,
1,0.0,400000,Hanover County,Land,Old Ridge Rd,Doswell,VA,23047,"Old Ridge Rd, Doswell, VA 23047",2022-11-17T10:10:43.439Z,2022-08-25T16:04:09.000Z,Active,,84,2020-09-15T03:38:04.366Z,1829520.0,"Old-Ridge-Rd,-Doswell,-VA-23047",37.822868,-77.488943,,,
2,5.0,2200000,Hanover County,Single Family,18185 Narrow Path Trl,Doswell,VA,23047,"18185 Narrow Path Trl, Doswell, VA 23047",2022-11-17T09:59:32.661Z,2022-09-23T04:32:36.000Z,Active,,56,2020-09-20T02:54:00.241Z,435687.0,"18185-Narrow-Path-Trl,-Doswell,-VA-23047",37.906134,-77.535539,4.0,7680.0,2010.0
3,4.0,628900,Hanover County,Single Family,Horseshoe Bridge Rd,Doswell,VA,23047,"Horseshoe Bridge Rd, Doswell, VA 23047",2022-11-17T09:59:32.652Z,2022-10-11T18:04:32.000Z,Active,,37,2022-10-06T10:22:26.789Z,125409.0,"Horseshoe-Bridge-Rd,-Doswell,-VA-23047",37.817704,-77.548959,2.5,2713.0,2022.0
4,3.0,309900,Hanover County,Single Family,16180 Short Cut Rd,Doswell,VA,23047,"16180 Short Cut Rd, Doswell, VA 23047",2022-11-17T09:59:32.637Z,2022-11-02T04:32:15.000Z,Active,,16,2022-02-23T06:09:37.359Z,40598.0,"16180-Short-Cut-Rd,-Doswell,-VA-23047",37.847004,-77.463101,2.0,1760.0,1952.0
5,0.0,450000,Hanover County,Land,11082 Mount Hope Church Rd,Doswell,VA,23047,"11082 Mount Hope Church Rd, Doswell, VA 23047",2022-11-03T10:04:43.993Z,2022-07-27T20:55:24.000Z,Inactive,2022-11-10T14:51:50.740Z,106,2022-01-12T09:24:50.761Z,1263240.0,"11082-Mount-Hope-Church-Rd,-Doswell,-VA-23047",37.85273,-77.474157,,,
6,4.0,550000,Hanover County,Single Family,13540 Chase Ln,Doswell,VA,23047,"13540 Chase Ln, Doswell, VA 23047",2022-10-30T08:29:26.787Z,2022-10-06T04:32:32.000Z,Inactive,2022-11-06T14:53:11.921Z,32,2022-10-06T10:22:26.789Z,226643.0,"13540-Chase-Ln,-Doswell,-VA-23047",37.812827,-77.558895,3.5,3002.0,2004.0
7,4.0,1035000,Hanover County,Single Family,16085 Rocketts Mill Rd,Doswell,VA,23047,"16085 Rocketts Mill Rd, Doswell, VA 23047",2022-10-24T10:13:06.000Z,2022-10-06T21:52:28.000Z,Inactive,2022-10-31T14:56:20.840Z,25,2022-10-07T10:29:15.491Z,479160.0,"16085-Rocketts-Mill-Rd,-Doswell,-VA-23047",37.842011,-77.54287,3.5,4274.0,2006.0
8,3.0,479900,Hanover County,Single Family,16314 Rocketts Mill Rd,Doswell,VA,23047,"16314 Rocketts Mill Rd, Doswell, VA 23047",2022-10-21T11:18:37.968Z,2022-08-30T04:32:54.000Z,Inactive,2022-10-28T14:58:07.155Z,60,2022-08-30T10:15:48.427Z,43560.0,"16314-Rocketts-Mill-Rd,-Doswell,-VA-23047",37.851639,-77.531905,3.0,3255.0,1999.0
9,4.0,125000,Hanover County,Single Family,15073 Blunts Bridge Rd,Doswell,VA,23047,"15073 Blunts Bridge Rd, Doswell, VA 23047",2022-10-05T09:59:56.583Z,2022-09-13T13:38:11.000Z,Inactive,2022-10-12T14:53:59.455Z,30,2022-09-14T08:06:16.999Z,79279.0,"15073-Blunts-Bridge-Rd,-Doswell,-VA-23047",37.814957,-77.517556,4.0,2464.0,1973.0
10,3.0,259000,Hanover County,Single Family,11095 Richards Rd,Doswell,VA,23047,"11095 Richards Rd, Doswell, VA 23047",2022-09-25T09:51:07.118Z,2022-09-21T14:13:31.000Z,Inactive,2022-10-02T14:53:07.877Z,12,2022-09-22T08:23:34.134Z,112820.0,"11095-Richards-Rd,-Doswell,-VA-23047",37.866079,-77.476334,1.0,1056.0,1960.0
11,4.0,739900,Hanover County,Single Family,Hanover Junction Ln,Doswell,VA,23047,"Hanover Junction Ln, Doswell, VA 23047",2022-08-31T10:15:31.873Z,2022-04-27T14:55:24.000Z,Inactive,2022-09-07T14:49:00.043Z,133,2022-07-26T13:49:19.541Z,560312.0,"Hanover-Junction-Ln,-Doswell,-VA-23047",37.857818,-77.499926,2.5,2777.0,2022.0
12,4.0,185000,Hanover County,Land,Mount Hope Church Rd,Doswell,VA,23047,"Mount Hope Church Rd, Doswell, VA 23047",2022-08-06T08:59:29.187Z,2021-07-27T09:43:42.555Z,Inactive,2022-08-13T15:03:07.272Z,383,2021-07-27T09:43:42.555Z,531606.0,"Mount-Hope-Church-Rd,-Doswell,-VA-23047",37.867774,-77.49636,2.5,2663.0,
13,0.0,200000,Hanover County,Land,15175 Taliaferro Ln,Doswell,VA,23047,"15175 Taliaferro Ln, Doswell, VA 23047",2022-08-06T08:59:26.724Z,2022-07-02T06:19:51.810Z,Inactive,2022-08-13T15:03:07.272Z,43,2022-07-02T06:19:51.810Z,303613.0,"15175-Taliaferro-Ln,-Doswell,-VA-23047",37.819602,-77.578733,,,
14,,43000,Hanover County,Land,Mary Lee Dr,Doswell,VA,23047,"Mary Lee Dr, Doswell, VA 23047",2022-08-06T06:20:51.696Z,2021-04-06T08:22:50.867Z,Inactive,2022-08-13T14:55:37.469Z,495,2021-04-06T08:22:50.867Z,53113.0,"Mary-Lee-Dr,-Doswell,-VA-23047",37.82876774,-77.38061107,,,
15,3.0,249950,Hanover County,Single Family,11000 Verdon Rd,Doswell,VA,23047,"11000 Verdon Rd, Doswell, VA 23047",2022-08-06T06:20:51.688Z,2022-08-05T05:32:29.031Z,Inactive,2022-08-13T14:55:37.469Z,9,2022-08-05T05:32:29.031Z,36155.0,"11000-Verdon-Rd,-Doswell,-VA-23047",37.866103,-77.471044,2.0,1414.0,1955.0
16,4.0,395000,Hanover County,Single Family,16480 Bullfield Rd,Doswell,VA,23047,"16480 Bullfield Rd, Doswell, VA 23047",2022-08-06T06:20:51.687Z,2022-08-05T05:32:29.028Z,Inactive,2022-08-13T14:55:37.469Z,9,2022-08-05T05:32:29.028Z,122839.0,"16480-Bullfield-Rd,-Doswell,-VA-23047",37.861153,-77.449934,2.5,2043.0,2002.0
17,3.0,165000,Hanover County,Single Family,14040 W Patrick Henry Rd,Doswell,VA,23047,"14040 W Patrick Henry Rd, Doswell, VA 23047",2022-08-05T08:11:25.563Z,2022-06-08T06:54:53.101Z,Inactive,2022-08-12T17:58:47.827Z,66,2022-06-08T06:54:53.101Z,46783.0,"14040-W-Patrick-Henry-Rd,-Doswell,-VA-23047",37.81538,-77.577148,2.0,1568.0,1754.0
18,4.0,848500,Hanover County,Single Family,15187 Whitetail Hollow Ct,Doswell,VA,23047,"15187 Whitetail Hollow Ct, Doswell, VA 23047",2022-07-28T13:01:47.149Z,2021-01-22T05:40:43.182Z,Inactive,2022-08-12T17:49:27.325Z,568,2021-01-22T05:40:43.182Z,,"15187-Whitetail-Hollow-Ct,-Doswell,-VA-23047",37.824212,-77.496253,3.5,3350.0,
19,4.0,260000,Caroline County,Single Family,31251 Sadie Ln,Doswell,VA,23047,"31251 Sadie Ln, Doswell, VA 23047",2022-07-28T06:40:18.747Z,2022-07-17T10:39:40.372Z,Inactive,2022-08-12T17:39:05.438Z,27,2022-07-17T10:39:40.372Z,,"31251-Sadie-Ln,-Doswell,-VA-23047",37.834563,-77.386789,2.0,1559.0,
20,4.0,485000,Hanover County,Single Family,15189 Fawn Hollow Trl,Doswell,VA,23047,"15189 Fawn Hollow Trl, Doswell, VA 23047",2022-07-24T11:19:15.423Z,2022-06-11T09:38:34.511Z,Inactive,2022-08-12T17:27:41.064Z,63,2022-06-11T09:38:34.511Z,,"15189-Fawn-Hollow-Trl,-Doswell,-VA-23047",37.823478,-77.492166,2.5,2184.0,
21,0.0,349000,Hanover County,Land,15408 Washington Hwy,Doswell,VA,23047,"15408 Washington Hwy, Doswell, VA 23047",2022-06-27T11:15:27.186Z,2022-05-01T08:23:58.475Z,Inactive,2022-08-12T16:26:10.022Z,104,2022-05-01T08:23:58.475Z,,"15408-Washington-Hwy,-Doswell,-VA-23047",37.831131,-77.467795,,,
22,2.0,90000,Hanover County,Single Family,10343 Pleasants Cir,Doswell,VA,23047,"10343 Pleasants Cir, Doswell, VA 23047",2022-06-24T06:30:45.573Z,2022-05-19T05:00:27.009Z,Inactive,2022-08-12T16:20:10.713Z,86,2022-05-19T05:00:27.009Z,,"10343-Pleasants-Cir,-Doswell,-VA-23047",37.848953,-77.459716,1.0,850.0,
23,5.0,788900,Hanover County,Single Family,11483 Mount Hope Church Rd,Doswell,VA,23047,"11483 Mount Hope Church Rd, Doswell, VA 23047",2022-05-31T12:11:44.977Z,2022-02-23T10:33:10.856Z,Inactive,2022-08-12T15:27:04.862Z,171,2022-02-23T10:33:10.856Z,,"11483-Mount-Hope-Church-Rd,-Doswell,-VA-23047",37.864827,-77.494752,3.5,4066.0,
24,4.0,769900,Hanover County,Single Family,15259 Horseshoe Bridge Rd,Doswell,VA,23047,"15259 Horseshoe Bridge Rd, Doswell, VA 23047",2022-05-13T09:46:43.197Z,2021-08-08T15:35:55.413Z,Inactive,2022-08-11T14:50:48.772Z,368,2021-08-08T15:35:55.413Z,,"15259-Horseshoe-Bridge-Rd,-Doswell,-VA-23047",37.822603,-77.554149,3.5,4700.0,
25,4.0,400000,Hanover County,Single Family,12466 Noel Rd,Doswell,VA,23047,"12466 Noel Rd, Doswell, VA 23047",2022-05-02T13:06:59.536Z,2022-03-17T05:54:48.752Z,Inactive,2022-08-10T16:15:39.326Z,147,2022-03-17T05:54:48.752Z,,"12466-Noel-Rd,-Doswell,-VA-23047",37.908145,-77.538175,2.5,2800.0,
26,3.0,324950,Hanover County,Single Family,11023 Doswell Rd,Doswell,VA,23047,"11023 Doswell Rd, Doswell, VA 23047",2022-04-28T16:30:05.951Z,2022-02-19T06:08:20.610Z,Inactive,2022-08-10T16:05:08.531Z,173,2022-02-19T06:08:20.610Z,,"11023-Doswell-Rd,-Doswell,-VA-23047",37.859285,-77.472669,1.0,960.0,
27,4.0,514990,Hanover County,Single Family,15181 Fawn Hollow Trl,Doswell,VA,23047,"15181 Fawn Hollow Trl, Doswell, VA 23047",2022-04-19T12:31:33.137Z,2020-10-08T09:17:02.702Z,Inactive,2022-08-10T15:43:50.158Z,672,2020-10-08T09:17:02.702Z,,"15181-Fawn-Hollow-Trl,-Doswell,-VA-23047",37.82257,-77.492692,3.0,2296.0,
28,3.0,715000,Hanover County,Single Family,15105 Cypress Creek Ln,Doswell,VA,23047,"15105 Cypress Creek Ln, Doswell, VA 23047",2022-04-16T11:28:19.638Z,2022-02-23T10:33:10.853Z,Inactive,2022-08-10T15:39:37.180Z,169,2022-02-23T10:33:10.853Z,,"15105-Cypress-Creek-Ln,-Doswell,-VA-23047",37.814673,-77.560692,2.5,2473.0,
29,4.0,265000,Hanover County,Single Family,17039 N Telegraph Rd,Doswell,VA,23047,"17039 N Telegraph Rd, Doswell, VA 23047",2022-03-24T07:21:20.716Z,2021-08-16T06:58:11.784Z,Inactive,2022-08-09T21:35:25.390Z,359,2021-08-16T06:58:11.784Z,,"17039-N-Telegraph-Rd,-Doswell,-VA-23047",37.866766,-77.465751,2.0,1986.0,
30,4.0,299000,Hanover County,Single Family,15346 Beechmont Dr,Doswell,VA,23047,"15346 Beechmont Dr, Doswell, VA 23047",2022-03-18T07:56:26.352Z,2021-12-18T07:40:04.376Z,Inactive,2022-08-09T21:24:02.804Z,235,2021-12-18T07:40:04.376Z,,"15346-Beechmont-Dr,-Doswell,-VA-23047",37.82713,-77.549341,2.5,2048.0,
31,3.0,339950,Hanover County,Single Family,11004 Mount Hope Church Rd,Doswell,VA,23047,"11004 Mount Hope Church Rd, Doswell, VA 23047",2022-03-11T08:14:56.553Z,2022-01-15T09:30:21.111Z,Inactive,2022-08-09T21:10:36.303Z,207,2022-01-15T09:30:21.111Z,,"11004-Mount-Hope-Church-Rd,-Doswell,-VA-23047",37.849867,-77.471888,2.0,1400.0,
32,0.0,250000,Hanover County,Land,15.5 11082 Mount Hope Church Rd,Doswell,VA,23047,"15.5 11082 Mount Hope Church Rd, Doswell, VA 23047",2022-03-10T09:52:40.472Z,2022-03-02T06:19:13.053Z,Inactive,2022-08-09T21:07:34.579Z,161,2022-03-02T06:19:13.053Z,,"15-5-11082-Mount-Hope-Church-Rd,-Doswell,-VA-23047",37.85273,-77.474157,,,
33,3.0,269900,Hanover County,Single Family,12480 Old Ridge Rd,Doswell,VA,23047,"12480 Old Ridge Rd, Doswell, VA 23047",2022-01-29T09:57:49.280Z,2021-12-01T09:38:48.076Z,Inactive,2022-08-09T19:48:29.798Z,252,2021-12-01T09:38:48.076Z,,"12480-Old-Ridge-Rd,-Doswell,-VA-23047",37.850752,-77.527571,2.0,1380.0,
34,6.0,750000,Hanover County,Single Family,15155 Taliaferro Ln,Doswell,VA,23047,"15155 Taliaferro Ln, Doswell, VA 23047",2021-12-31T11:25:04.627Z,2021-08-19T13:41:11.533Z,Inactive,2022-08-09T18:55:32.214Z,356,2021-08-19T13:41:11.533Z,,"15155-Taliaferro-Ln,-Doswell,-VA-23047",37.818914,-77.580381,,5325.0,
35,4.0,429000,Hanover County,Single Family,15206 Horseshoe Bridge Rd,Doswell,VA,23047,"15206 Horseshoe Bridge Rd, Doswell, VA 23047",2021-12-19T08:30:57.919Z,2021-08-31T10:46:02.336Z,Inactive,2022-08-09T18:29:15.885Z,344,2021-08-31T10:46:02.336Z,,"15206-Horseshoe-Bridge-Rd,-Doswell,-VA-23047",37.820541,-77.551131,3.5,2582.0,
36,3.0,529000,Hanover County,Single Family,14430 King Rd,Doswell,VA,23047,"14430 King Rd, Doswell, VA 23047",2021-12-10T08:13:10.253Z,2021-04-18T10:22:26.181Z,Inactive,2022-08-09T18:09:43.474Z,479,2021-04-18T10:22:26.181Z,,"14430-King-Rd,-Doswell,-VA-23047",37.804861,-77.588851,2.0,3000.0,
37,5.0,450000,Hanover County,Single Family,17359 Level Dr,Doswell,VA,23047,"17359 Level Dr, Doswell, VA 23047",2021-11-18T10:49:41.912Z,2021-10-12T07:27:41.251Z,Inactive,2022-08-09T17:22:42.947Z,302,2021-10-12T07:27:41.251Z,,"17359-Level-Dr,-Doswell,-VA-23047",37.882747,-77.531581,4.0,4332.0,
38,5.0,545000,Hanover County,Single Family,16080 Academy Farm Ln,Doswell,VA,23047,"16080 Academy Farm Ln, Doswell, VA 23047",2021-11-16T09:27:04.906Z,2021-10-02T08:43:30.451Z,Inactive,2022-08-09T17:16:20.822Z,312,2021-10-02T08:43:30.451Z,,"16080-Academy-Farm-Ln,-Doswell,-VA-23047",37.83687,-77.528488,,2953.0,
39,2.0,350000,Caroline County,Single Family,13671 Meadow Farm Rd,Doswell,VA,23047,"13671 Meadow Farm Rd, Doswell, VA 23047",2021-11-09T09:10:44.822Z,2021-09-08T08:30:37.171Z,Inactive,2022-08-09T16:59:42.835Z,336,2021-09-08T08:30:37.171Z,,"13671-Meadow-Farm-Rd,-Doswell,-VA-23047",37.835827,-77.414915,1.0,1160.0,
40,4.0,425000,Hanover County,Single Family,14414 King Rd,Doswell,VA,23047,"14414 King Rd, Doswell, VA 23047",2021-11-01T06:29:47.755Z,2021-09-16T09:15:54.338Z,Inactive,2022-08-09T16:38:00.752Z,328,2021-09-16T09:15:54.338Z,,"14414-King-Rd,-Doswell,-VA-23047",37.803994,-77.589371,2.5,2642.0,
41,4.0,399000,Hanover County,Single Family,11416 Doswell Rd,Doswell,VA,23047,"11416 Doswell Rd, Doswell, VA 23047",2021-10-13T08:45:37.423Z,2021-09-02T05:46:31.462Z,Inactive,2022-08-09T15:53:23.119Z,342,2021-09-02T05:46:31.462Z,,"11416-Doswell-Rd,-Doswell,-VA-23047",37.854643,-77.498914,2.5,2130.0,
42,0.0,181700,Hanover County,Land,12391 Verdon Rd,Doswell,VA,23047,"12391 Verdon Rd, Doswell, VA 23047",2021-09-30T06:23:19.038Z,2021-02-26T08:54:55.229Z,Inactive,2022-08-09T15:22:31.035Z,530,2021-02-26T08:54:55.229Z,,"12391-Verdon-Rd,-Doswell,-VA-23047",37.893157,-77.523756,,,
43,2.0,450000,Caroline County,Single Family,29333 Westward Ln,Doswell,VA,23047,"29333 Westward Ln, Doswell, VA 23047",2021-09-23T13:14:28.458Z,2021-07-26T06:47:02.283Z,Inactive,2022-08-09T15:06:47.342Z,380,2021-07-26T06:47:02.283Z,,"29333-Westward-Ln,-Doswell,-VA-23047",37.858293,-77.371444,2.0,1709.0,
44,4.0,350000,Caroline County,Single Family,13510 Meadow Farm Rd,Doswell,VA,23047,"13510 Meadow Farm Rd, Doswell, VA 23047",2021-09-04T06:30:42.409Z,2021-07-30T09:11:45.628Z,Inactive,2022-08-08T19:37:53.274Z,375,2021-07-30T09:11:45.628Z,,"13510-Meadow-Farm-Rd,-Doswell,-VA-23047",37.839129,-77.419888,2.0,2688.0,
45,0.0,450000,Caroline County,Land,14356 Meadow Farm Rd,Doswell,VA,23047,"14356 Meadow Farm Rd, Doswell, VA 23047",2021-08-12T13:53:52.119Z,2021-06-05T07:01:35.848Z,Inactive,2022-08-08T18:45:19.501Z,430,2021-06-05T07:01:35.848Z,,"14356-Meadow-Farm-Rd,-Doswell,-VA-23047",37.831048,-77.400325,,,
46,3.0,430000,Hanover County,Single Family,15076 Kimbrough Ln,Doswell,VA,23047,"15076 Kimbrough Ln, Doswell, VA 23047",2021-08-12T11:34:09.351Z,2021-06-26T09:13:31.167Z,Inactive,2022-08-08T18:43:52.509Z,409,2021-06-26T09:13:31.167Z,,"15076-Kimbrough-Ln,-Doswell,-VA-23047",37.811898,-77.554441,2.0,2293.0,
47,2.0,239950,Hanover County,Single Family,11016 Mount Hope Church Rd,Doswell,VA,23047,"11016 Mount Hope Church Rd, Doswell, VA 23047",2021-07-28T07:32:56.455Z,2021-05-12T05:38:44.066Z,Inactive,2022-08-06T19:29:32.573Z,452,2021-05-12T05:38:44.066Z,,"11016-Mount-Hope-Church-Rd,-Doswell,-VA-23047",37.849562,-77.470849,1.0,1196.0,
48,4.0,474950,Hanover County,Single Family,15173 Rehoboth Rd,Doswell,VA,23047,"15173 Rehoboth Rd, Doswell, VA 23047",2021-07-27T09:43:42.550Z,2021-05-12T07:50:10.258Z,Inactive,2022-08-06T19:30:52.509Z,452,2021-05-12T07:50:10.258Z,,"15173-Rehoboth-Rd,-Doswell,-VA-23047",37.818967,-77.547625,3.0,2159.0,
49,4.0,450000,Hanover County,Single Family,15038 Blunts Bridge Rd,Doswell,VA,23047,"15038 Blunts Bridge Rd, Doswell, VA 23047",2021-07-27T09:16:49.537Z,2021-06-16T09:01:15.759Z,Inactive,2022-08-06T19:30:52.509Z,417,2021-06-16T09:01:15.759Z,,"15038-Blunts-Bridge-Rd,-Doswell,-VA-23047",37.811122,-77.507446,2.5,3256.0,
50,3.0,425000,Hanover County,Single Family,14391 King Rd,Doswell,VA,23047,"14391 King Rd, Doswell, VA 23047",2021-07-12T09:40:52.889Z,2021-05-12T07:09:36.033Z,Inactive,2022-08-06T20:55:16.747Z,452,2021-05-12T07:09:36.033Z,,"14391-King-Rd,-Doswell,-VA-23047",37.804168,-77.591424,2.0,2224.0,
51,0.0,499950,Hanover County,Land,13022 Verdon Rd,Doswell,VA,23047,"13022 Verdon Rd, Doswell, VA 23047",2021-07-11T07:52:54.825Z,2020-09-20T02:49:24.096Z,Inactive,2022-08-06T23:09:45.615Z,686,2020-09-20T02:49:24.096Z,,"13022-Verdon-Rd,-Doswell,-VA-23047",37.903797,-77.536444,,,
52,2.0,99900,Hanover County,Single Family,16050 Eastwood Ln,Doswell,VA,23047,"16050 Eastwood Ln, Doswell, VA 23047",2021-06-09T05:14:15.441Z,2020-09-15T14:26:51.660Z,Inactive,2022-08-07T17:11:42.746Z,692,2020-09-15T14:26:51.660Z,,"16050-Eastwood-Ln,-Doswell,-VA-23047",37.841789,-77.505539,1.0,1350.0,
53,3.0,269000,Hanover County,Single Family,11167 Verdon Rd,Doswell,VA,23047,"11167 Verdon Rd, Doswell, VA 23047",2021-05-29T07:11:11.954Z,2021-05-12T06:50:36.784Z,Inactive,2022-08-07T17:49:31.510Z,453,2021-05-12T06:50:36.784Z,,"11167-Verdon-Rd,-Doswell,-VA-23047",37.867017,-77.482491,2.0,1130.0,
54,3.0,129500,Caroline County,Single Family,16314 Dawn Blvd,Doswell,VA,23047,"16314 Dawn Blvd, Doswell, VA 23047",2021-05-25T05:50:57.448Z,2021-04-06T08:22:50.892Z,Inactive,2022-08-07T17:53:43.682Z,489,2021-04-06T08:22:50.892Z,,"16314-Dawn-Blvd,-Doswell,-VA-23047",37.832648,-77.365081,1.0,1264.0,
55,0.0,44900,Hanover County,Land,10342 Pleasants Cir,Doswell,VA,23047,"10342 Pleasants Cir, Doswell, VA 23047",2021-05-17T05:07:14.314Z,2021-03-14T05:23:55.871Z,Inactive,2022-08-07T17:58:01.293Z,512,2021-03-14T05:23:55.871Z,,"10342-Pleasants-Cir,-Doswell,-VA-23047",37.850056,-77.459899,,,
56,3.0,350000,Hanover County,Single Family,17510 Level Dr,Doswell,VA,23047,"17510 Level Dr, Doswell, VA 23047",2021-05-16T06:45:00.048Z,2021-04-09T07:13:30.066Z,Inactive,2022-08-07T19:37:30.483Z,486,2021-04-09T07:13:30.066Z,,"17510-Level-Dr,-Doswell,-VA-23047",37.885553,-77.531505,2.0,1963.0,
57,4.0,450000,Hanover County,Single Family,15010 Kimbrough Ln,Doswell,VA,23047,"15010 Kimbrough Ln, Doswell, VA 23047",2021-04-20T09:53:05.397Z,2021-02-26T10:10:17.519Z,Inactive,2022-08-08T17:47:29.495Z,529,2021-02-26T10:10:17.519Z,,"15010-Kimbrough-Ln,-Doswell,-VA-23047",37.811597,-77.555679,2.5,3500.0,
58,4.0,550000,Hanover County,Single Family,15199 Whitetail Hollow Ct,Doswell,VA,23047,"15199 Whitetail Hollow Ct, Doswell, VA 23047",2021-03-26T10:48:40.816Z,2020-09-20T02:49:24.099Z,Inactive,2022-08-08T17:12:57.063Z,688,2020-09-20T02:49:24.099Z,,"15199-Whitetail-Hollow-Ct,-Doswell,-VA-23047",37.82613,-77.495557,3.0,2800.0,
59,3.0,365000,Caroline County,Single Family,30001 Signboard Rd,Doswell,VA,23047,"30001 Signboard Rd, Doswell, VA 23047",2021-02-18T08:58:12.078Z,2020-12-09T10:17:06.331Z,Inactive,2022-08-08T15:42:20.501Z,608,2020-12-09T10:17:06.331Z,,"30001-Signboard-Rd,-Doswell,-VA-23047",37.853821,-77.403814,3.5,2099.0,
60,0.0,135000,Hanover County,Land,15195 Whitetail Hollow Ct,Doswell,VA,23047,"15195 Whitetail Hollow Ct, Doswell, VA 23047",2021-01-16T05:41:50.660Z,2020-09-15T03:38:04.360Z,Inactive,2022-08-08T15:21:02.582Z,693,2020-09-15T03:38:04.360Z,,"15195-Whitetail-Hollow-Ct,-Doswell,-VA-23047",37.82556,-77.495863,,,
61,2.0,99900,Caroline County,Single Family,14195 Middlebrook Dr,Doswell,VA,23047,"14195 Middlebrook Dr, Doswell, VA 23047",2021-01-11T05:04:51.555Z,2020-12-10T06:09:45.100Z,Inactive,2022-08-08T15:08:02.180Z,607,2020-12-10T06:09:45.100Z,,"14195-Middlebrook-Dr,-Doswell,-VA-23047",37.842435,-77.402202,1.5,1368.0,
62,3.0,208950,Hanover County,,14078 W Patrick Henry Rd,Doswell,VA,23047,"14078 W Patrick Henry Rd, Doswell, VA 23047",2021-01-04T08:39:15.830Z,2020-09-15T03:38:04.362Z,Inactive,2022-08-08T15:05:07.056Z,693,2020-09-15T03:38:04.362Z,,"14078-W-Patrick-Henry-Rd,-Doswell,-VA-23047",37.816624,-77.579407,2.0,1716.0,
63,4.0,410000,Hanover County,Single Family,11199 Lucas Rd,Doswell,VA,23047,"11199 Lucas Rd, Doswell, VA 23047",2020-12-28T09:45:51.445Z,2020-09-17T14:59:37.556Z,Inactive,2022-08-07T23:20:54.868Z,690,2020-09-17T14:59:37.556Z,,"11199-Lucas-Rd,-Doswell,-VA-23047",37.825027,-77.484675,2.5,2300.0,
64,3.0,299500,Hanover County,Single Family,16120 Winding Trl,Doswell,VA,23047,"16120 Winding Trl, Doswell, VA 23047",2020-12-28T08:54:35.438Z,2020-11-20T11:33:56.230Z,Inactive,2022-08-07T23:19:37.402Z,626,2020-11-20T11:33:56.230Z,,"16120-Winding-Trl,-Doswell,-VA-23047",37.844436,-77.517098,2.5,1232.0,
65,3.0,294900,Hanover County,Single Family,11465 Whitetail Dr,Doswell,VA,23047,"11465 Whitetail Dr, Doswell, VA 23047",2020-12-28T08:54:35.434Z,2020-11-05T10:07:13.545Z,Inactive,2022-08-07T23:19:37.402Z,641,2020-11-05T10:07:13.545Z,,"11465-Whitetail-Dr,-Doswell,-VA-23047",37.845075,-77.502432,2.0,1855.0,
66,3.0,225000,Hanover County,Single Family,16174 Washington Hwy,Doswell,VA,23047,"16174 Washington Hwy, Doswell, VA 23047",2020-12-15T07:41:00.623Z,2020-09-22T08:23:07.445Z,Inactive,2022-08-07T22:58:27.295Z,685,2020-09-22T08:23:07.445Z,,"16174-Washington-Hwy,-Doswell,-VA-23047",37.846787,-77.464445,1.0,1308.0,
67,0.0,34950,Caroline County,Land,31329 Mary Lee Dr,Doswell,VA,23047,"31329 Mary Lee Dr, Doswell, VA 23047",2020-11-19T06:56:33.147Z,2020-09-15T03:43:50.966Z,Inactive,2022-08-07T22:12:19.964Z,692,2020-09-15T03:43:50.966Z,,"31329-Mary-Lee-Dr,-Doswell,-VA-23047",37.830422,-77.379908,,,
68,1.0,199900,Hanover County,Single Family,10432 Verdon Rd,Doswell,VA,23047,"10432 Verdon Rd, Doswell, VA 23047",2020-11-11T08:48:58.966Z,2020-09-15T03:38:04.368Z,Inactive,2022-08-07T21:56:43.180Z,692,2020-09-15T03:38:04.368Z,,"10432-Verdon-Rd,-Doswell,-VA-23047",37.865808,-77.466226,1.0,1162.0,
69,3.0,399000,Hanover County,Single Family,13539 Chase Ln,Doswell,VA,23047,"13539 Chase Ln, Doswell, VA 23047",2020-10-17T10:36:47.170Z,2020-09-15T23:15:20.172Z,Inactive,2022-08-07T21:10:44.200Z,691,2020-09-15T23:15:20.172Z,,"13539-Chase-Ln,-Doswell,-VA-23047",37.810715,-77.560131,2.5,2561.0,
70,3.0,395000,Hanover County,Single Family,15156 Cripple Creek Ln,Doswell,VA,23047,"15156 Cripple Creek Ln, Doswell, VA 23047",2020-09-26T10:41:12.100Z,2020-09-15T23:15:20.192Z,Inactive,2022-08-07T20:28:56.934Z,691,2020-09-15T23:15:20.192Z,,"15156-Cripple-Creek-Ln,-Doswell,-VA-23047",37.816234,-77.577153,2.0,2402.0,
