,county,bedrooms,bathrooms,squareFootage,yearBuilt,lotSize,propertyType,price,listedDate,addressLine1,city,state,zipCode,formattedAddress,lastSeen,status,removedDate,daysOnMarket,createdDate,id,latitude,longitude
0,Hanover County,4.0,2.5,2748.0,2021.0,436036.0,Single Family,714900,2020-08-14T16:19:09.000Z,10275 Williamsville Rd,Hanover,VA,23069,"10275 Williamsville Rd, Hanover, VA 23069",2022-11-17T10:29:45.077Z,Active,,825,2022-11-02T10:34:35.599Z,"10275-Williamsville-Rd,-Hanover,-VA-23069",37.683656,-77.297587
1,Hanover County,4.0,3.5,3134.0,2021.0,230868.0,Single Family,674999,2021-05-05T15:31:01.000Z,11194 Garland Park Ln,Hanover,VA,23069,"11194 Garland Park Ln, Hanover, VA 23069",2022-11-17T10:29:45.076Z,Active,,561,2021-05-12T07:58:29.051Z,"11194-Garland-Park-Ln,-Hanover,-VA-23069",37.707504,-77.400591
2,Hanover County,0.0,,,,3767940.0,Land,1000000,2022-04-03T18:37:23.000Z,King William Rd,Hanover,VA,23069,"King William Rd, Hanover, VA 23069",2022-11-17T10:10:43.505Z,Active,,228,2020-09-15T09:26:34.788Z,"King-William-Rd,-Hanover,-VA-23069",37.816766,-77.31417
3,Hanover County,4.0,4.0,3794.0,1971.0,1968912.0,Single Family,3500000,2022-07-28T11:13:54.000Z,7356 Woodville Ln,Hanover,VA,23069,"7356 Woodville Ln, Hanover, VA 23069",2022-11-17T10:10:43.450Z,Active,,112,2022-07-28T13:25:14.686Z,"7356-Woodville-Ln,-Hanover,-VA-23069",37.730015,-77.359331
4,Hanover County,5.0,4.5,4141.0,2008.0,287496.0,Single Family,998950,2022-09-02T13:19:53.000Z,7313 Margel Dr,Hanover,VA,23069,"7313 Margel Dr, Hanover, VA 23069",2022-11-17T10:10:43.435Z,Active,,76,2021-02-05T08:55:52.307Z,"7313-Margel-Dr,-Hanover,-VA-23069",37.741795,-77.352394
5,Hanover County,4.0,3.5,2238.0,2005.0,174676.0,Single Family,575000,2022-11-17T07:59:11.000Z,10340 Gould Hill Rd,Hanover,VA,23069,"10340 Gould Hill Rd, Hanover, VA 23069",2022-11-17T09:59:32.604Z,Active,,1,2022-11-17T09:59:32.604Z,"10340-Gould-Hill-Rd,-Hanover,-VA-23069",37.687326,-77.289971
6,Caroline County,4.0,2.0,1848.0,2006.0,25265.0,Single Family,325000,2022-07-24T17:00:13.000Z,16033 Quash Ln,Hanover,VA,23069,"16033 Quash Ln, Hanover, VA 23069",2022-11-17T08:52:38.126Z,Active,,116,2022-07-25T07:45:21.322Z,"16033-Quash-Ln,-Hanover,-VA-23069",37.824767,-77.373123
7,Caroline County,3.0,2.0,2195.0,2022.0,90605.0,Land,77000,2022-08-25T16:38:32.000Z,33056 Walnut Grove Farm Ln,Hanover,VA,23069,"33056 Walnut Grove Farm Ln, Hanover, VA 23069",2022-11-17T08:52:38.118Z,Active,,84,2022-08-26T10:08:56.222Z,"33056-Walnut-Grove-Farm-Ln,-Hanover,-VA-23069",37.810799,-77.360992
8,Caroline County,,,,,371567.0,Land,65000,2022-09-06T15:36:33.000Z,Courtney Rd,Hanover,VA,23069,"Courtney Rd, Hanover, VA 23069",2022-11-17T08:52:38.114Z,Active,,72,2022-09-07T10:44:44.609Z,"Courtney-Rd,-Hanover,-VA-23069",37.8342665,-77.30422682
9,Caroline County,3.0,2.0,2079.0,1959.0,189922.0,Single Family,280000,2022-09-12T00:22:27.000Z,16507 Dawn Blvd,Hanover,VA,23069,"16507 Dawn Blvd, Hanover, VA 23069",2022-11-12T09:12:22.490Z,Active,,62,2022-09-12T09:07:39.471Z,"16507-Dawn-Blvd,-Hanover,-VA-23069",37.831926,-77.358488
10,King William County,3.0,2.0,1400.0,2016.0,219107.0,Single Family,400000,2022-10-20T15:49:40.000Z,74 Nelsons Bridge Rd,Hanover,VA,23069,"74 Nelsons Bridge Rd, Hanover, VA 23069",2022-11-04T08:50:15.555Z,Inactive,2022-11-11T14:54:44.502Z,22,2022-10-21T08:50:38.920Z,"74-Nelsons-Bridge-Rd,-Hanover,-VA-23069",37.794472,-77.258168
11,Hanover County,3.0,1.5,1898.0,1951.0,174240.0,Single Family,485000,2022-03-25T15:28:24.000Z,13311 Hanover Courthouse Rd,Hanover,VA,23069,"13311 Hanover Courthouse Rd, Hanover, VA 23069",2022-09-25T10:05:44.372Z,Inactive,2022-10-02T14:53:07.877Z,191,2022-01-14T07:30:52.795Z,"13311-Hanover-Courthouse-Rd,-Hanover,-VA-23069",37.768741,-77.372257
12,Hanover County,0.0,,,,182516.0,Land,135000,2022-09-25T00:52:25.000Z,E Patrick Henry Rd,Hanover,VA,23069,"E Patrick Henry Rd, Hanover, VA 23069",2022-09-25T09:51:07.107Z,Inactive,2022-10-02T14:53:07.877Z,8,2020-09-15T03:38:04.365Z,"E-Patrick-Henry-Rd,-Hanover,-VA-23069",37.750272,-77.418504
13,King William County,3.0,2.0,1344.0,2013.0,217800.0,Single Family,334950,2022-09-06T15:52:40.000Z,222 Nelsons Bridge Rd,Hanover,VA,23069,"222 Nelsons Bridge Rd, Hanover, VA 23069",2022-09-09T09:08:57.887Z,Inactive,2022-09-16T14:54:12.095Z,10,2022-09-07T08:19:11.918Z,"222-Nelsons-Bridge-Rd,-Hanover,-VA-23069",37.792482,-77.260548
14,Caroline County,4.0,2.0,1354.0,1951.0,87120.0,Single Family,270000,2022-08-22T11:23:33.000Z,32383 Richmond Tpke,Hanover,VA,23069,"32383 Richmond Tpke, Hanover, VA 23069",2022-09-08T08:52:20.038Z,Inactive,2022-09-15T14:50:22.685Z,25,2022-08-23T10:16:20.780Z,"32383-Richmond-Tpke,-Hanover,-VA-23069",37.815201,-77.372802
15,Hanover County,6.0,3.5,3750.0,1995.0,98010.0,Single Family,749950,2022-08-18T16:28:39.000Z,6030 Ice Pond Ln,Hanover,VA,23069,"6030 Ice Pond Ln, Hanover, VA 23069",2022-08-23T09:06:57.724Z,Inactive,2022-08-30T14:52:09.280Z,12,2022-08-19T08:04:38.609Z,"6030-Ice-Pond-Ln,-Hanover,-VA-23069",37.68815,-77.302439
16,King William County,0.0,,,,4309826.0,Land,950000,2022-04-13T15:22:35.000Z,2011 Calno Rd,Hanover,VA,23069,"2011 Calno Rd, Hanover, VA 23069",2022-08-17T08:09:26.032Z,Inactive,2022-08-24T14:55:38.621Z,133,2022-04-14T07:17:54.038Z,"2011-Calno-Rd,-Hanover,-VA-23069",37.803136,-77.310686
17,Caroline County,3.0,1.0,1224.0,1976.0,43560.0,Single Family,145000,2022-07-28T02:46:25.000Z,20045 Courtney Rd,Hanover,VA,23069,"20045 Courtney Rd, Hanover, VA 23069",2022-08-13T09:12:30.119Z,Inactive,2022-08-20T14:54:28.232Z,24,2022-07-28T06:34:05.027Z,"20045-Courtney-Rd,-Hanover,-VA-23069",37.8335,-77.30303
18,Hanover County,3.0,2.0,1654.0,1754.0,87120.0,Single Family,269950,2022-08-04T15:52:49.000Z,8291 Peaks Rd,Hanover,VA,23069,"8291 Peaks Rd, Hanover, VA 23069",2022-08-08T08:21:20.543Z,Inactive,2022-08-15T14:52:25.276Z,11,2022-08-05T05:32:29.019Z,"8291-Peaks-Rd,-Hanover,-VA-23069",37.72077,-77.387591
19,Hanover County,4.0,2.5,2754.0,1926.0,475675.0,Single Family,699000,2022-06-02T09:01:33.014Z,13203 Depot Rd,Hanover,VA,23069,"13203 Depot Rd, Hanover, VA 23069",2022-08-06T08:59:29.190Z,Inactive,2022-08-13T15:03:07.272Z,73,2022-06-02T09:01:33.014Z,"13203-Depot-Rd,-Hanover,-VA-23069",37.754923,-77.36914
20,Caroline County,3.0,1.0,907.0,1954.0,,Single Family,200000,2022-05-30T10:36:18.783Z,16222 Dawn Blvd,Hanover,VA,23069,"16222 Dawn Blvd, Hanover, VA 23069",2022-08-06T07:12:21.551Z,Inactive,2022-08-13T14:58:08.634Z,76,2022-05-30T10:36:18.783Z,"16222-Dawn-Blvd,-Hanover,-VA-23069",37.833688,-77.367793
21,Caroline County,0.0,,,,261360.0,Land,55900,2022-07-20T08:32:46.358Z,Mary Lee Dr,Hanover,VA,23069,"Mary Lee Dr, Hanover, VA 23069",2022-08-06T06:50:47.135Z,Inactive,2022-08-13T14:56:51.127Z,25,2022-07-20T08:32:46.358Z,"Mary-Lee-Dr,-Hanover,-VA-23069",37.827213,-77.38065
22,Hanover County,4.0,4.5,6302.0,,,Single Family,1395000,2022-06-03T07:33:37.855Z,5220 Rufina Ct,Hanover,VA,23069,"5220 Rufina Ct, Hanover, VA 23069",2022-07-28T13:25:14.686Z,Inactive,2022-08-12T17:50:43.662Z,71,2022-06-03T07:33:37.855Z,"5220-Rufina-Ct,-Hanover,-VA-23069",37.686405,-77.289133
23,Hanover County,3.0,2.0,1596.0,,,Single Family,295000,2022-06-24T06:30:45.593Z,7363 River Rd,Hanover,VA,23069,"7363 River Rd, Hanover, VA 23069",2022-07-28T06:20:01.313Z,Inactive,2022-08-12T17:39:05.438Z,50,2022-06-24T06:30:45.593Z,"7363-River-Rd,-Hanover,-VA-23069",37.747796,-77.353132
24,Caroline County,2.0,1.0,756.0,,,Single Family,184950,2020-09-15T03:43:50.976Z,17101 Courtney Rd,Hanover,VA,23069,"17101 Courtney Rd, Hanover, VA 23069",2022-07-27T05:02:36.036Z,Inactive,2022-08-12T17:33:15.961Z,697,2020-09-15T03:43:50.976Z,"17101-Courtney-Rd,-Hanover,-VA-23069",37.836707,-77.353696
25,Hanover County,4.0,2.0,2756.0,,,Single Family,449900,2022-05-20T10:26:05.841Z,13224 Depot Rd,Hanover,VA,23069,"13224 Depot Rd, Hanover, VA 23069",2022-07-08T09:51:57.033Z,Inactive,2022-08-12T16:52:20.076Z,85,2022-05-20T10:26:05.841Z,"13224-Depot-Rd,-Hanover,-VA-23069",37.75832,-77.370809
26,Hanover County,5.0,,5460.0,,,Single Family,1295000,2022-03-30T11:12:23.501Z,11149 Gould Hill Rd,Hanover,VA,23069,"11149 Gould Hill Rd, Hanover, VA 23069",2022-06-28T10:45:03.157Z,Inactive,2022-08-12T16:28:43.596Z,136,2022-03-30T11:12:23.501Z,"11149-Gould-Hill-Rd,-Hanover,-VA-23069",37.705757,-77.281079
27,Hanover County,0.0,,,,,Land,319950,2021-08-08T09:56:59.692Z,12440 Bumpy Hollow Ln,Hanover,VA,23069,"12440 Bumpy Hollow Ln, Hanover, VA 23069",2022-06-28T06:31:57.467Z,Inactive,2022-08-12T16:28:43.596Z,370,2021-08-08T09:56:59.692Z,"12440-Bumpy-Hollow-Ln,-Hanover,-VA-23069",37.749864,-77.37344
28,Hanover County,3.0,2.5,2060.0,,,Single Family,425000,2022-05-12T10:47:57.487Z,10326 Gould Hill Rd,Hanover,VA,23069,"10326 Gould Hill Rd, Hanover, VA 23069",2022-06-23T11:56:55.084Z,Inactive,2022-08-12T16:18:39.192Z,93,2022-05-12T10:47:57.487Z,"10326-Gould-Hill-Rd,-Hanover,-VA-23069",37.686894,-77.29145
29,Caroline County,2.0,1.0,896.0,,,Single Family,219950,2022-04-18T05:53:51.796Z,18290 Winston Loop,Hanover,VA,23069,"18290 Winston Loop, Hanover, VA 23069",2022-06-21T09:45:23.220Z,Inactive,2022-08-12T16:13:01.148Z,117,2022-04-18T05:53:51.796Z,"18290-Winston-Loop,-Hanover,-VA-23069",37.825241,-77.331033
30,Hanover County,3.0,1.5,1458.0,,,Single Family,200000,2022-05-10T07:07:39.496Z,8250 Cadys Mill Rd,Hanover,VA,23069,"8250 Cadys Mill Rd, Hanover, VA 23069",2022-06-21T05:04:21.526Z,Inactive,2022-08-12T16:11:33.250Z,95,2022-05-10T07:07:39.496Z,"8250-Cadys-Mill-Rd,-Hanover,-VA-23069",37.730306,-77.378634
31,Caroline County,3.0,1.5,2116.0,,,Single Family,224995,2022-04-15T05:06:09.813Z,30499 Old Dawn Rd,Hanover,VA,23069,"30499 Old Dawn Rd, Hanover, VA 23069",2022-06-16T07:45:33.061Z,Inactive,2022-08-12T16:03:32.664Z,120,2022-04-15T05:06:09.813Z,"30499-Old-Dawn-Rd,-Hanover,-VA-23069",37.841773,-77.363689
32,Hanover County,3.0,2.5,1899.0,,,Single Family,259000,2022-05-10T07:07:39.505Z,11162 Gould Hill Rd,Hanover,VA,23069,"11162 Gould Hill Rd, Hanover, VA 23069",2022-05-24T06:40:42.670Z,Inactive,2022-08-12T15:12:26.986Z,95,2022-05-10T07:07:39.505Z,"11162-Gould-Hill-Rd,-Hanover,-VA-23069",37.705596,-77.27941
33,Hanover County,4.0,2.0,2770.0,,,Single Family,459000,2022-02-13T07:39:46.767Z,10359 Williamsville Rd,Hanover,VA,23069,"10359 Williamsville Rd, Hanover, VA 23069",2022-05-12T10:49:05.760Z,Inactive,2022-08-10T16:41:14.727Z,179,2022-02-13T07:39:46.767Z,"10359-Williamsville-Rd,-Hanover,-VA-23069",37.687484,-77.300268
34,Hanover County,5.0,4.5,7466.0,,,Single Family,899950,2021-11-11T09:10:46.931Z,8303 Owl Ln,Hanover,VA,23069,"8303 Owl Ln, Hanover, VA 23069",2022-05-09T11:23:13.321Z,Inactive,2022-08-10T16:33:05.365Z,273,2021-11-11T09:10:46.931Z,"8303-Owl-Ln,-Hanover,-VA-23069",37.707562,-77.389283
35,Hanover County,4.0,2.5,2026.0,,,Single Family,349950,2021-09-18T07:47:04.173Z,13242 Depot Rd,Hanover,VA,23069,"13242 Depot Rd, Hanover, VA 23069",2022-04-27T16:28:13.949Z,Inactive,2022-08-10T16:03:15.772Z,327,2021-09-18T07:47:04.173Z,"13242-Depot-Rd,-Hanover,-VA-23069",37.75805,-77.372043
36,Hanover County,4.0,2.5,3048.0,,,Single Family,499900,2021-03-14T08:05:16.640Z,11300 Mandy Ln,Hanover,VA,23069,"11300 Mandy Ln, Hanover, VA 23069",2022-04-26T13:02:46.855Z,Inactive,2022-08-10T15:58:40.099Z,515,2021-03-14T08:05:16.640Z,"11300-Mandy-Ln,-Hanover,-VA-23069",37.714737,-77.392344
37,King William County,3.0,2.0,1440.0,,,Single Family,349900,2022-02-22T06:37:42.445Z,2925 Nelsons Bridge Rd,Hanover,VA,23069,"2925 Nelsons Bridge Rd, Hanover, VA 23069",2022-04-18T10:04:39.006Z,Inactive,2022-08-10T15:40:59.115Z,170,2022-02-22T06:37:42.445Z,"2925-Nelsons-Bridge-Rd,-Hanover,-VA-23069",37.754438,-77.266802
38,Hanover County,5.0,2.0,2512.0,,,Single Family,439000,2021-12-16T07:42:01.744Z,13033 Bumpy Hollow Ln,Hanover,VA,23069,"13033 Bumpy Hollow Ln, Hanover, VA 23069",2022-03-28T09:55:04.294Z,Inactive,2022-08-10T14:53:10.352Z,238,2021-12-16T07:42:01.744Z,"13033-Bumpy-Hollow-Ln,-Hanover,-VA-23069",37.755635,-77.371847
39,King William County,3.0,2.0,1382.0,,,Single Family,269500,2022-01-18T05:49:06.926Z,192 King William Rd,Hanover,VA,23069,"192 King William Rd, Hanover, VA 23069",2022-03-21T05:10:05.502Z,Inactive,2022-08-09T21:28:20.541Z,204,2022-01-18T05:49:06.926Z,"192-King-William-Rd,-Hanover,-VA-23069",37.813978,-77.312564
40,Hanover County,4.0,2.0,2496.0,,,Single Family,350000,2022-03-02T06:28:04.303Z,12123 Paradise Ln,Hanover,VA,23069,"12123 Paradise Ln, Hanover, VA 23069",2022-03-18T07:56:26.374Z,Inactive,2022-08-09T21:24:02.804Z,161,2022-03-02T06:28:04.303Z,"12123-Paradise-Ln,-Hanover,-VA-23069",37.730979,-77.383735
41,King William County,3.0,2.5,2764.0,,,Single Family,469000,2022-01-07T06:07:30.458Z,638 Edgar Rd,Hanover,VA,23069,"638 Edgar Rd, Hanover, VA 23069",2022-02-24T07:06:50.715Z,Inactive,2022-08-09T20:36:27.269Z,215,2022-01-07T06:07:30.458Z,"638-Edgar-Rd,-Hanover,-VA-23069",37.822128,-77.294868
42,Caroline County,3.0,1.5,1614.0,,,Single Family,249900,2021-08-30T10:59:24.106Z,17075 Stephen Cir,Hanover,VA,23069,"17075 Stephen Cir, Hanover, VA 23069",2022-02-08T06:49:23.909Z,Inactive,2022-08-09T20:04:17.623Z,345,2021-08-30T10:59:24.106Z,"17075-Stephen-Cir,-Hanover,-VA-23069",37.831303,-77.354334
43,Hanover County,0.0,,,,,Land,250000,2021-10-28T06:52:44.305Z,6216 Poplar Gate Dr,Hanover,VA,23069,"6216 Poplar Gate Dr, Hanover, VA 23069",2022-01-23T07:02:21.481Z,Inactive,2022-08-09T19:37:05.603Z,286,2021-10-28T06:52:44.305Z,"6216-Poplar-Gate-Dr,-Hanover,-VA-23069",37.710639,-77.31147
44,Caroline County,0.0,,,,,Land,129900,2020-09-15T03:43:50.972Z,Discovery Ln,Hanover,VA,23069,"Discovery Ln, Hanover, VA 23069",2022-01-20T06:28:03.099Z,Inactive,2022-08-09T19:30:55.836Z,694,2020-09-15T03:43:50.972Z,"Discovery-Ln,-Hanover,-VA-23069",37.825406,-77.338902
45,King William County,3.0,1.0,720.0,,,Single Family,87500,2021-12-24T05:41:09.271Z,2712 Nelsons Bridge Rd,Hanover,VA,23069,"2712 Nelsons Bridge Rd, Hanover, VA 23069",2022-01-17T08:26:53.143Z,Inactive,2022-08-09T19:25:16.298Z,229,2021-12-24T05:41:09.271Z,"2712-Nelsons-Bridge-Rd,-Hanover,-VA-23069",37.755724,-77.269255
46,Hanover County,3.0,2.0,3161.0,,,Single Family,915000,2021-10-07T11:04:03.236Z,8103 Prospect Ln,Hanover,VA,23069,"8103 Prospect Ln, Hanover, VA 23069",2022-01-03T10:08:48.268Z,Inactive,2022-08-09T19:00:09.141Z,307,2021-10-07T11:04:03.236Z,"8103-Prospect-Ln,-Hanover,-VA-23069",37.752976,-77.373238
47,Caroline County,4.0,2.0,1400.0,,,,229000,2021-08-21T05:05:53.985Z,19286 Courtney Rd,Hanover,VA,23069,"19286 Courtney Rd, Hanover, VA 23069",2021-12-30T07:56:26.767Z,Inactive,2022-08-09T18:50:39.623Z,354,2021-08-21T05:05:53.985Z,"19286-Courtney-Rd,-Hanover,-VA-23069",37.828431,-77.313413
48,Caroline County,3.0,2.0,1902.0,,,Single Family,334950,2021-10-28T07:17:11.357Z,32450 Richmond Tpke,Hanover,VA,23069,"32450 Richmond Tpke, Hanover, VA 23069",2021-12-27T08:28:38.903Z,Inactive,2022-08-09T18:43:11.558Z,286,2021-10-28T07:17:11.357Z,"32450-Richmond-Tpke,-Hanover,-VA-23069",37.813743,-77.374283
49,Hanover County,4.0,2.5,2154.0,,,Single Family,335950,2021-07-27T08:48:05.810Z,11370 Hanover Courthouse Rd,Hanover,VA,23069,"11370 Hanover Courthouse Rd, Hanover, VA 23069",2021-12-22T06:09:18.785Z,Inactive,2022-08-09T18:37:30.602Z,379,2021-07-27T08:48:05.810Z,"11370-Hanover-Courthouse-Rd,-Hanover,-VA-23069",37.716717,-77.375045
50,Hanover County,3.0,2.5,1416.0,,,Single Family,245000,2021-11-05T05:02:56.951Z,8340 Cadys Mill Rd,Hanover,VA,23069,"8340 Cadys Mill Rd, Hanover, VA 23069",2021-12-22T05:30:32.312Z,Inactive,2022-08-09T18:37:30.602Z,278,2021-11-05T05:02:56.951Z,"8340-Cadys-Mill-Rd,-Hanover,-VA-23069",37.726776,-77.38247
51,Caroline County,,,,,,Land,8900,2021-11-06T07:09:13.935Z,Richmond Tpke,Hanover,VA,23069,"Richmond Tpke, Hanover, VA 23069",2021-12-08T06:09:54.258Z,Inactive,2022-08-09T18:03:30.251Z,277,2021-11-06T07:09:13.935Z,"Richmond-Tpke,-Hanover,-VA-23069",37.8365608,-77.36872368
52,Caroline County,0.0,,,,,Land,149000,2020-09-15T03:43:50.978Z,31046 Richmond Tpke,Hanover,VA,23069,"31046 Richmond Tpke, Hanover, VA 23069",2021-11-30T05:41:23.402Z,Inactive,2022-08-09T17:42:21.763Z,694,2020-09-15T03:43:50.978Z,"31046-Richmond-Tpke,-Hanover,-VA-23069",37.838884,-77.369655
53,Hanover County,7.0,4.5,5102.0,,,Single Family,925000,2020-09-20T02:54:00.238Z,13320 Hanover Quarter Rd,Hanover,VA,23069,"13320 Hanover Quarter Rd, Hanover, VA 23069",2021-11-16T09:35:51.358Z,Inactive,2022-08-09T17:16:20.822Z,689,2020-09-20T02:54:00.238Z,"13320-Hanover-Quarter-Rd,-Hanover,-VA-23069",37.770734,-77.335856
54,Hanover County,3.0,1.0,1134.0,,,Single Family,215000,2021-09-30T06:23:19.040Z,8253 Stumpy Rd,Hanover,VA,23069,"8253 Stumpy Rd, Hanover, VA 23069",2021-11-06T05:07:51.607Z,Inactive,2022-08-09T16:53:56.057Z,314,2021-09-30T06:23:19.040Z,"8253-Stumpy-Rd,-Hanover,-VA-23069",37.707826,-77.387019
55,Hanover County,4.0,4.0,3536.0,,,Single Family,780000,2021-10-22T09:52:35.920Z,8285 Prospect Ln,Hanover,VA,23069,"8285 Prospect Ln, Hanover, VA 23069",2021-10-25T12:53:50.417Z,Inactive,2022-08-09T16:21:46.343Z,292,2021-10-22T09:52:35.920Z,"8285-Prospect-Ln,-Hanover,-VA-23069",37.749752,-77.384382
56,Hanover County,4.0,2.0,2440.0,,,Single Family,389500,2021-08-08T09:56:59.687Z,12451 Bumpy Hollow Ln,Hanover,VA,23069,"12451 Bumpy Hollow Ln, Hanover, VA 23069",2021-10-07T10:31:06.364Z,Inactive,2022-08-09T15:42:54.568Z,367,2021-08-08T09:56:59.687Z,"12451-Bumpy-Hollow-Ln,-Hanover,-VA-23069",37.751466,-77.373789
57,Caroline County,,,,,,Land,399000,2021-04-18T09:51:22.024Z,120 Acres Dawn Blvd,Hanover,VA,23069,"120 Acres Dawn Blvd, Hanover, VA 23069",2021-10-06T09:17:36.548Z,Inactive,2022-08-09T15:40:02.198Z,479,2021-04-18T09:51:22.024Z,"120-Acres-Dawn-Blvd,-Hanover,-VA-23069",37.81790875,-77.31870093
58,Caroline County,,,,,,Land,120000,2020-09-15T03:43:50.976Z,Dawn Blvd,Hanover,VA,23069,"Dawn Blvd, Hanover, VA 23069",2021-10-06T05:27:24.255Z,Inactive,2022-08-09T15:38:38.631Z,694,2020-09-15T03:43:50.976Z,"Dawn-Blvd,-Hanover,-VA-23069",37.81823585,-77.31726764
59,Caroline County,3.0,2.0,1056.0,,,Single Family,189900,2021-08-11T05:22:48.333Z,31172 Edgar Rd,Hanover,VA,23069,"31172 Edgar Rd, Hanover, VA 23069",2021-10-04T05:16:39.659Z,Inactive,2022-08-09T15:32:40.902Z,364,2021-08-11T05:22:48.333Z,"31172-Edgar-Rd,-Hanover,-VA-23069",37.834331,-77.299898
60,Caroline County,3.0,2.0,1404.0,,,Single Family,279000,2021-08-30T10:59:24.123Z,16255 Catalpa Dr,Hanover,VA,23069,"16255 Catalpa Dr, Hanover, VA 23069",2021-10-03T07:40:37.322Z,Inactive,2022-08-09T15:32:40.902Z,345,2021-08-30T10:59:24.123Z,"16255-Catalpa-Dr,-Hanover,-VA-23069",37.813907,-77.366831
61,Hanover County,3.0,2.0,1344.0,,,Single Family,245000,2021-08-31T08:06:56.908Z,13246 Depot Rd,Hanover,VA,23069,"13246 Depot Rd, Hanover, VA 23069",2021-09-30T06:23:19.048Z,Inactive,2022-08-09T15:22:31.035Z,344,2021-08-31T08:06:56.908Z,"13246-Depot-Rd,-Hanover,-VA-23069",37.758077,-77.372556
62,Caroline County,2.0,1.0,880.0,,,Single Family,150000,2021-05-16T10:52:44.847Z,19292 Courtney Rd,Hanover,VA,23069,"19292 Courtney Rd, Hanover, VA 23069",2021-09-20T07:22:08.455Z,Inactive,2022-08-09T14:56:19.308Z,451,2021-05-16T10:52:44.847Z,"19292-Courtney-Rd,-Hanover,-VA-23069",37.828661,-77.312687
63,Caroline County,3.0,2.0,1925.0,,,Single Family,310000,2021-08-08T10:41:01.091Z,32335 Richmond Tpke,Hanover,VA,23069,"32335 Richmond Tpke, Hanover, VA 23069",2021-09-17T06:32:11.998Z,Inactive,2022-08-09T14:52:09.025Z,367,2021-08-08T10:41:01.091Z,"32335-Richmond-Tpke,-Hanover,-VA-23069",37.816784,-77.37231
64,Caroline County,3.0,1.5,1056.0,,,Single Family,199333,2021-07-18T06:07:29.838Z,1063 Edgar Rd,Hanover,VA,23069,"1063 Edgar Rd, Hanover, VA 23069",2021-09-01T06:25:00.635Z,Inactive,2022-08-08T19:36:29.858Z,387,2021-07-18T06:07:29.838Z,"1063-Edgar-Rd,-Hanover,-VA-23069",37.828461,-77.299728
65,Hanover County,4.0,2.5,1588.0,,,Single Family,299950,2021-05-12T06:50:36.801Z,11268 Hanover Courthouse Rd,Hanover,VA,23069,"11268 Hanover Courthouse Rd, Hanover, VA 23069",2021-08-22T05:14:34.860Z,Inactive,2022-08-08T19:21:16.643Z,454,2021-05-12T06:50:36.801Z,"11268-Hanover-Courthouse-Rd,-Hanover,-VA-23069",37.712105,-77.379433
66,Hanover County,5.0,2.0,3400.0,,,Single Family,576771,2020-09-20T02:49:24.103Z,11190 Garland Park Dr,Hanover,VA,23069,"11190 Garland Park Dr, Hanover, VA 23069",2021-08-19T13:11:45.517Z,Inactive,2022-08-08T19:07:11.940Z,688,2020-09-20T02:49:24.103Z,"11190-Garland-Park-Dr,-Hanover,-VA-23069",37.707506,-77.401355
67,Hanover County,5.0,2.0,2644.0,,,Single Family,260000,2021-05-12T06:50:36.786Z,13197 Depot Rd,Hanover,VA,23069,"13197 Depot Rd, Hanover, VA 23069",2021-07-31T07:59:02.554Z,Inactive,2022-08-06T19:25:18.077Z,452,2021-05-12T06:50:36.786Z,"13197-Depot-Rd,-Hanover,-VA-23069",37.756851,-77.368996
68,Hanover County,5.0,4.5,5115.0,,,Single Family,1090000,2021-06-16T10:39:00.748Z,8271 Prospect Ln,Hanover,VA,23069,"8271 Prospect Ln, Hanover, VA 23069",2021-07-19T10:56:58.220Z,Inactive,2022-08-06T20:35:35.483Z,417,2021-06-16T10:39:00.748Z,"8271-Prospect-Ln,-Hanover,-VA-23069",37.750093,-77.382659
69,Hanover County,5.0,5.0,3106.0,,,Single Family,745000,2021-05-12T07:58:29.065Z,5261 River Rd,Hanover,VA,23069,"5261 River Rd, Hanover, VA 23069",2021-07-19T10:56:58.204Z,Inactive,2022-08-06T20:35:35.483Z,452,2021-05-12T07:58:29.065Z,"5261-River-Rd,-Hanover,-VA-23069",37.707873,-77.282582
70,Hanover County,4.0,2.5,2543.0,,,Single Family,450000,2021-05-16T08:36:49.720Z,8088 Nelsons Ridge Dr,Hanover,VA,23069,"8088 Nelsons Ridge Dr, Hanover, VA 23069",2021-07-11T07:40:55.336Z,Inactive,2022-08-06T23:09:45.615Z,448,2021-05-16T08:36:49.720Z,"8088-Nelsons-Ridge-Dr,-Hanover,-VA-23069",37.758853,-77.374652
71,Hanover County,5.0,2.0,2911.0,,,Single Family,449500,2021-06-05T11:42:36.773Z,8328 Peaks Rd,Hanover,VA,23069,"8328 Peaks Rd, Hanover, VA 23069",2021-07-09T11:51:42.535Z,Inactive,2022-08-06T23:09:45.615Z,428,2021-06-05T11:42:36.773Z,"8328-Peaks-Rd,-Hanover,-VA-23069",37.727625,-77.391284
72,Hanover County,4.0,2.0,1463.0,,,Single Family,225000,2021-04-09T07:09:24.000Z,11432 Hanover Courthouse Rd,Hanover,VA,23069,"11432 Hanover Courthouse Rd, Hanover, VA 23069",2021-07-06T05:12:25.213Z,Inactive,2022-08-07T15:11:34.811Z,486,2021-04-09T07:09:24.000Z,"11432-Hanover-Courthouse-Rd,-Hanover,-VA-23069",37.719416,-77.37191
73,King William County,3.0,3.0,1344.0,,,Single Family,279950,2021-04-16T06:38:20.786Z,544 Calno Rd,Hanover,VA,23069,"544 Calno Rd, Hanover, VA 23069",2021-07-01T05:51:39.945Z,Inactive,2022-08-07T15:30:09.084Z,479,2021-04-16T06:38:20.786Z,"544-Calno-Rd,-Hanover,-VA-23069",37.784389,-77.297833
74,Hanover County,5.0,3.5,4200.0,,,Single Family,589950,2021-05-12T07:58:29.048Z,11080 Gould Hill Rd,Hanover,VA,23069,"11080 Gould Hill Rd, Hanover, VA 23069",2021-06-30T10:42:50.003Z,Inactive,2022-08-07T15:36:57.158Z,453,2021-05-12T07:58:29.048Z,"11080-Gould-Hill-Rd,-Hanover,-VA-23069",37.701686,-77.281937
75,Hanover County,0.0,,,,,Land,265000,2021-03-10T11:43:42.269Z,6200 Poplar Gate Dr,Hanover,VA,23069,"6200 Poplar Gate Dr, Hanover, VA 23069",2021-06-09T05:54:15.210Z,Inactive,2022-08-07T17:11:42.746Z,516,2021-03-10T11:43:42.269Z,"6200-Poplar-Gate-Dr,-Hanover,-VA-23069",37.709919,-77.309475
76,Hanover County,3.0,1.5,1848.0,,,Single Family,260000,2021-04-18T08:24:57.250Z,6073 Haws Shop Trl,Hanover,VA,23069,"6073 Haws Shop Trl, Hanover, VA 23069",2021-06-09T05:54:15.203Z,Inactive,2022-08-07T17:11:42.746Z,477,2021-04-18T08:24:57.250Z,"6073-Haws-Shop-Trl,-Hanover,-VA-23069",37.683068,-77.304504
77,Caroline County,3.0,1.0,1263.0,,,Single Family,129500,2021-04-06T08:22:50.699Z,16314 Dawn Blvd,Hanover,VA,23069,"16314 Dawn Blvd, Hanover, VA 23069",2021-05-25T05:50:57.450Z,Inactive,2022-08-07T17:53:43.682Z,489,2021-04-06T08:22:50.699Z,"16314-Dawn-Blvd,-Hanover,-VA-23069",37.832649,-77.365082
78,Hanover County,4.0,2.5,3224.0,,,Single Family,849000,2020-11-13T11:47:46.176Z,11061 Gould Hill Rd,Hanover,VA,23069,"11061 Gould Hill Rd, Hanover, VA 23069",2021-05-16T10:35:30.409Z,Inactive,2022-08-07T19:17:29.712Z,633,2020-11-13T11:47:46.176Z,"11061-Gould-Hill-Rd,-Hanover,-VA-23069",37.701929,-77.284517
79,Hanover County,3.0,2.5,2834.0,,,Single Family,369900,2021-03-25T05:51:02.527Z,7396 Brook Crossing Ln,Hanover,VA,23069,"7396 Brook Crossing Ln, Hanover, VA 23069",2021-05-16T06:45:00.068Z,Inactive,2022-08-07T19:37:30.483Z,501,2021-03-25T05:51:02.527Z,"7396-Brook-Crossing-Ln,-Hanover,-VA-23069",37.738331,-77.362221
80,Hanover County,4.0,2.5,2040.0,,,Single Family,365000,2021-04-18T09:23:09.967Z,11255 Mandy Ln,Hanover,VA,23069,"11255 Mandy Ln, Hanover, VA 23069",2021-05-16T06:45:00.049Z,Inactive,2022-08-07T19:37:30.483Z,477,2021-04-18T09:23:09.967Z,"11255-Mandy-Ln,-Hanover,-VA-23069",37.713439,-77.395528
81,King William County,4.0,3.5,3142.0,,,Single Family,550000,2021-04-06T05:56:56.059Z,2212 King William Rd,Hanover,VA,23069,"2212 King William Rd, Hanover, VA 23069",2021-05-12T10:12:54.724Z,Inactive,2022-08-08T18:20:58.354Z,490,2021-04-06T05:56:56.059Z,"2212-King-William-Rd,-Hanover,-VA-23069",37.806665,-77.278112
82,Hanover County,0.0,,,,,Land,250000,2021-03-10T11:43:42.262Z,6208 Poplar Gate Dr,Hanover,VA,23069,"6208 Poplar Gate Dr, Hanover, VA 23069",2021-05-12T06:50:36.782Z,Inactive,2022-08-08T18:19:17.197Z,517,2021-03-10T11:43:42.262Z,"6208-Poplar-Gate-Dr,-Hanover,-VA-23069",37.711215,-77.310343
83,Caroline County,3.0,1.0,760.0,,,Single Family,155000,2021-02-02T05:31:19.476Z,19155 Courtney Rd,Hanover,VA,23069,"19155 Courtney Rd, Hanover, VA 23069",2021-05-11T06:58:59.311Z,Inactive,2022-08-08T18:17:54.770Z,553,2021-02-02T05:31:19.476Z,"19155-Courtney-Rd,-Hanover,-VA-23069",37.83037,-77.317399
84,Hanover County,3.0,2.5,2134.0,,,Single Family,379950,2021-03-25T05:51:02.530Z,5089 Arrowhead Rd,Hanover,VA,23069,"5089 Arrowhead Rd, Hanover, VA 23069",2021-04-20T09:43:03.922Z,Inactive,2022-08-08T17:47:29.495Z,502,2021-03-25T05:51:02.530Z,"5089-Arrowhead-Rd,-Hanover,-VA-23069",37.699472,-77.277513
85,Caroline County,4.0,1.0,1212.0,,,Single Family,239999,2020-11-04T11:34:48.143Z,32194 Mt Gideon Rd,Hanover,VA,23069,"32194 Mt Gideon Rd, Hanover, VA 23069",2021-04-20T08:46:39.371Z,Inactive,2022-08-08T17:43:37.989Z,643,2020-11-04T11:34:48.143Z,"32194-Mt-Gideon-Rd,-Hanover,-VA-23069",37.820676,-77.371353
86,King William County,3.0,2.0,1302.0,,,Single Family,239900,2021-02-05T08:11:08.298Z,205 Hardwood Ln,Hanover,VA,23069,"205 Hardwood Ln, Hanover, VA 23069",2021-03-16T05:38:24.136Z,Inactive,2022-08-08T17:05:59.441Z,550,2021-02-05T08:11:08.298Z,"205-Hardwood-Ln,-Hanover,-VA-23069",37.808443,-77.287696
87,Hanover County,4.0,2.5,2728.0,,,Single Family,467530,2020-10-13T09:01:45.628Z,11191 Garland Park Ln,Hanover,VA,23069,"11191 Garland Park Ln, Hanover, VA 23069",2021-03-15T07:45:23.982Z,Inactive,2022-08-08T17:05:59.441Z,665,2020-10-13T09:01:45.628Z,"11191-Garland-Park-Ln,-Hanover,-VA-23069",37.708213,-77.401932
88,King William County,3.0,2.0,1400.0,,,Single Family,230000,2021-02-11T09:25:03.654Z,2445 Calno Rd,Hanover,VA,23069,"2445 Calno Rd, Hanover, VA 23069",2021-03-15T05:22:36.846Z,Inactive,2022-08-08T17:04:29.514Z,544,2021-02-11T09:25:03.654Z,"2445-Calno-Rd,-Hanover,-VA-23069",37.808906,-77.304864
89,Caroline County,4.0,2.5,2572.0,,,Single Family,384500,2021-02-05T08:22:12.985Z,16415 Arch Hill Rd,Hanover,VA,23069,"16415 Arch Hill Rd, Hanover, VA 23069",2021-03-04T11:32:52.102Z,Inactive,2022-08-08T16:11:52.237Z,550,2021-02-05T08:22:12.985Z,"16415-Arch-Hill-Rd,-Hanover,-VA-23069",37.812285,-77.362273
90,King William County,4.0,2.0,2112.0,,,Single Family,299999,2020-12-05T05:24:24.763Z,465 Edgar Rd,Hanover,VA,23069,"465 Edgar Rd, Hanover, VA 23069",2021-03-01T08:00:49.817Z,Inactive,2022-08-08T16:03:01.272Z,612,2020-12-05T05:24:24.763Z,"465-Edgar-Rd,-Hanover,-VA-23069",37.820316,-77.301377
91,Caroline County,3.0,2.5,1626.0,,,Single Family,250000,2021-02-05T08:09:22.683Z,33080 Richmond Tpke,Hanover,VA,23069,"33080 Richmond Tpke, Hanover, VA 23069",2021-02-27T05:27:38.261Z,Inactive,2022-08-08T16:00:18.317Z,550,2021-02-05T08:09:22.683Z,"33080-Richmond-Tpke,-Hanover,-VA-23069",37.809457,-77.374491
92,King William County,4.0,2.0,1166.0,,,Single Family,215000,2020-12-18T09:15:43.159Z,826 Edgar Rd,Hanover,VA,23069,"826 Edgar Rd, Hanover, VA 23069",2021-02-26T06:35:41.780Z,Inactive,2022-08-08T15:57:40.693Z,599,2020-12-18T09:15:43.159Z,"826-Edgar-Rd,-Hanover,-VA-23069",37.825059,-77.29868
93,King William County,4.0,2.5,3150.0,,,Single Family,280000,2020-12-06T07:19:40.823Z,5716 Nelsons Bridge Rd,Hanover,VA,23069,"5716 Nelsons Bridge Rd, Hanover, VA 23069",2021-01-16T06:23:50.209Z,Inactive,2022-08-08T15:21:02.582Z,611,2020-12-06T07:19:40.823Z,"5716-Nelsons-Bridge-Rd,-Hanover,-VA-23069",37.726243,-77.280311
94,Caroline County,4.0,2.0,2100.0,,,,240000,2020-09-15T06:27:48.099Z,17109 Courtney Rd,Hanover,VA,23069,"17109 Courtney Rd, Hanover, VA 23069",2021-01-15T06:14:57.555Z,Inactive,2022-08-08T15:08:02.180Z,693,2020-09-15T06:27:48.099Z,"17109-Courtney-Rd,-Hanover,-VA-23069",37.836622,-77.353367
95,Hanover County,0.0,,,,,Land,725000,2020-09-20T02:54:00.240Z,5405 River Rd,Hanover,VA,23069,"5405 River Rd, Hanover, VA 23069",2020-12-28T11:56:55.148Z,Inactive,2022-08-07T23:25:55.106Z,687,2020-09-20T02:54:00.240Z,"5405-River-Rd,-Hanover,-VA-23069",37.708314,-77.292399
96,Caroline County,5.0,3.0,2261.0,,,Single Family,299500,2020-11-07T10:33:25.254Z,17022 Courtney Rd,Hanover,VA,23069,"17022 Courtney Rd, Hanover, VA 23069",2020-12-28T10:35:10.589Z,Inactive,2022-08-07T23:22:23.309Z,639,2020-11-07T10:33:25.254Z,"17022-Courtney-Rd,-Hanover,-VA-23069",37.833927,-77.356898
97,King William County,3.0,2.0,1196.0,,,Single Family,229950,2020-11-21T06:22:53.473Z,2474 Calno Rd,Hanover,VA,23069,"2474 Calno Rd, Hanover, VA 23069",2020-12-28T08:55:03.553Z,Inactive,2022-08-07T23:19:37.402Z,625,2020-11-21T06:22:53.473Z,"2474-Calno-Rd,-Hanover,-VA-23069",37.80905,-77.301954
98,Hanover County,4.0,3.0,2785.0,,,Single Family,419950,2020-09-17T15:42:38.558Z,7441 River Rd,Hanover,VA,23069,"7441 River Rd, Hanover, VA 23069",2020-12-17T09:57:14.423Z,Inactive,2022-08-07T23:03:21.235Z,690,2020-09-17T15:42:38.558Z,"7441-River-Rd,-Hanover,-VA-23069",37.746772,-77.357796
99,Hanover County,5.0,4.5,4201.0,,,Single Family,799900,2020-11-14T09:39:57.380Z,7389 Cedarcrest Rd,Hanover,VA,23069,"7389 Cedarcrest Rd, Hanover, VA 23069",2020-11-27T10:48:37.093Z,Inactive,2022-08-07T22:29:58.377Z,632,2020-11-14T09:39:57.380Z,"7389-Cedarcrest-Rd,-Hanover,-VA-23069",37.730542,-77.357698
100,Hanover County,0.0,,,,,Land,69950,2020-10-18T06:42:59.026Z,13265 Fire House Rd,Hanover,VA,23069,"13265 Fire House Rd, Hanover, VA 23069",2020-11-24T05:25:14.970Z,Inactive,2022-08-07T22:21:01.781Z,659,2020-10-18T06:42:59.026Z,"13265-Fire-House-Rd,-Hanover,-VA-23069",37.768755,-77.369678
101,Hanover County,0.0,,,,,Land,235000,2020-10-21T06:20:25.756Z,7125 Dundee Estates Rd,Hanover,VA,23069,"7125 Dundee Estates Rd, Hanover, VA 23069",2020-11-20T10:03:10.622Z,Inactive,2022-08-07T22:14:45.713Z,656,2020-10-21T06:20:25.756Z,"7125-Dundee-Estates-Rd,-Hanover,-VA-23069",37.734153,-77.33702
102,King William County,3.0,2.0,1320.0,,,Single Family,215000,2020-10-01T05:58:02.518Z,1071 Nelsons Bridge Rd,Hanover,VA,23069,"1071 Nelsons Bridge Rd, Hanover, VA 23069",2020-11-17T09:43:07.343Z,Inactive,2022-08-07T22:07:11.249Z,676,2020-10-01T05:58:02.518Z,"1071-Nelsons-Bridge-Rd,-Hanover,-VA-23069",37.780115,-77.261136
103,Hanover County,4.0,2.0,1638.0,,,Single Family,289500,2020-10-02T09:37:07.599Z,8447 Peaks Rd,Hanover,VA,23069,"8447 Peaks Rd, Hanover, VA 23069",2020-11-05T10:07:13.543Z,Inactive,2022-08-07T21:47:42.303Z,675,2020-10-02T09:37:07.599Z,"8447-Peaks-Rd,-Hanover,-VA-23069",37.719737,-77.398093
104,Hanover County,3.0,2.0,1512.0,,,Single Family,289950,2020-09-15T16:48:53.356Z,7421 River Rd,Hanover,VA,23069,"7421 River Rd, Hanover, VA 23069",2020-10-08T06:13:25.264Z,Inactive,2022-08-07T20:53:29.439Z,692,2020-09-15T16:48:53.356Z,"7421-River-Rd,-Hanover,-VA-23069",37.747164,-77.356316
105,Hanover County,5.0,3.5,2520.0,,,Single Family,369500,2020-09-15T23:07:25.139Z,11275 Mandy Ln,Hanover,VA,23069,"11275 Mandy Ln, Hanover, VA 23069",2020-09-28T09:26:57.585Z,Inactive,2022-08-07T20:31:24.685Z,691,2020-09-15T23:07:25.139Z,"11275-Mandy-Ln,-Hanover,-VA-23069",37.714235,-77.394615
106,Hanover County,0.0,,,,,Land,140000,2020-09-15T03:38:04.358Z,7301 Extreme Way,Hanover,VA,23069,"7301 Extreme Way, Hanover, VA 23069",2020-09-28T08:03:47.000Z,Inactive,2022-08-07T20:30:10.799Z,692,2020-09-15T03:38:04.358Z,"7301-Extreme-Way,-Hanover,-VA-23069",37.740742,-77.352098
107,Caroline County,3.0,2.0,1580.0,,,,199900,2020-09-15T03:43:50.979Z,31489 Baylor Rd,Hanover,VA,23069,"31489 Baylor Rd, Hanover, VA 23069",2020-09-21T08:51:53.963Z,Inactive,2022-08-07T20:17:40.567Z,692,2020-09-15T03:43:50.979Z,"31489-Baylor-Rd,-Hanover,-VA-23069",37.829438,-77.371024
108,Hanover County,3.0,1.5,1620.0,,,Single Family,289950,2020-09-15T16:48:53.359Z,12085 Cadys Cove Dr,Hanover,VA,23069,"12085 Cadys Cove Dr, Hanover, VA 23069",2020-09-20T15:44:02.182Z,Inactive,2022-08-07T20:17:40.567Z,692,2020-09-15T16:48:53.359Z,"12085-Cadys-Cove-Dr,-Hanover,-VA-23069",37.730827,-77.38137
