,bedrooms,price,county,propertyType,addressLine1,city,state,zipCode,formattedAddress,lastSeen,listedDate,status,removedDate,daysOnMarket,createdDate,lotSize,bathrooms,squareFootage,yearBuilt,id,latitude,longitude
0,4.0,1085099,Hanover County,Single Family,Bournes Mill Ln,Rockville,VA,23146,"Bournes Mill Ln, Rockville, VA 23146",2022-11-17T10:10:43.483Z,2022-05-15T02:55:23.000Z,Active,,187,2022-07-26T13:22:59.979Z,177725.0,3.0,3571.0,2022.0,"Bournes-Mill-Ln,-Rockville,-VA-23146",37.751416,-77.734349
1,5.0,1298950,Hanover County,Single Family,18500 Willoughby Heights Ln,Rockville,VA,23146,"18500 Willoughby Heights Ln, Rockville, VA 23146",2022-11-17T10:10:43.460Z,2022-07-07T11:46:32.000Z,Active,,133,2022-07-07T12:57:03.014Z,437647.0,3.5,3985.0,2022.0,"18500-Willoughby-Heights-Ln,-Rockville,-VA-23146",37.736853,-77.731579
2,0.0,550000,Hanover County,Land,11286 And 11290 Howards Mill Rd,Rockville,VA,23146,"11286 And 11290 Howards Mill Rd, Rockville, VA 23146",2022-11-17T10:10:43.455Z,2022-07-17T02:19:32.000Z,Active,,124,2022-07-26T13:28:24.279Z,1338599.0,,,,"11286-And-11290-Howards-Mill-Rd,-Rockville,-VA-23146",37.71716,-77.637092
3,5.0,904900,Hanover County,Single Family,18115 Dogwood Trail Rd,Rockville,VA,23146,"18115 Dogwood Trail Rd, Rockville, VA 23146",2022-11-17T10:10:43.451Z,2022-07-27T16:44:23.000Z,Active,,113,2022-10-14T09:09:07.240Z,74967.0,3.5,3632.0,2022.0,"18115-Dogwood-Trail-Rd,-Rockville,-VA-23146",37.719696,-77.724774
4,4.0,806900,Hanover County,Single Family,18111 Dogwood Trail Rd,Rockville,VA,23146,"18111 Dogwood Trail Rd, Rockville, VA 23146",2022-11-17T10:10:43.451Z,2022-07-27T16:40:54.000Z,Active,,113,2022-10-14T09:09:07.241Z,59808.0,3.0,3008.0,2022.0,"18111-Dogwood-Trail-Rd,-Rockville,-VA-23146",37.719706,-77.724489
5,4.0,925000,Hanover County,Single Family,18106 Dogwood Trail Rd,Rockville,VA,23146,"18106 Dogwood Trail Rd, Rockville, VA 23146",2022-11-17T10:10:43.450Z,2022-08-02T15:13:48.000Z,Active,,107,2022-10-14T09:09:07.239Z,53405.0,3.5,3633.0,2022.0,"18106-Dogwood-Trail-Rd,-Rockville,-VA-23146",37.720107,-77.720034
6,4.0,866900,Hanover County,Single Family,18118 Dogwood Trail Rd,Rockville,VA,23146,"18118 Dogwood Trail Rd, Rockville, VA 23146",2022-11-17T10:10:43.450Z,2022-07-27T16:17:43.000Z,Active,,113,2022-10-14T09:09:07.241Z,73834.0,3.5,3410.0,2022.0,"18118-Dogwood-Trail-Rd,-Rockville,-VA-23146",37.720013,-77.723414
7,6.0,1032401,Hanover County,Single Family,18126 Dogwood Trail Way,Rockville,VA,23146,"18126 Dogwood Trail Way, Rockville, VA 23146",2022-11-17T10:10:43.441Z,2022-08-22T15:10:35.000Z,Active,,87,2022-10-14T09:09:07.231Z,73442.0,5.0,4821.0,2022.0,"18126-Dogwood-Trail-Way,-Rockville,-VA-23146",37.719936,-77.725662
8,5.0,927598,Hanover County,Single Family,18110 Dogwood Trail Way,Rockville,VA,23146,"18110 Dogwood Trail Way, Rockville, VA 23146",2022-11-17T10:10:43.441Z,2022-08-22T15:28:46.000Z,Active,,87,2022-10-14T09:09:07.232Z,71090.0,4.0,3715.0,2022.0,"18110-Dogwood-Trail-Way,-Rockville,-VA-23146",37.720088,-77.721169
9,3.0,375000,Hanover County,Single Family,17222 Pouncey Tract Rd,Rockville,VA,23146,"17222 Pouncey Tract Rd, Rockville, VA 23146",2022-11-17T09:59:32.660Z,2022-09-22T00:17:26.000Z,Active,,57,2022-09-22T08:23:34.137Z,326700.0,2.5,3865.0,1699.0,"17222-Pouncey-Tract-Rd,-Rockville,-VA-23146",37.73057,-77.694131
10,,635000,Hanover County,Land,18136 Dogwood Trail Rd,Rockville,VA,23146,"18136 Dogwood Trail Rd, Rockville, VA 23146",2022-11-17T09:59:32.645Z,2022-10-20T19:10:37.000Z,Active,,28,2022-10-21T11:18:37.920Z,2107346.0,,,,"18136-Dogwood-Trail-Rd,-Rockville,-VA-23146",37.719996,-77.723976
11,,220000,Hanover County,Land,18130 Dogwood Trail Rd,Rockville,VA,23146,"18130 Dogwood Trail Rd, Rockville, VA 23146",2022-11-17T09:59:32.637Z,2022-11-02T14:43:50.000Z,Active,,15,2022-11-03T08:55:14.464Z,69435.0,,,,"18130-Dogwood-Trail-Rd,-Rockville,-VA-23146",37.720018,-77.723226
12,,215000,Hanover County,Land,18103 Dogwood Trail Rd,Rockville,VA,23146,"18103 Dogwood Trail Rd, Rockville, VA 23146",2022-11-17T09:59:32.636Z,2022-11-02T14:43:50.000Z,Active,,15,2022-11-03T08:55:14.461Z,70872.0,,,,"18103-Dogwood-Trail-Rd,-Rockville,-VA-23146",37.719724,-77.723915
13,3.0,345000,Hanover County,Single Family,11434 Pinhook Rd,Rockville,VA,23146,"11434 Pinhook Rd, Rockville, VA 23146",2022-11-17T09:59:32.621Z,2022-11-11T21:19:37.000Z,Active,,6,2022-11-12T10:03:05.369Z,217800.0,2.0,1375.0,1978.0,"11434-Pinhook-Rd,-Rockville,-VA-23146",37.724304,-77.765154
14,4.0,875000,Hanover County,Single Family,11287 Rosemont Dr,Rockville,VA,23146,"11287 Rosemont Dr, Rockville, VA 23146",2022-11-14T08:24:32.481Z,2022-09-22T23:28:29.000Z,Active,,53,2022-09-23T08:57:30.080Z,322344.0,4.0,2624.0,1986.0,"11287-Rosemont-Dr,-Rockville,-VA-23146",37.716845,-77.701505
15,4.0,1250000,Hanover County,Single Family,17206 Kirkpatrick Pl,Rockville,VA,23146,"17206 Kirkpatrick Pl, Rockville, VA 23146",2022-10-30T08:29:26.775Z,2022-10-25T15:19:50.000Z,Inactive,2022-11-06T14:53:11.921Z,12,2020-09-15T03:38:04.368Z,487872.0,3.5,4265.0,2021.0,"17206-Kirkpatrick-Pl,-Rockville,-VA-23146",37.752418,-77.688557
16,4.0,425000,Goochland County,Single Family,2028 Rockville Rd,Rockville,VA,23146,"2028 Rockville Rd, Rockville, VA 23146",2022-10-26T08:13:14.400Z,2022-10-06T13:34:49.000Z,Inactive,2022-11-02T14:52:11.026Z,28,2022-10-07T08:08:09.324Z,130680.0,2.5,2545.0,1973.0,"2028-Rockville-Rd,-Rockville,-VA-23146",37.678218,-77.678685
17,3.0,349950,Hanover County,Single Family,11367 Pinhook Rd,Rockville,VA,23146,"11367 Pinhook Rd, Rockville, VA 23146",2022-10-03T08:01:27.376Z,2022-09-30T14:38:20.000Z,Inactive,2022-10-10T14:52:35.800Z,11,2022-10-01T10:02:31.512Z,111122.0,2.0,1568.0,1991.0,"11367-Pinhook-Rd,-Rockville,-VA-23146",37.721666,-77.768999
18,3.0,470000,Hanover County,Single Family,11402 Whispering Pines Ct,Rockville,VA,23146,"11402 Whispering Pines Ct, Rockville, VA 23146",2022-09-17T08:55:00.027Z,2022-08-25T18:25:37.000Z,Inactive,2022-09-24T14:55:51.956Z,30,2022-08-26T08:19:46.179Z,87120.0,2.5,2363.0,1992.0,"11402-Whispering-Pines-Ct,-Rockville,-VA-23146",37.724289,-77.762769
19,5.0,895000,Hanover County,Single Family,11527 Primrose Ln,Rockville,VA,23146,"11527 Primrose Ln, Rockville, VA 23146",2022-09-14T10:01:47.612Z,2022-05-25T04:32:38.000Z,Inactive,2022-09-21T14:53:27.523Z,120,2022-05-25T11:00:38.440Z,283140.0,5.0,6360.0,1986.0,"11527-Primrose-Ln,-Rockville,-VA-23146",37.724122,-77.705659
20,3.0,425000,Hanover County,Single Family,11410 Rosemont Dr,Rockville,VA,23146,"11410 Rosemont Dr, Rockville, VA 23146",2022-09-11T08:39:16.025Z,2022-08-18T04:32:54.000Z,Inactive,2022-09-18T14:54:54.787Z,32,2022-08-18T09:26:15.121Z,102366.0,2.0,1727.0,1984.0,"11410-Rosemont-Dr,-Rockville,-VA-23146",37.724061,-77.698228
21,3.0,525000,Hanover County,Single Family,19297 Whistling Dr,Rockville,VA,23146,"19297 Whistling Dr, Rockville, VA 23146",2022-09-05T08:05:13.080Z,2022-08-29T12:59:36.000Z,Inactive,2022-09-12T14:53:18.601Z,15,2022-08-30T10:15:48.424Z,436036.0,2.0,2419.0,1998.0,"19297-Whistling-Dr,-Rockville,-VA-23146",37.727213,-77.760235
22,5.0,2650000,Hanover County,Single Family,12428 Walnut Hill Dr,Rockville,VA,23146,"12428 Walnut Hill Dr, Rockville, VA 23146",2022-09-01T09:48:15.033Z,2022-08-17T20:02:37.000Z,Inactive,2022-09-08T14:52:37.419Z,22,2022-08-18T09:26:15.119Z,1742400.0,7.5,6072.0,1954.0,"12428-Walnut-Hill-Dr,-Rockville,-VA-23146",37.753814,-77.685304
23,3.0,450000,Hanover County,Single Family,19385 Sterling Creek Ln,Rockville,VA,23146,"19385 Sterling Creek Ln, Rockville, VA 23146",2022-08-14T09:45:36.737Z,2022-07-07T02:02:36.000Z,Inactive,2022-08-21T14:54:29.051Z,46,2022-07-07T10:27:15.553Z,130680.0,3.5,2700.0,1994.0,"19385-Sterling-Creek-Ln,-Rockville,-VA-23146",37.74312,-77.775425
24,4.0,299999,Hanover County,Single Family,16454 Foxwood Ln,Rockville,VA,23146,"16454 Foxwood Ln, Rockville, VA 23146",2022-08-09T08:12:05.877Z,2022-08-03T01:58:26.000Z,Inactive,2022-08-16T14:51:14.279Z,14,2022-08-05T05:32:29.023Z,130680.0,3.0,2240.0,1974.0,"16454-Foxwood-Ln,-Rockville,-VA-23146",37.707542,-77.676859
25,0.0,379000,Hanover County,Land,11332 Northwest Ln,Rockville,VA,23146,"11332 Northwest Ln, Rockville, VA 23146",2022-08-06T10:49:30.888Z,2022-03-22T06:49:18.190Z,Inactive,2022-08-13T15:10:16.518Z,145,2022-03-22T06:49:18.190Z,858568.0,,,,"11332-Northwest-Ln,-Rockville,-VA-23146",37.721833,-77.740045
26,4.0,449950,Hanover County,Single Family,19447 Explorer Ridge Rd,Rockville,VA,23146,"19447 Explorer Ridge Rd, Rockville, VA 23146",2022-08-06T08:59:26.740Z,2022-06-24T08:41:57.497Z,Inactive,2022-08-13T15:03:07.272Z,51,2022-06-24T08:41:57.497Z,435600.0,3.5,3118.0,1997.0,"19447-Explorer-Ridge-Rd,-Rockville,-VA-23146",37.736959,-77.7786
27,4.0,570950,Goochland County,Single Family,2511 Carver Oaks Ct,Rockville,VA,23146,"2511 Carver Oaks Ct, Rockville, VA 23146",2022-08-06T07:09:40.114Z,2021-12-01T07:12:12.961Z,Inactive,2022-08-13T14:58:08.634Z,256,2021-12-01T07:12:12.961Z,,3.5,3490.0,2021.0,"2511-Carver-Oaks-Ct,-Rockville,-VA-23146",37.715215,-77.766817
28,3.0,525000,Hanover County,Single Family,16066 Mile Branch Rd,Rockville,VA,23146,"16066 Mile Branch Rd, Rockville, VA 23146",2022-07-28T12:54:11.253Z,2022-06-07T09:12:54.580Z,Inactive,2022-08-12T17:49:27.325Z,67,2022-06-07T09:12:54.580Z,,2.0,2459.0,,"16066-Mile-Branch-Rd,-Rockville,-VA-23146",37.716634,-77.650372
29,4.0,495000,Hanover County,Single Family,16083 Pouncey Tract Rd,Rockville,VA,23146,"16083 Pouncey Tract Rd, Rockville, VA 23146",2022-07-28T12:54:11.240Z,2022-06-10T10:42:56.216Z,Inactive,2022-08-12T17:49:27.325Z,64,2022-06-10T10:42:56.216Z,,3.0,3363.0,,"16083-Pouncey-Tract-Rd,-Rockville,-VA-23146",37.717565,-77.65023
30,3.0,449950,Hanover County,Single Family,12090 Birchleaf Dr,Rockville,VA,23146,"12090 Birchleaf Dr, Rockville, VA 23146",2022-07-28T06:50:48.742Z,2022-06-11T08:24:33.952Z,Inactive,2022-08-12T17:39:05.438Z,63,2022-06-11T08:24:33.952Z,,2.0,1904.0,,"12090-Birchleaf-Dr,-Rockville,-VA-23146",37.733492,-77.662579
31,3.0,399950,Hanover County,Single Family,19421 Turkey Rd,Rockville,VA,23146,"19421 Turkey Rd, Rockville, VA 23146",2022-07-28T06:50:48.728Z,2022-06-21T05:35:04.337Z,Inactive,2022-08-12T17:39:05.438Z,53,2022-06-21T05:35:04.337Z,,2.5,1956.0,,"19421-Turkey-Rd,-Rockville,-VA-23146",37.739366,-77.775334
32,4.0,395000,Hanover County,Single Family,12288 Wise Ln,Rockville,VA,23146,"12288 Wise Ln, Rockville, VA 23146",2022-07-28T06:20:01.345Z,2021-11-06T06:03:27.135Z,Inactive,2022-08-12T17:39:05.438Z,280,2021-11-06T06:03:27.135Z,,2.5,2100.0,,"12288-Wise-Ln,-Rockville,-VA-23146",37.744763,-77.681656
33,4.0,559900,Hanover County,Single Family,12213 Victoria Hills Rd,Rockville,VA,23146,"12213 Victoria Hills Rd, Rockville, VA 23146",2022-07-14T10:31:07.616Z,2022-06-04T12:31:08.224Z,Inactive,2022-08-12T17:05:22.547Z,70,2022-06-04T12:31:08.224Z,,2.5,2682.0,,"12213-Victoria-Hills-Rd,-Rockville,-VA-23146",37.735439,-77.773282
34,5.0,499950,Hanover County,Single Family,12048 S Anna Dr,Rockville,VA,23146,"12048 S Anna Dr, Rockville, VA 23146",2022-07-12T08:38:41.718Z,2022-05-18T10:27:16.235Z,Inactive,2022-08-12T16:58:57.067Z,87,2022-05-18T10:27:16.235Z,,3.0,2464.0,,"12048-S-Anna-Dr,-Rockville,-VA-23146",37.731228,-77.66181
35,2.0,325000,Hanover County,Single Family,18416 Vontay Rd,Rockville,VA,23146,"18416 Vontay Rd, Rockville, VA 23146",2022-06-30T10:50:48.066Z,2022-05-17T06:21:18.966Z,Inactive,2022-08-12T16:35:30.883Z,88,2022-05-17T06:21:18.966Z,,2.0,1544.0,,"18416-Vontay-Rd,-Rockville,-VA-23146",37.75859,-77.742795
36,4.0,649950,Goochland County,Single Family,2309 Temple Ln,Rockville,VA,23146,"2309 Temple Ln, Rockville, VA 23146",2022-06-25T07:47:13.466Z,2022-04-06T06:00:34.122Z,Inactive,2022-08-12T16:22:59.673Z,129,2022-04-06T06:00:34.122Z,,2.5,3185.0,,"2309-Temple-Ln,-Rockville,-VA-23146",37.714182,-77.758736
37,0.0,249000,Hanover County,Land,12095 Victoria Hills Rd,Rockville,VA,23146,"12095 Victoria Hills Rd, Rockville, VA 23146",2022-06-20T07:10:36.346Z,2022-04-24T06:46:49.254Z,Inactive,2022-08-12T16:10:12.224Z,111,2022-04-24T06:46:49.254Z,,,,,"12095-Victoria-Hills-Rd,-Rockville,-VA-23146",37.734808,-77.778306
38,3.0,350000,Hanover County,Single Family,12194 S Anna Dr,Rockville,VA,23146,"12194 S Anna Dr, Rockville, VA 23146",2022-05-24T08:13:45.884Z,2022-04-24T07:08:17.040Z,Inactive,2022-08-12T15:12:26.986Z,111,2022-04-24T07:08:17.040Z,,2.5,1816.0,,"12194-S-Anna-Dr,-Rockville,-VA-23146",37.738262,-77.657595
39,3.0,325000,Hanover County,Single Family,12179 S Anna Dr,Rockville,VA,23146,"12179 S Anna Dr, Rockville, VA 23146",2022-05-16T06:29:55.921Z,2022-04-12T10:42:30.722Z,Inactive,2022-08-12T14:54:08.342Z,123,2022-04-12T10:42:30.722Z,,2.0,1605.0,,"12179-S-Anna-Dr,-Rockville,-VA-23146",37.737985,-77.65901
40,4.0,750000,Hanover County,Single Family,17438 Pouncey Tract Rd,Rockville,VA,23146,"17438 Pouncey Tract Rd, Rockville, VA 23146",2022-05-13T09:46:43.194Z,2022-04-01T11:43:38.468Z,Inactive,2022-08-11T14:50:48.772Z,133,2022-04-01T11:43:38.468Z,,3.5,3268.0,,"17438-Pouncey-Tract-Rd,-Rockville,-VA-23146",37.739086,-77.701961
41,4.0,507950,Goochland County,Single Family,2504 Carver Oaks Ct,Rockville,VA,23146,"2504 Carver Oaks Ct, Rockville, VA 23146",2022-05-03T09:10:37.777Z,2021-12-01T07:12:12.960Z,Inactive,2022-08-10T16:17:08.526Z,253,2021-12-01T07:12:12.960Z,,2.5,2926.0,,"2504-Carver-Oaks-Ct,-Rockville,-VA-23146",37.716003,-77.769219
42,3.0,650000,Hanover County,Single Family,18031 Dogwood Trail Rd,Rockville,VA,23146,"18031 Dogwood Trail Rd, Rockville, VA 23146",2022-04-15T08:18:43.650Z,2022-03-15T10:25:18.072Z,Inactive,2022-08-10T15:36:42.660Z,149,2022-03-15T10:25:18.072Z,,2.5,1300.0,,"18031-Dogwood-Trail-Rd,-Rockville,-VA-23146",37.717662,-77.716039
43,4.0,561950,Goochland County,Single Family,2514 Carver Oaks Ct,Rockville,VA,23146,"2514 Carver Oaks Ct, Rockville, VA 23146",2022-04-05T07:51:51.432Z,2021-12-01T07:12:12.962Z,Inactive,2022-08-10T15:14:05.116Z,253,2021-12-01T07:12:12.962Z,,3.0,2835.0,,"2514-Carver-Oaks-Ct,-Rockville,-VA-23146",37.716443,-77.765865
44,4.0,629000,Hanover County,Single Family,19109 Blackberry Ln,Rockville,VA,23146,"19109 Blackberry Ln, Rockville, VA 23146",2022-04-04T11:59:20.233Z,2022-02-12T09:12:19.795Z,Inactive,2022-08-10T15:10:56.536Z,180,2022-02-12T09:12:19.795Z,,2.5,2619.0,,"19109-Blackberry-Ln,-Rockville,-VA-23146",37.735533,-77.757034
45,4.0,500950,Goochland County,Single Family,2506 Carver Oaks Ct,Rockville,VA,23146,"2506 Carver Oaks Ct, Rockville, VA 23146",2022-03-23T09:02:01.872Z,2021-12-01T07:12:12.959Z,Inactive,2022-08-09T21:33:59.137Z,252,2021-12-01T07:12:12.959Z,,2.5,2926.0,,"2506-Carver-Oaks-Ct,-Rockville,-VA-23146",37.71622,-77.768069
46,4.0,449950,Hanover County,Single Family,12123 S Anna Dr,Rockville,VA,23146,"12123 S Anna Dr, Rockville, VA 23146",2022-03-23T07:32:21.628Z,2022-02-18T09:47:59.217Z,Inactive,2022-08-09T21:33:59.137Z,173,2022-02-18T09:47:59.217Z,,3.0,2400.0,,"12123-S-Anna-Dr,-Rockville,-VA-23146",37.735216,-77.660991
47,4.0,534950,Goochland County,Single Family,2505 Carver Oaks Ct,Rockville,VA,23146,"2505 Carver Oaks Ct, Rockville, VA 23146",2022-03-11T05:35:02.723Z,2021-12-01T07:12:12.959Z,Inactive,2022-08-09T21:09:05.544Z,252,2021-12-01T07:12:12.959Z,,2.5,3341.0,,"2505-Carver-Oaks-Ct,-Rockville,-VA-23146",37.715145,-77.767986
48,5.0,499750,Hanover County,Single Family,19415 Turkey Rd,Rockville,VA,23146,"19415 Turkey Rd, Rockville, VA 23146",2022-02-28T10:15:33.132Z,2021-11-20T09:48:52.486Z,Inactive,2022-08-09T20:43:23.600Z,263,2021-11-20T09:48:52.486Z,,2.5,2600.0,,"19415-Turkey-Rd,-Rockville,-VA-23146",37.738827,-77.774522
49,3.0,150000,Hanover County,Single Family,16334 Pouncey Tract Rd,Rockville,VA,23146,"16334 Pouncey Tract Rd, Rockville, VA 23146",2022-02-28T05:50:58.500Z,2021-12-24T05:10:14.795Z,Inactive,2022-08-09T20:42:00.821Z,229,2021-12-24T05:10:14.795Z,,1.0,2304.0,,"16334-Pouncey-Tract-Rd,-Rockville,-VA-23146",37.727401,-77.661891
50,3.0,329950,Goochland County,Single Family,2541 Oilville Rd,Rockville,VA,23146,"2541 Oilville Rd, Rockville, VA 23146",2022-02-25T08:09:34.891Z,2021-08-21T05:41:33.461Z,Inactive,2022-08-09T20:39:17.002Z,354,2021-08-21T05:41:33.461Z,,2.0,2448.0,,"2541-Oilville-Rd,-Rockville,-VA-23146",37.718129,-77.771127
51,3.0,459950,Hanover County,Single Family,19060 Little Creek Ln,Rockville,VA,23146,"19060 Little Creek Ln, Rockville, VA 23146",2022-02-08T08:36:16.021Z,2022-01-15T09:31:26.920Z,Inactive,2022-08-09T20:05:40.890Z,207,2022-01-15T09:31:26.920Z,,2.5,2452.0,,"19060-Little-Creek-Ln,-Rockville,-VA-23146",37.750236,-77.751442
52,3.0,369950,Hanover County,Single Family,11423 Rosemont Dr,Rockville,VA,23146,"11423 Rosemont Dr, Rockville, VA 23146",2022-02-02T08:31:57.388Z,2021-10-24T07:40:15.539Z,Inactive,2022-08-09T19:55:54.577Z,290,2021-10-24T07:40:15.539Z,,2.0,1784.0,,"11423-Rosemont-Dr,-Rockville,-VA-23146",37.724429,-77.700786
53,4.0,260000,Hanover County,Single Family,13042 Owen Farm Ln,Rockville,VA,23146,"13042 Owen Farm Ln, Rockville, VA 23146",2021-12-31T07:29:50.982Z,2021-11-18T09:50:53.750Z,Inactive,2022-08-09T18:54:01.501Z,265,2021-11-18T09:50:53.750Z,,2.0,1666.0,,"13042-Owen-Farm-Ln,-Rockville,-VA-23146",37.759169,-77.734256
54,4.0,489950,Hanover County,Single Family,20021 Woodland Fox Ln,Rockville,VA,23146,"20021 Woodland Fox Ln, Rockville, VA 23146",2021-12-25T10:02:11.131Z,2021-11-20T09:48:52.481Z,Inactive,2022-08-09T18:43:11.558Z,263,2021-11-20T09:48:52.481Z,,3.5,3161.0,,"20021-Woodland-Fox-Ln,-Rockville,-VA-23146",37.73924,-77.785848
55,3.0,299000,Hanover County,Single Family,19221 Turkey Rd,Rockville,VA,23146,"19221 Turkey Rd, Rockville, VA 23146",2021-12-21T10:04:51.440Z,2021-10-12T06:15:17.079Z,Inactive,2022-08-09T18:33:58.747Z,302,2021-10-12T06:15:17.079Z,,2.0,1188.0,,"19221-Turkey-Rd,-Rockville,-VA-23146",37.741348,-77.7645
56,0.0,279950,Hanover County,Land,12411 Oilville Manor Ct,Rockville,VA,23146,"12411 Oilville Manor Ct, Rockville, VA 23146",2021-12-19T07:22:04.110Z,2021-10-30T07:11:23.532Z,Inactive,2022-08-09T18:29:15.885Z,284,2021-10-30T07:11:23.532Z,,,,,"12411-Oilville-Manor-Ct,-Rockville,-VA-23146",37.724985,-77.772404
57,4.0,300000,Hanover County,Single Family,12179 Tiller Cir,Rockville,VA,23146,"12179 Tiller Cir, Rockville, VA 23146",2021-12-16T07:41:45.331Z,2021-11-14T07:25:40.438Z,Inactive,2022-08-09T18:23:13.030Z,269,2021-11-14T07:25:40.438Z,,3.0,2225.0,,"12179-Tiller-Cir,-Rockville,-VA-23146",37.737491,-77.646125
58,0.0,199950,Hanover County,Land,17544 Carrington Glen Ln,Rockville,VA,23146,"17544 Carrington Glen Ln, Rockville, VA 23146",2021-12-16T07:05:03.102Z,2021-02-11T09:37:30.766Z,Inactive,2022-08-09T18:23:13.030Z,545,2021-02-11T09:37:30.766Z,,3.5,3227.0,,"17544-Carrington-Glen-Ln,-Rockville,-VA-23146",37.731292,-77.705691
59,0.0,214950,Hanover County,Land,12424 Oilville Manor Ct,Rockville,VA,23146,"12424 Oilville Manor Ct, Rockville, VA 23146",2021-12-15T07:17:38.182Z,2021-10-30T06:39:34.406Z,Inactive,2022-08-09T18:19:48.528Z,284,2021-10-30T06:39:34.406Z,,,,,"12424-Oilville-Manor-Ct,-Rockville,-VA-23146",37.728803,-77.775232
60,3.0,324950,Hanover County,Single Family,12273 Howards Mill Rd,Rockville,VA,23146,"12273 Howards Mill Rd, Rockville, VA 23146",2021-12-08T06:22:54.693Z,2021-10-09T07:58:31.699Z,Inactive,2022-08-09T18:03:30.251Z,305,2021-10-09T07:58:31.699Z,,2.5,1428.0,,"12273-Howards-Mill-Rd,-Rockville,-VA-23146",37.742259,-77.650046
61,0.0,199950,Hanover County,Land,12412 Oilville Manor Ct,Rockville,VA,23146,"12412 Oilville Manor Ct, Rockville, VA 23146",2021-12-08T05:30:25.134Z,2021-10-30T06:39:34.401Z,Inactive,2022-08-09T18:03:30.251Z,284,2021-10-30T06:39:34.401Z,,,,,"12412-Oilville-Manor-Ct,-Rockville,-VA-23146",37.727131,-77.771768
62,0.0,295000,Hanover County,Land,18505 Willoughby Heights Ln,Rockville,VA,23146,"18505 Willoughby Heights Ln, Rockville, VA 23146",2021-12-05T06:45:47.125Z,2021-06-16T05:51:16.703Z,Inactive,2022-08-09T17:57:28.413Z,420,2021-06-16T05:51:16.703Z,,,,,"18505-Willoughby-Heights-Ln,-Rockville,-VA-23146",37.734643,-77.7314
63,0.0,425000,Hanover County,Land,17221 Kirkpatrick Pl,Rockville,VA,23146,"17221 Kirkpatrick Pl, Rockville, VA 23146",2021-11-12T10:08:27.539Z,2021-09-24T15:19:01.605Z,Inactive,2022-08-09T17:07:34.675Z,320,2021-09-24T15:19:01.605Z,,,,,"17221-Kirkpatrick-Pl,-Rockville,-VA-23146",37.753189,-77.697283
64,3.0,385000,Hanover County,Single Family,12082 Windswept Ct,Rockville,VA,23146,"12082 Windswept Ct, Rockville, VA 23146",2021-11-09T10:16:31.611Z,2021-10-06T10:15:19.321Z,Inactive,2022-08-09T16:59:42.835Z,308,2021-10-06T10:15:19.321Z,,2.0,1956.0,,"12082-Windswept-Ct,-Rockville,-VA-23146",37.732009,-77.760657
65,0.0,425000,Goochland County,Land,Echo Meadows Rd,Rockville,VA,23146,"Echo Meadows Rd, Rockville, VA 23146",2021-10-26T08:59:00.203Z,2021-08-29T05:21:11.466Z,Inactive,2022-08-09T16:24:37.657Z,346,2021-08-29T05:21:11.466Z,,,,,"Echo-Meadows-Rd,-Rockville,-VA-23146",37.702939,-77.689785
66,5.0,650000,Hanover County,Single Family,20018 Woodland Fox Ln,Rockville,VA,23146,"20018 Woodland Fox Ln, Rockville, VA 23146",2021-10-23T12:48:47.695Z,2021-06-22T08:55:10.808Z,Inactive,2022-08-09T16:18:38.058Z,414,2021-06-22T08:55:10.808Z,,3.5,3424.0,,"20018-Woodland-Fox-Ln,-Rockville,-VA-23146",37.741261,-77.782087
67,5.0,425000,Hanover County,Single Family,20043 Feather Dr,Rockville,VA,23146,"20043 Feather Dr, Rockville, VA 23146",2021-10-08T09:45:21.657Z,2021-08-19T12:54:12.564Z,Inactive,2022-08-09T15:44:27.065Z,356,2021-08-19T12:54:12.564Z,,3.5,2546.0,,"20043-Feather-Dr,-Rockville,-VA-23146",37.747604,-77.786999
68,4.0,699900,Hanover County,Single Family,13320 Dove Tree Ln,Rockville,VA,23146,"13320 Dove Tree Ln, Rockville, VA 23146",2021-09-30T10:41:54.107Z,2021-08-19T13:41:11.524Z,Inactive,2022-08-09T15:24:06.340Z,356,2021-08-19T13:41:11.524Z,,2.5,3395.0,,"13320-Dove-Tree-Ln,-Rockville,-VA-23146",37.759254,-77.759342
69,4.0,524950,Hanover County,Single Family,12220 Stirrup Cup Ln,Rockville,VA,23146,"12220 Stirrup Cup Ln, Rockville, VA 23146",2021-09-16T10:04:52.476Z,2021-08-12T12:56:58.629Z,Inactive,2022-08-08T19:59:35.171Z,362,2021-08-12T12:56:58.629Z,,3.5,2929.0,,"12220-Stirrup-Cup-Ln,-Rockville,-VA-23146",37.741598,-77.78366
70,4.0,450000,Goochland County,Single Family,2475 Hillstream Dr,Rockville,VA,23146,"2475 Hillstream Dr, Rockville, VA 23146",2021-09-14T10:44:03.255Z,2021-08-08T10:58:04.782Z,Inactive,2022-08-08T19:53:48.945Z,366,2021-08-08T10:58:04.782Z,,2.5,3092.0,,"2475-Hillstream-Dr,-Rockville,-VA-23146",37.713645,-77.771102
71,2.0,375000,Goochland County,Single Family,2346 Hampden Row,Rockville,VA,23146,"2346 Hampden Row, Rockville, VA 23146",2021-09-09T06:43:54.788Z,2021-08-08T09:30:39.142Z,Inactive,2022-08-08T19:42:05.012Z,366,2021-08-08T09:30:39.142Z,,2.5,2092.0,,"2346-Hampden-Row,-Rockville,-VA-23146",37.699738,-77.705258
72,4.0,369950,Hanover County,Single Family,20004 Sterling Creek Ln,Rockville,VA,23146,"20004 Sterling Creek Ln, Rockville, VA 23146",2021-08-31T10:03:36.190Z,2021-07-18T05:43:47.721Z,Inactive,2022-08-08T19:25:34.554Z,387,2021-07-18T05:43:47.721Z,,2.5,2088.0,,"20004-Sterling-Creek-Ln,-Rockville,-VA-23146",37.747738,-77.783885
73,5.0,575000,Hanover County,Single Family,11501 Primrose Ln,Rockville,VA,23146,"11501 Primrose Ln, Rockville, VA 23146",2021-08-19T13:11:45.507Z,2021-06-16T10:26:10.982Z,Inactive,2022-08-08T19:07:11.940Z,419,2021-06-16T10:26:10.982Z,,2.5,3491.0,,"11501-Primrose-Ln,-Rockville,-VA-23146",37.722094,-77.704795
74,4.0,850000,Goochland County,Single Family,2038 Rockville Rd,Rockville,VA,23146,"2038 Rockville Rd, Rockville, VA 23146",2021-08-12T07:59:55.209Z,2021-06-05T06:47:39.562Z,Inactive,2022-08-08T18:40:57.145Z,430,2021-06-05T06:47:39.562Z,,3.5,2998.0,,"2038-Rockville-Rd,-Rockville,-VA-23146",37.678898,-77.679527
75,4.0,399950,Hanover County,Single Family,12240 Shop Creek Dr,Rockville,VA,23146,"12240 Shop Creek Dr, Rockville, VA 23146",2021-07-19T09:36:38.176Z,2021-06-05T09:15:07.611Z,Inactive,2022-08-06T20:41:31.963Z,428,2021-06-05T09:15:07.611Z,,2.0,2333.0,,"12240-Shop-Creek-Dr,-Rockville,-VA-23146",37.740623,-77.701666
76,4.0,434600,Hanover County,Single Family,17648 Dogwood Trail Rd,Rockville,VA,23146,"17648 Dogwood Trail Rd, Rockville, VA 23146",2021-07-12T09:40:52.896Z,2021-04-09T11:40:04.421Z,Inactive,2022-08-06T20:55:16.747Z,485,2021-04-09T11:40:04.421Z,,2.5,2792.0,,"17648-Dogwood-Trail-Rd,-Rockville,-VA-23146",37.720671,-77.714673
77,3.0,410000,Hanover County,Single Family,17097 Pouncey Tract Rd,Rockville,VA,23146,"17097 Pouncey Tract Rd, Rockville, VA 23146",2021-07-12T09:40:52.878Z,2021-06-05T11:42:36.751Z,Inactive,2022-08-06T20:55:16.747Z,428,2021-06-05T11:42:36.751Z,,1.5,1864.0,,"17097-Pouncey-Tract-Rd,-Rockville,-VA-23146",37.726108,-77.687253
78,5.0,769000,Hanover County,Single Family,18255 Dogwood Trail Rd,Rockville,VA,23146,"18255 Dogwood Trail Rd, Rockville, VA 23146",2021-07-01T12:09:03.038Z,2020-12-13T10:52:36.689Z,Inactive,2022-08-07T15:27:02.919Z,603,2020-12-13T10:52:36.689Z,,3.5,3695.0,,"18255-Dogwood-Trail-Rd,-Rockville,-VA-23146",37.715982,-77.731403
79,5.0,785000,Hanover County,Single Family,12155 Newton Hills Ct,Rockville,VA,23146,"12155 Newton Hills Ct, Rockville, VA 23146",2021-06-30T11:16:22.114Z,2021-04-09T11:48:06.903Z,Inactive,2022-08-07T15:36:57.158Z,486,2021-04-09T11:48:06.903Z,,5.0,6393.0,,"12155-Newton-Hills-Ct,-Rockville,-VA-23146",37.735593,-77.736298
80,0.0,242000,Hanover County,Land,Dunns Chapel Rd,Rockville,VA,23146,"Dunns Chapel Rd, Rockville, VA 23146",2021-06-30T05:44:31.524Z,2021-05-12T05:38:44.038Z,Inactive,2022-08-07T15:43:01.963Z,453,2021-05-12T05:38:44.038Z,,,,,"Dunns-Chapel-Rd,-Rockville,-VA-23146",37.756878,-77.703242
81,4.0,630000,Hanover County,Single Family,13286 Spring Rd,Rockville,VA,23146,"13286 Spring Rd, Rockville, VA 23146",2021-05-16T10:35:20.634Z,2021-02-06T07:40:20.627Z,Inactive,2022-08-07T19:17:29.712Z,548,2021-02-06T07:40:20.627Z,,3.5,3768.0,,"13286-Spring-Rd,-Rockville,-VA-23146",37.768067,-77.741647
82,3.0,299950,Hanover County,Single Family,12188 Loblolly Ln,Rockville,VA,23146,"12188 Loblolly Ln, Rockville, VA 23146",2021-05-16T06:44:51.799Z,2021-04-18T08:24:57.263Z,Inactive,2022-08-07T19:37:30.483Z,477,2021-04-18T08:24:57.263Z,,2.5,1600.0,,"12188-Loblolly-Ln,-Rockville,-VA-23146",37.739106,-77.660026
83,3.0,579000,Hanover County,Single Family,11371 Watkins Rd,Rockville,VA,23146,"11371 Watkins Rd, Rockville, VA 23146",2021-05-12T07:58:29.056Z,2021-04-09T11:48:06.466Z,Inactive,2022-08-08T18:19:17.197Z,487,2021-04-09T11:48:06.466Z,,2.5,2350.0,,"11371-Watkins-Rd,-Rockville,-VA-23146",37.721948,-77.748405
84,5.0,550000,Hanover County,Single Family,11404 Rosemont Dr,Rockville,VA,23146,"11404 Rosemont Dr, Rockville, VA 23146",2021-04-20T10:01:15.375Z,2021-03-25T07:27:06.651Z,Inactive,2022-08-08T17:48:44.822Z,502,2021-03-25T07:27:06.651Z,,3.5,3573.0,,"11404-Rosemont-Dr,-Rockville,-VA-23146",37.723532,-77.699361
85,4.0,449950,Hanover County,Single Family,16536 Locust Hill Dr,Rockville,VA,23146,"16536 Locust Hill Dr, Rockville, VA 23146",2021-04-20T09:53:05.412Z,2021-03-05T09:59:16.000Z,Inactive,2022-08-08T17:47:29.495Z,522,2021-03-05T09:59:16.000Z,,3.5,3018.0,,"16536-Locust-Hill-Dr,-Rockville,-VA-23146",37.721208,-77.67892
86,4.0,439950,Hanover County,Single Family,12341 Stancroft Rd,Rockville,VA,23146,"12341 Stancroft Rd, Rockville, VA 23146",2021-04-20T09:53:05.399Z,2021-03-05T09:53:35.600Z,Inactive,2022-08-08T17:47:29.495Z,522,2021-03-05T09:53:35.600Z,,2.5,2896.0,,"12341-Stancroft-Rd,-Rockville,-VA-23146",37.748781,-77.770103
87,4.0,384950,Hanover County,Single Family,12220 Hunting Horn Ln,Rockville,VA,23146,"12220 Hunting Horn Ln, Rockville, VA 23146",2021-04-20T09:43:03.925Z,2021-03-25T05:51:02.531Z,Inactive,2022-08-08T17:47:29.495Z,502,2021-03-25T05:51:02.531Z,,2.5,2728.0,,"12220-Hunting-Horn-Ln,-Rockville,-VA-23146",37.741384,-77.786487
88,4.0,369000,Hanover County,Single Family,15299 Ashland Rd,Rockville,VA,23146,"15299 Ashland Rd, Rockville, VA 23146",2021-04-20T09:43:03.924Z,2020-09-24T12:17:06.766Z,Inactive,2022-08-08T17:47:29.495Z,684,2020-09-24T12:17:06.766Z,,2.5,2057.0,,"15299-Ashland-Rd,-Rockville,-VA-23146",37.708502,-77.626527
89,3.0,285000,Hanover County,Single Family,17306 Pouncey Tract Rd,Rockville,VA,23146,"17306 Pouncey Tract Rd, Rockville, VA 23146",2021-04-20T09:04:12.112Z,2021-04-09T07:13:27.027Z,Inactive,2022-08-08T17:44:54.366Z,487,2021-04-09T07:13:27.027Z,,2.0,1428.0,,"17306-Pouncey-Tract-Rd,-Rockville,-VA-23146",37.730716,-77.699087
90,3.0,239950,Hanover County,Single Family,12167 Walnut Hill Dr,Rockville,VA,23146,"12167 Walnut Hill Dr, Rockville, VA 23146",2021-04-20T07:10:33.402Z,2021-03-25T05:26:49.873Z,Inactive,2022-08-08T17:39:43.766Z,502,2021-03-25T05:26:49.873Z,,1.0,1248.0,,"12167-Walnut-Hill-Dr,-Rockville,-VA-23146",37.735475,-77.681207
91,0.0,159950,Hanover County,Land,Vontay Rd,Rockville,VA,23146,"Vontay Rd, Rockville, VA 23146",2021-04-20T07:10:33.391Z,2020-09-15T03:38:04.363Z,Inactive,2022-08-08T17:39:43.766Z,693,2020-09-15T03:38:04.363Z,,,,,"Vontay-Rd,-Rockville,-VA-23146",37.759957,-77.724513
92,0.0,200000,Hanover County,Land,Vontay Road Vontay Rd,Rockville,VA,23146,"Vontay Road Vontay Rd, Rockville, VA 23146",2021-03-11T05:52:26.397Z,2020-09-15T03:38:04.365Z,Inactive,2022-08-08T16:40:33.612Z,693,2020-09-15T03:38:04.365Z,,,,,"Vontay-Road-Vontay-Rd,-Rockville,-VA-23146",37.758818,-77.727699
93,4.0,374950,Hanover County,Single Family,12450 Bienvenue Rd,Rockville,VA,23146,"12450 Bienvenue Rd, Rockville, VA 23146",2021-03-06T10:25:52.608Z,2021-02-05T05:37:08.511Z,Inactive,2022-08-08T16:19:00.889Z,550,2021-02-05T05:37:08.511Z,,2.0,2910.0,,"12450-Bienvenue-Rd,-Rockville,-VA-23146",37.746905,-77.719159
94,0.0,305000,Hanover County,Land,17218 Kirkpatrick Pl,Rockville,VA,23146,"17218 Kirkpatrick Pl, Rockville, VA 23146",2021-03-04T10:05:10.130Z,2020-11-18T08:45:47.995Z,Inactive,2022-08-08T16:11:52.237Z,629,2020-11-18T08:45:47.995Z,,,,,"17218-Kirkpatrick-Pl,-Rockville,-VA-23146",37.753163,-77.693097
95,0.0,185000,Hanover County,Land,20133 Feather Dr,Rockville,VA,23146,"20133 Feather Dr, Rockville, VA 23146",2021-02-27T06:16:10.582Z,2020-09-15T03:38:04.367Z,Inactive,2022-08-08T16:00:18.317Z,693,2020-09-15T03:38:04.367Z,,,,,"20133-Feather-Dr,-Rockville,-VA-23146",37.74785,-77.788652
96,4.0,550000,Hanover County,Single Family,11567 Primrose Ln,Rockville,VA,23146,"11567 Primrose Ln, Rockville, VA 23146",2021-02-25T10:55:22.229Z,2020-12-22T11:41:30.776Z,Inactive,2022-08-08T15:56:22.486Z,595,2020-12-22T11:41:30.776Z,,,3012.0,,"11567-Primrose-Ln,-Rockville,-VA-23146",37.72643,-77.703457
97,3.0,265000,Hanover County,Single Family,11410 Watkins Rd,Rockville,VA,23146,"11410 Watkins Rd, Rockville, VA 23146",2021-02-23T08:41:59.217Z,2021-02-05T05:32:26.410Z,Inactive,2022-08-08T15:50:35.504Z,550,2021-02-05T05:32:26.410Z,,2.0,1152.0,,"11410-Watkins-Rd,-Rockville,-VA-23146",37.723684,-77.745413
98,5.0,739950,Hanover County,Single Family,17107 Chisholm Trl,Rockville,VA,23146,"17107 Chisholm Trl, Rockville, VA 23146",2021-02-17T10:51:35.702Z,2020-12-11T10:23:23.589Z,Inactive,2022-08-08T15:41:01.214Z,606,2020-12-11T10:23:23.589Z,,4.5,4775.0,,"17107-Chisholm-Trl,-Rockville,-VA-23146",37.717651,-77.689044
99,4.0,414500,Goochland County,Single Family,39 Little Falls Ln,Rockville,VA,23146,"39 Little Falls Ln, Rockville, VA 23146",2021-02-15T06:34:11.144Z,2020-10-24T08:44:38.321Z,Inactive,2022-08-08T15:37:03.916Z,654,2020-10-24T08:44:38.321Z,,3.0,2300.0,,"39-Little-Falls-Ln,-Rockville,-VA-23146",37.675618,-77.68122
100,4.0,739950,Hanover County,Single Family,18178 Vontay Rd,Rockville,VA,23146,"18178 Vontay Rd, Rockville, VA 23146",2021-02-14T10:53:31.531Z,2020-09-20T02:54:00.240Z,Inactive,2022-08-08T15:37:03.916Z,688,2020-09-20T02:54:00.240Z,,3.5,4750.0,,"18178-Vontay-Rd,-Rockville,-VA-23146",37.760582,-77.725259
101,4.0,457000,Hanover County,Single Family,11530 Primrose Ln,Rockville,VA,23146,"11530 Primrose Ln, Rockville, VA 23146",2021-02-06T07:27:22.803Z,2020-11-13T10:30:48.126Z,Inactive,2022-08-08T15:30:16.460Z,634,2020-11-13T10:30:48.126Z,,2.5,3612.0,,"11530-Primrose-Ln,-Rockville,-VA-23146",37.724394,-77.703698
102,0.0,149500,Hanover County,Land,Watkins Rd,Rockville,VA,23146,"Watkins Rd, Rockville, VA 23146",2021-02-06T05:17:53.705Z,2020-09-15T03:38:04.362Z,Inactive,2022-08-08T15:30:16.460Z,693,2020-09-15T03:38:04.362Z,,,,,"Watkins-Rd,-Rockville,-VA-23146",37.721038,-77.750085
103,3.0,224000,Goochland County,,199 Echo Meadows Rd,Rockville,VA,23146,"199 Echo Meadows Rd, Rockville, VA 23146",2021-01-16T07:03:45.223Z,2020-11-26T05:27:56.633Z,Inactive,2022-08-08T15:22:27.922Z,621,2020-11-26T05:27:56.633Z,,2.0,1216.0,,"199-Echo-Meadows-Rd,-Rockville,-VA-23146",37.705693,-77.686842
104,3.0,189950,Hanover County,Single Family,19291 Turkey Rd,Rockville,VA,23146,"19291 Turkey Rd, Rockville, VA 23146",2021-01-09T05:05:12.351Z,2020-12-11T06:34:09.468Z,Inactive,2022-08-08T15:06:45.761Z,606,2020-12-11T06:34:09.468Z,,1.0,988.0,,"19291-Turkey-Rd,-Rockville,-VA-23146",37.741646,-77.769163
105,0.0,150000,Hanover County,Land,3 Harris Town Ln,Rockville,VA,23146,"3 Harris Town Ln, Rockville, VA 23146",2020-12-30T05:27:56.014Z,2020-09-28T08:03:47.002Z,Inactive,2022-08-08T15:02:24.146Z,680,2020-09-28T08:03:47.002Z,,,,,"3-Harris-Town-Ln,-Rockville,-VA-23146",37.749168,-77.680149
106,0.0,115000,Hanover County,Land,Shortleaf Ln,Rockville,VA,23146,"Shortleaf Ln, Rockville, VA 23146",2020-12-30T05:27:56.006Z,2020-09-15T03:38:04.366Z,Inactive,2022-08-08T15:02:24.146Z,693,2020-09-15T03:38:04.366Z,,,,,"Shortleaf-Ln,-Rockville,-VA-23146",37.729398,-77.664791
107,5.0,550000,Hanover County,Single Family,12283 Stancroft Rd,Rockville,VA,23146,"12283 Stancroft Rd, Rockville, VA 23146",2020-12-28T11:40:05.008Z,2020-12-05T09:56:13.451Z,Inactive,2022-08-07T23:24:45.795Z,611,2020-12-05T09:56:13.451Z,,2.5,3211.0,,"12283-Stancroft-Rd,-Rockville,-VA-23146",37.747122,-77.774792
108,0.0,550000,Hanover County,Land,15503 Ashland Rd,Rockville,VA,23146,"15503 Ashland Rd, Rockville, VA 23146",2020-12-28T11:40:05.006Z,2020-09-20T02:49:24.096Z,Inactive,2022-08-07T23:24:45.795Z,687,2020-09-20T02:49:24.096Z,,,,,"15503-Ashland-Rd,-Rockville,-VA-23146",37.708142,-77.639632
109,0.0,150000,Hanover County,Land,Dogwood Trail Rd,Rockville,VA,23146,"Dogwood Trail Rd, Rockville, VA 23146",2020-12-28T07:36:12.831Z,2020-09-15T03:38:04.363Z,Inactive,2022-08-07T23:18:22.286Z,692,2020-09-15T03:38:04.363Z,,,,,"Dogwood-Trail-Rd,-Rockville,-VA-23146",37.723771,-77.703138
110,4.0,324950,Hanover County,Single Family,19222 Holly Court Ln,Rockville,VA,23146,"19222 Holly Court Ln, Rockville, VA 23146",2020-12-16T09:31:13.155Z,2020-10-31T10:11:05.179Z,Inactive,2022-08-07T23:00:53.645Z,646,2020-10-31T10:11:05.179Z,,2.5,2250.0,,"19222-Holly-Court-Ln,-Rockville,-VA-23146",37.728623,-77.763903
111,3.0,289000,Hanover County,Single Family,12131 S Anna Dr,Rockville,VA,23146,"12131 S Anna Dr, Rockville, VA 23146",2020-12-07T06:18:42.301Z,2020-10-31T10:11:05.166Z,Inactive,2022-08-07T22:42:31.048Z,646,2020-10-31T10:11:05.166Z,,2.0,1516.0,,"12131-S-Anna-Dr,-Rockville,-VA-23146",37.735927,-77.66064
112,3.0,329950,Hanover County,Single Family,18508 Vontay Rd,Rockville,VA,23146,"18508 Vontay Rd, Rockville, VA 23146",2020-11-27T08:42:36.258Z,2020-10-29T11:58:16.557Z,Inactive,2022-08-07T22:28:46.117Z,648,2020-10-29T11:58:16.557Z,,2.5,2200.0,,"18508-Vontay-Rd,-Rockville,-VA-23146",37.758422,-77.74785
113,0.0,536500,Goochland County,Land,2361 Ashland Rd,Rockville,VA,23146,"2361 Ashland Rd, Rockville, VA 23146",2020-11-27T08:01:30.707Z,2020-10-15T11:20:56.182Z,Inactive,2022-08-07T22:27:32.868Z,662,2020-10-15T11:20:56.182Z,,,,,"2361-Ashland-Rd,-Rockville,-VA-23146",37.706641,-77.642817
114,4.0,439000,Goochland County,Single Family,2321 Temple Ln,Rockville,VA,23146,"2321 Temple Ln, Rockville, VA 23146",2020-11-10T10:52:25.773Z,2020-09-15T18:32:24.743Z,Inactive,2022-08-07T21:55:25.377Z,692,2020-09-15T18:32:24.743Z,,2.5,2607.0,,"2321-Temple-Ln,-Rockville,-VA-23146",37.713233,-77.761785
115,4.0,499000,Hanover County,Single Family,18560 Willoughby Heights Ln,Rockville,VA,23146,"18560 Willoughby Heights Ln, Rockville, VA 23146",2020-11-10T10:36:45.589Z,2020-09-20T02:49:24.100Z,Inactive,2022-08-07T21:55:25.377Z,687,2020-09-20T02:49:24.100Z,,,3809.0,,"18560-Willoughby-Heights-Ln,-Rockville,-VA-23146",37.734143,-77.734545
116,5.0,570000,Hanover County,Single Family,12024 Walnut Hill Dr,Rockville,VA,23146,"12024 Walnut Hill Dr, Rockville, VA 23146",2020-11-03T14:00:52.640Z,2020-09-24T13:48:18.255Z,Inactive,2022-08-07T21:44:04.407Z,683,2020-09-24T13:48:18.255Z,,,3053.0,,"12024-Walnut-Hill-Dr,-Rockville,-VA-23146",37.72971,-77.676031
117,5.0,649900,Hanover County,Single Family,17536 Carrington Glen Ln,Rockville,VA,23146,"17536 Carrington Glen Ln, Rockville, VA 23146",2020-10-29T13:25:52.399Z,2020-09-20T02:54:00.235Z,Inactive,2022-08-07T21:32:56.510Z,687,2020-09-20T02:54:00.235Z,,5.0,4908.0,,"17536-Carrington-Glen-Ln,-Rockville,-VA-23146",37.731434,-77.704364
118,4.0,519950,Hanover County,Single Family,11317 Annie Laura Ln,Rockville,VA,23146,"11317 Annie Laura Ln, Rockville, VA 23146",2020-10-28T11:49:57.878Z,2020-09-20T02:49:24.096Z,Inactive,2022-08-07T21:30:30.450Z,687,2020-09-20T02:49:24.096Z,,2.5,3780.0,,"11317-Annie-Laura-Ln,-Rockville,-VA-23146",37.713355,-77.653943
119,4.0,449950,Hanover County,Single Family,11424 Rosemont Dr,Rockville,VA,23146,"11424 Rosemont Dr, Rockville, VA 23146",2020-10-02T12:42:39.835Z,2020-09-17T15:42:01.324Z,Inactive,2022-08-07T20:44:55.307Z,690,2020-09-17T15:42:01.324Z,,2.0,2292.0,,"11424-Rosemont-Dr,-Rockville,-VA-23146",37.724911,-77.698719
120,3.0,325000,Hanover County,Single Family,12217 Stirrup Cup Ln,Rockville,VA,23146,"12217 Stirrup Cup Ln, Rockville, VA 23146",2020-09-23T09:42:44.682Z,2020-09-15T23:07:25.129Z,Inactive,2022-08-07T20:22:56.360Z,691,2020-09-15T23:07:25.129Z,,2.5,1679.0,,"12217-Stirrup-Cup-Ln,-Rockville,-VA-23146",37.741795,-77.784892
