,bedrooms,price,county,propertyType,addressLine1,city,state,zipCode,formattedAddress,lastSeen,listedDate,status,removedDate,daysOnMarket,createdDate,bathrooms,squareFootage,lotSize,id,latitude,longitude,yearBuilt,addressLine2
0,0.0,120000,Hanover County,Land,16151 W Patrick Henry Rd,Montpelier,VA,23192,"16151 W Patrick Henry Rd, Montpelier, VA 23192",2022-11-17T10:29:45.073Z,2021-12-31T05:33:11.000Z,Active,,322,2021-12-31T07:29:50.960Z,1.0,1536.0,92347.0,"16151-W-Patrick-Henry-Rd,-Montpelier,-VA-23192",37.819442,-77.652448,,
1,0.0,625000,Hanover County,Land,16595 Mountain Rd,Montpelier,VA,23192,"16595 Mountain Rd, Montpelier, VA 23192",2022-11-17T10:29:45.072Z,2022-01-14T02:44:05.000Z,Active,,308,2022-01-14T08:39:02.516Z,,,2099592.0,"16595-Mountain-Rd,-Montpelier,-VA-23192",37.814192,-77.662029,,
2,4.0,574000,Hanover County,Single Family,17117 Wedged Stone Dr,Montpelier,VA,23192,"17117 Wedged Stone Dr, Montpelier, VA 23192",2022-11-17T10:10:43.495Z,2022-05-07T00:40:24.000Z,Active,,195,2020-09-15T03:38:04.357Z,3.0,2543.0,55234.0,"17117-Wedged-Stone-Dr,-Montpelier,-VA-23192",37.784649,-77.691364,2022.0,
3,5.0,1500000,Hanover County,Single Family,14980 Patrick Meadows Way,Montpelier,VA,23192,"14980 Patrick Meadows Way, Montpelier, VA 23192",2022-11-17T10:10:43.462Z,2022-06-25T01:28:41.000Z,Active,,146,2022-06-25T12:09:16.069Z,5.5,3759.0,399707.0,"14980-Patrick-Meadows-Way,-Montpelier,-VA-23192",37.808874,-77.620872,2005.0,
4,0.0,535500,Hanover County,Land,15540 Mountain Rd,Montpelier,VA,23192,"15540 Mountain Rd, Montpelier, VA 23192",2022-11-17T10:10:43.457Z,2022-07-15T01:17:20.000Z,Active,,126,2021-06-26T11:09:59.101Z,,,2748636.0,"15540-Mountain-Rd,-Montpelier,-VA-23192",37.780314,-77.630514,,
5,0.0,300000,Hanover County,Land,15262 Goshen Rd,Montpelier,VA,23192,"15262 Goshen Rd, Montpelier, VA 23192",2022-11-17T10:10:43.456Z,2022-07-15T17:55:28.000Z,Active,,125,2021-02-11T09:37:30.771Z,4.5,4800.0,635366.0,"15262-Goshen-Rd,-Montpelier,-VA-23192",37.827293,-77.640681,,
6,0.0,155000,Hanover County,Land,15378 Beaver Dam Rd,Montpelier,VA,23192,"15378 Beaver Dam Rd, Montpelier, VA 23192",2022-11-17T10:10:43.452Z,2022-07-19T14:41:08.000Z,Active,,121,2022-07-20T07:33:20.586Z,,,461126.0,"15378-Beaver-Dam-Rd,-Montpelier,-VA-23192",37.832208,-77.686019,,
7,5.0,650000,Hanover County,Single Family,15438 W Patrick Henry Rd,Montpelier,VA,23192,"15438 W Patrick Henry Rd, Montpelier, VA 23192",2022-11-17T10:10:43.449Z,2022-08-01T19:49:50.000Z,Active,,108,2022-08-05T05:32:29.026Z,3.5,3291.0,146318.0,"15438-W-Patrick-Henry-Rd,-Montpelier,-VA-23192",37.82431,-77.639539,2002.0,
8,4.0,599950,Hanover County,Single Family,15290 Dunn Rd,Montpelier,VA,23192,"15290 Dunn Rd, Montpelier, VA 23192",2022-11-17T10:10:43.448Z,2022-08-04T22:58:23.000Z,Active,,105,2021-06-16T10:26:10.974Z,2.5,2490.0,435600.0,"15290-Dunn-Rd,-Montpelier,-VA-23192",37.82681,-77.73686,2022.0,
9,5.0,560000,Hanover County,Single Family,13373 Wildlife Pkwy,Montpelier,VA,23192,"13373 Wildlife Pkwy, Montpelier, VA 23192",2022-11-17T10:10:43.434Z,2022-09-02T23:04:16.000Z,Active,,76,2022-06-08T11:10:14.198Z,3.5,3096.0,438649.0,"13373-Wildlife-Pkwy,-Montpelier,-VA-23192",37.775421,-77.635716,1990.0,
10,3.0,338000,Hanover County,Single Family,16660 Mountain Rd,Montpelier,VA,23192,"16660 Mountain Rd, Montpelier, VA 23192",2022-11-17T09:59:32.662Z,2022-09-17T13:43:45.000Z,Active,,61,2022-09-18T09:50:39.726Z,2.0,2032.0,203251.0,"16660-Mountain-Rd,-Montpelier,-VA-23192",37.815228,-77.665359,1951.0,
11,,215000,Hanover County,Land,Dunn Rd,Montpelier,VA,23192,"Dunn Rd, Montpelier, VA 23192",2022-11-17T09:59:32.661Z,2022-09-20T19:22:27.000Z,Active,,58,2022-09-21T10:54:05.907Z,,,553517.0,"Dunn-Rd,-Montpelier,-VA-23192",37.830929,-77.735693,,
12,3.0,332500,Hanover County,Single Family,16487 Pleasant Mill Rd,Montpelier,VA,23192,"16487 Pleasant Mill Rd, Montpelier, VA 23192",2022-11-17T09:59:32.659Z,2022-09-27T15:37:48.000Z,Active,,51,2022-01-20T05:19:10.928Z,2.0,1578.0,150456.0,"16487-Pleasant-Mill-Rd,-Montpelier,-VA-23192",37.864245,-77.717078,1982.0,
13,,65000,Hanover County,Land,17075 Mallorys Ln,Montpelier,VA,23192,"17075 Mallorys Ln, Montpelier, VA 23192",2022-11-17T09:59:32.659Z,2022-09-24T13:04:25.000Z,Active,,54,2022-09-25T09:51:07.103Z,,,92347.0,"17075-Mallorys-Ln,-Montpelier,-VA-23192",37.790526,-77.684863,,
14,3.0,369950,Hanover County,Single Family,17123 Mountain Rd,Montpelier,VA,23192,"17123 Mountain Rd, Montpelier, VA 23192",2022-11-17T09:59:32.644Z,2022-10-21T13:52:36.000Z,Active,,27,2022-10-22T08:04:46.813Z,1.0,1872.0,276606.0,"17123-Mountain-Rd,-Montpelier,-VA-23192",37.819248,-77.688761,1960.0,
15,4.0,699000,Hanover County,Single Family,15424 Pinehurst Forest Dr,Montpelier,VA,23192,"15424 Pinehurst Forest Dr, Montpelier, VA 23192",2022-11-17T09:59:32.637Z,2022-11-01T15:19:40.000Z,Active,,16,2022-09-11T08:39:15.984Z,4.5,6006.0,441263.0,"15424-Pinehurst-Forest-Dr,-Montpelier,-VA-23192",37.833277,-77.613937,1997.0,
16,5.0,405789,Hanover County,Single Family,19091 Taylors Creek Rd,Montpelier,VA,23192,"19091 Taylors Creek Rd, Montpelier, VA 23192",2022-11-17T09:59:32.636Z,2022-11-03T02:34:49.000Z,Active,,15,2022-11-03T08:55:14.464Z,2.5,2470.0,256699.0,"19091-Taylors-Creek-Rd,-Montpelier,-VA-23192",37.793876,-77.755197,2011.0,
17,0.0,99000,Hanover County,Land,Taylors Creek Rd,Montpelier,VA,23192,"Taylors Creek Rd, Montpelier, VA 23192",2022-11-17T09:59:32.631Z,2022-11-08T00:31:46.000Z,Active,,10,2021-09-09T05:30:04.160Z,,,152460.0,"Taylors-Creek-Rd,-Montpelier,-VA-23192",37.795343,-77.754589,,
18,3.0,215000,Hanover County,Single Family,15443 Robert Terrell Rd,Montpelier,VA,23192,"15443 Robert Terrell Rd, Montpelier, VA 23192",2022-11-17T09:59:32.621Z,2022-11-10T16:43:35.000Z,Active,,7,2022-11-11T08:56:04.772Z,1.0,1000.0,43560.0,"15443-Robert-Terrell-Rd,-Montpelier,-VA-23192",37.830504,-77.658485,1971.0,
19,4.0,400000,Hanover County,Single Family,17144 Mountain Rd,Montpelier,VA,23192,"17144 Mountain Rd, Montpelier, VA 23192",2022-11-15T08:52:56.742Z,2022-08-05T18:17:06.000Z,Active,,102,2022-08-06T06:20:51.665Z,2.5,2177.0,197283.0,"17144-Mountain-Rd,-Montpelier,-VA-23192",37.821526,-77.684029,1941.0,
20,5.0,975000,Hanover County,Single Family,14966 Patrick Meadows Way,Montpelier,VA,23192,"14966 Patrick Meadows Way, Montpelier, VA 23192",2022-11-14T10:54:01.482Z,2022-06-20T17:46:25.000Z,Active,,147,2022-06-21T07:50:21.235Z,4.5,4203.0,424536.0,"14966-Patrick-Meadows-Way,-Montpelier,-VA-23192",37.807812,-77.624371,2007.0,
21,,69900,Louisa County,Land,18161 Jefferson Davis Hwy,Montpelier,VA,23192,"18161 Jefferson Davis Hwy, Unit 2A, Montpelier, VA 23192",2022-11-07T12:39:21.053Z,2022-08-09T21:26:31.000Z,Inactive,2022-11-14T14:53:47.094Z,97,2022-08-10T09:39:16.791Z,,,111078.0,"18161-Jefferson-Davis-Hwy,-Unit-2A,-Montpelier,-VA-23192",37.851871,-77.753213,,Unit 2A
22,,69900,Louisa County,Land,18175 Jefferson Davis Hwy,Montpelier,VA,23192,"18175 Jefferson Davis Hwy, Unit 2B, Montpelier, VA 23192",2022-11-07T12:39:21.053Z,2022-08-09T21:38:49.000Z,Inactive,2022-11-14T14:53:47.094Z,97,2022-08-10T09:39:16.793Z,,,111078.0,"18175-Jefferson-Davis-Hwy,-Unit-2B,-Montpelier,-VA-23192",37.851636,-77.752661,,Unit 2B
23,3.0,350000,Hanover County,Single Family,17008 New Westridge Rd,Montpelier,VA,23192,"17008 New Westridge Rd, Montpelier, VA 23192",2022-11-03T08:55:14.513Z,2022-09-09T11:08:01.000Z,Inactive,2022-11-10T14:51:50.740Z,63,2022-09-10T10:13:24.804Z,2.5,2084.0,131116.0,"17008-New-Westridge-Rd,-Montpelier,-VA-23192",37.866815,-77.739375,1991.0,
24,4.0,624950,Hanover County,Single Family,17045 Goshen Rd,Montpelier,VA,23192,"17045 Goshen Rd, Montpelier, VA 23192",2022-11-02T10:01:05.358Z,2022-06-06T19:41:08.000Z,Inactive,2022-11-09T14:55:09.668Z,156,2022-06-07T09:47:53.644Z,2.5,3327.0,133947.0,"17045-Goshen-Rd,-Montpelier,-VA-23192",37.86859,-77.64096,2004.0,
25,3.0,400000,Hanover County,Single Family,16494 Connie Hall Rd,Montpelier,VA,23192,"16494 Connie Hall Rd, Montpelier, VA 23192",2022-11-01T08:43:21.044Z,2022-10-20T10:50:27.000Z,Inactive,2022-11-08T14:53:46.467Z,20,2022-10-21T11:18:37.921Z,2.5,2194.0,33454.0,"16494-Connie-Hall-Rd,-Montpelier,-VA-23192",37.838426,-77.677355,2005.0,
26,3.0,299000,Louisa County,Single Family,17395 Jefferson Hwy,Montpelier,VA,23192,"17395 Jefferson Hwy, Montpelier, VA 23192",2022-10-24T08:03:49.596Z,2022-10-20T22:13:39.000Z,Inactive,2022-10-31T14:56:20.840Z,11,2022-10-21T11:53:51.936Z,2.0,1288.0,92434.0,"17395-Jefferson-Hwy,-Montpelier,-VA-23192",37.858765,-77.762436,2008.0,
27,3.0,375000,Hanover County,Single Family,15148 W Patrick Henry Rd,Montpelier,VA,23192,"15148 W Patrick Henry Rd, Montpelier, VA 23192",2022-10-22T08:04:46.820Z,2022-10-14T04:32:30.000Z,Inactive,2022-10-29T14:57:30.262Z,16,2022-10-14T08:19:33.352Z,1.5,1248.0,222374.0,"15148-W-Patrick-Henry-Rd,-Montpelier,-VA-23192",37.826313,-77.620409,1987.0,
28,0.0,89500,Hanover County,Land,16672 Mountain Rd,Montpelier,VA,23192,"16672 Mountain Rd, Montpelier, VA 23192",2022-10-17T09:47:16.684Z,2022-07-02T20:10:26.000Z,Inactive,2022-10-24T14:57:03.938Z,114,2022-07-03T05:23:12.607Z,,,47916.0,"16672-Mountain-Rd,-Montpelier,-VA-23192",37.814607,-77.666577,,
29,4.0,198000,Louisa County,Single Family,17557 Jefferson Hwy,Montpelier,VA,23192,"17557 Jefferson Hwy, Montpelier, VA 23192",2022-10-11T11:23:56.379Z,2022-08-24T19:49:30.000Z,Inactive,2022-10-18T14:55:53.359Z,55,2022-08-25T08:00:30.837Z,3.0,2240.0,212747.0,"17557-Jefferson-Hwy,-Montpelier,-VA-23192",37.857787,-77.760366,2001.0,
30,5.0,1185000,Hanover County,Single Family,14585 Clazemont Rd,Montpelier,VA,23192,"14585 Clazemont Rd, Montpelier, VA 23192",2022-10-11T09:36:40.601Z,2022-09-29T03:13:41.000Z,Inactive,2022-10-18T14:55:53.359Z,20,2022-09-29T09:03:29.345Z,4.5,4825.0,658192.0,"14585-Clazemont-Rd,-Montpelier,-VA-23192",37.810581,-77.712683,2008.0,
31,3.0,325000,Hanover County,Single Family,16388 Woodman Hall Rd,Montpelier,VA,23192,"16388 Woodman Hall Rd, Montpelier, VA 23192",2022-10-10T11:20:26.244Z,2022-06-24T18:38:35.000Z,Inactive,2022-10-17T14:56:20.003Z,115,2022-06-25T08:35:20.160Z,1.0,2184.0,249163.0,"16388-Woodman-Hall-Rd,-Montpelier,-VA-23192",37.856685,-77.667587,1969.0,
32,9.0,1190000,Hanover County,Single Family,14043 Waltons Tavern Rd,Montpelier,VA,23192,"14043 Waltons Tavern Rd, Montpelier, VA 23192",2022-10-03T09:20:07.549Z,2022-05-26T07:38:02.000Z,Inactive,2022-10-10T14:52:35.800Z,138,2022-05-26T12:12:41.084Z,6.0,6134.0,566280.0,"14043-Waltons-Tavern-Rd,-Montpelier,-VA-23192",37.787263,-77.658454,1990.0,
33,5.0,1475000,Hanover County,Single Family,16505 Saint Peters Church Rd,Montpelier,VA,23192,"16505 Saint Peters Church Rd, Montpelier, VA 23192",2022-09-30T08:45:10.991Z,2022-08-10T17:23:40.000Z,Inactive,2022-10-07T14:54:03.077Z,58,2022-08-11T09:52:11.057Z,4.5,8367.0,955271.0,"16505-Saint-Peters-Church-Rd,-Montpelier,-VA-23192",37.762339,-77.678823,1973.0,
34,3.0,397500,Hanover County,Single Family,16070 Geese Lake Ln,Montpelier,VA,23192,"16070 Geese Lake Ln, Montpelier, VA 23192",2022-09-19T09:52:09.539Z,2022-05-25T13:40:35.000Z,Inactive,2022-09-26T14:55:09.162Z,125,2022-05-26T09:25:36.326Z,2.5,1784.0,43560.0,"16070-Geese-Lake-Ln,-Montpelier,-VA-23192",37.831372,-77.647632,2022.0,
35,5.0,575000,Hanover County,Single Family,14007 Taylors Overlook Ct,Montpelier,VA,23192,"14007 Taylors Overlook Ct, Montpelier, VA 23192",2022-09-15T09:00:15.422Z,2022-06-18T20:25:27.000Z,Inactive,2022-09-22T14:53:52.003Z,96,2022-06-19T12:11:36.435Z,4.0,3022.0,55757.0,"14007-Taylors-Overlook-Ct,-Montpelier,-VA-23192",37.786233,-77.69289,2006.0,
36,4.0,589000,Hanover County,Single Family,14006 Taylors Overlook Ct,Montpelier,VA,23192,"14006 Taylors Overlook Ct, Montpelier, VA 23192",2022-09-15T09:00:15.421Z,2022-06-20T01:28:35.000Z,Inactive,2022-09-22T14:53:52.003Z,95,2022-06-20T10:03:25.314Z,3.0,3202.0,61681.0,"14006-Taylors-Overlook-Ct,-Montpelier,-VA-23192",37.785213,-77.692954,2005.0,
37,4.0,599950,Hanover County,Single Family,15215 Whispering Wind Cir,Montpelier,VA,23192,"15215 Whispering Wind Cir, Montpelier, VA 23192",2022-09-13T11:18:00.094Z,2022-07-16T18:28:44.000Z,Inactive,2022-09-20T14:53:00.007Z,66,2022-07-17T11:04:04.625Z,3.5,3138.0,436036.0,"15215-Whispering-Wind-Cir,-Montpelier,-VA-23192",37.815903,-77.642379,2016.0,
38,2.0,89950,Hanover County,Single Family,16544 Old Ridge Rd,Montpelier,VA,23192,"16544 Old Ridge Rd, Montpelier, VA 23192",2022-09-09T10:41:00.221Z,2022-09-02T01:55:31.000Z,Inactive,2022-09-16T14:54:12.095Z,15,2022-09-02T08:52:11.581Z,1.0,1242.0,43560.0,"16544-Old-Ridge-Rd,-Montpelier,-VA-23192",37.859481,-77.676153,1912.0,
39,,265000,Hanover County,Land,13309 Stanleys Mill Trl,Montpelier,VA,23192,"13309 Stanleys Mill Trl, Montpelier, VA 23192",2022-09-07T08:46:02.666Z,2022-09-06T23:50:29.000Z,Inactive,2022-09-14T14:51:58.596Z,8,2022-09-07T08:46:02.666Z,,,57064.0,"13309-Stanleys-Mill-Trl,-Montpelier,-VA-23192",37.767284,-77.59494,,
40,3.0,329500,Hanover County,Single Family,Pleasant Mill Rd,Montpelier,VA,23192,"Pleasant Mill Rd, Montpelier, VA 23192",2022-09-03T10:43:01.191Z,2022-07-31T20:32:46.000Z,Inactive,2022-09-10T14:54:09.506Z,41,2022-07-26T07:15:01.561Z,2.0,1400.0,87861.0,"Pleasant-Mill-Rd,-Montpelier,-VA-23192",37.85403,-77.714876,2022.0,
41,5.0,699795,Hanover County,Single Family,015396 Beaver Dam Rd,Montpelier,VA,23192,"015396 Beaver Dam Rd, Montpelier, VA 23192",2022-08-30T10:38:40.398Z,2022-05-24T17:58:25.000Z,Inactive,2022-09-06T14:49:14.194Z,105,2022-05-25T10:56:24.822Z,3.0,3245.0,442787.0,"015396-Beaver-Dam-Rd,-Montpelier,-VA-23192",37.833128,-77.687134,2022.0,
42,0.0,159900,Hanover County,Land,St Peters Church Rd,Montpelier,VA,23192,"St Peters Church Rd, Montpelier, VA 23192",2022-08-25T08:58:12.951Z,2022-02-16T04:58:33.000Z,Inactive,2022-09-01T14:49:32.984Z,198,2021-07-10T07:42:06.053Z,,,144619.0,"St-Peters-Church-Rd,-Montpelier,-VA-23192",37.764187,-77.64073,,
43,3.0,465000,Hanover County,Single Family,16165 Pleasant Mill Rd,Montpelier,VA,23192,"16165 Pleasant Mill Rd, Montpelier, VA 23192",2022-08-20T08:59:45.403Z,2022-06-24T19:04:52.000Z,Inactive,2022-08-27T14:53:40.026Z,64,2020-10-13T08:32:29.668Z,2.0,2092.0,101887.0,"16165-Pleasant-Mill-Rd,-Montpelier,-VA-23192",37.848861,-77.723992,2007.0,
44,0.0,350000,Hanover County,Land,15348 Beaver Dam Rd,Montpelier,VA,23192,"15348 Beaver Dam Rd, Montpelier, VA 23192",2022-08-18T09:26:15.170Z,2022-06-17T21:25:27.000Z,Inactive,2022-08-25T14:51:32.327Z,69,2022-06-18T05:21:29.419Z,,,494450.0,"15348-Beaver-Dam-Rd,-Montpelier,-VA-23192",37.830005,-77.685733,,
45,5.0,699950,Hanover County,Single Family,16007 Henry Forest Way,Montpelier,VA,23192,"16007 Henry Forest Way, Montpelier, VA 23192",2022-08-11T11:08:55.559Z,2022-05-13T06:10:54.000Z,Inactive,2022-08-18T14:49:14.021Z,98,2022-05-13T09:46:43.192Z,5.5,3713.0,431636.0,"16007-Henry-Forest-Way,-Montpelier,-VA-23192",37.814448,-77.625555,2006.0,
46,3.0,75000,Hanover County,Manufactured,17081 Mallorys Ln,Montpelier,VA,23192,"17081 Mallorys Ln, Montpelier, VA 23192",2022-08-11T09:52:11.124Z,2022-06-08T14:02:40.000Z,Inactive,2022-08-18T14:49:14.021Z,72,2022-06-09T07:24:39.884Z,2.0,1765.0,92347.0,"17081-Mallorys-Ln,-Montpelier,-VA-23192",37.791179,-77.684107,1996.0,
47,3.0,399000,Hanover County,Single Family,15025 W Patrick Henry Rd,Montpelier,VA,23192,"15025 W Patrick Henry Rd, Montpelier, VA 23192",2022-08-09T08:12:05.903Z,2022-07-19T18:59:48.000Z,Inactive,2022-08-16T14:51:14.279Z,28,2022-07-20T08:56:09.737Z,2.5,1996.0,446490.0,"15025-W-Patrick-Henry-Rd,-Montpelier,-VA-23192",37.825705,-77.609898,1994.0,
48,4.0,534900,Hanover County,Single Family,17114 Wedged Stone Dr,Montpelier,VA,23192,"17114 Wedged Stone Dr, Montpelier, VA 23192",2022-08-09T08:12:05.875Z,2022-08-03T17:25:34.000Z,Inactive,2022-08-16T14:51:14.279Z,13,2022-06-16T09:13:11.183Z,2.5,3362.0,74052.0,"17114-Wedged-Stone-Dr,-Montpelier,-VA-23192",37.784619,-77.689808,2006.0,
49,3.0,319900,Hanover County,Single Family,18239 Mabelton Rd,Montpelier,VA,23192,"18239 Mabelton Rd, Montpelier, VA 23192",2022-08-09T08:12:05.869Z,2022-08-05T13:52:37.000Z,Inactive,2022-08-16T14:51:14.279Z,12,2022-08-06T06:20:51.664Z,2.5,1435.0,89646.0,"18239-Mabelton-Rd,-Montpelier,-VA-23192",37.846847,-77.729861,1970.0,
50,0.0,25000,Hanover County,Land,Blessed Pl,Montpelier,VA,23192,"Blessed Pl, Montpelier, VA 23192",2022-08-06T10:49:35.162Z,2020-09-15T03:38:04.355Z,Inactive,2022-08-13T15:10:16.518Z,698,2020-09-15T03:38:04.355Z,,,20212.0,"Blessed-Pl,-Montpelier,-VA-23192",37.829659,-77.711555,,
51,5.0,699950,Hanover County,Single Family,17280 Mountain Rd,Montpelier,VA,23192,"17280 Mountain Rd, Montpelier, VA 23192",2022-08-06T10:49:35.161Z,2020-09-15T03:38:04.359Z,Inactive,2022-08-13T15:10:16.518Z,698,2020-09-15T03:38:04.359Z,3.0,3245.0,441829.0,"17280-Mountain-Rd,-Montpelier,-VA-23192",37.828201,-77.692013,2022.0,
52,3.0,230000,Hanover County,Single Family,17141 Mountain Rd,Montpelier,VA,23192,"17141 Mountain Rd, Montpelier, VA 23192",2022-08-06T10:49:30.878Z,2020-09-15T23:07:25.139Z,Inactive,2022-08-13T15:10:16.518Z,697,2020-09-15T23:07:25.139Z,1.5,2032.0,145665.0,"17141-Mountain-Rd,-Montpelier,-VA-23192",37.820393,-77.685242,1850.0,
53,0.0,205000,Hanover County,Land,Freedoms Ln,Montpelier,VA,23192,"Freedoms Ln, Montpelier, VA 23192",2022-08-06T08:59:29.213Z,2020-09-15T03:38:04.360Z,Inactive,2022-08-13T15:03:07.272Z,698,2020-09-15T03:38:04.360Z,,,435600.0,"Freedoms-Ln,-Montpelier,-VA-23192",37.84396,-77.620328,,
54,3.0,249000,Hanover County,Single Family,15262 Robert Terrell Rd,Montpelier,VA,23192,"15262 Robert Terrell Rd, Montpelier, VA 23192",2022-08-06T08:59:29.195Z,2022-05-28T07:12:12.413Z,Inactive,2022-08-13T15:03:07.272Z,78,2022-05-28T07:12:12.413Z,2.0,1125.0,,"15262-Robert-Terrell-Rd,-Montpelier,-VA-23192",37.82569,-77.647381,1950.0,
55,3.0,259000,Hanover County,Single Family,14187 Hopeful Rd,Montpelier,VA,23192,"14187 Hopeful Rd, Montpelier, VA 23192",2022-08-06T08:59:26.749Z,2022-06-16T07:04:31.613Z,Inactive,2022-08-13T15:03:07.272Z,59,2022-06-16T07:04:31.613Z,2.5,2166.0,133729.0,"14187-Hopeful-Rd,-Montpelier,-VA-23192",37.795117,-77.758246,1999.0,
56,3.0,599000,Hanover County,Single Family,15398 Broad Creek Ln,Montpelier,VA,23192,"15398 Broad Creek Ln, Montpelier, VA 23192",2022-08-06T08:59:26.738Z,2022-06-24T09:58:21.128Z,Inactive,2022-08-13T15:03:07.272Z,51,2022-06-24T09:58:21.128Z,2.5,3047.0,479160.0,"15398-Broad-Creek-Ln,-Montpelier,-VA-23192",37.834846,-77.622465,2000.0,
57,0.0,150000,Hanover County,Land,W Patrick Henry Rd,Montpelier,VA,23192,"W Patrick Henry Rd, Montpelier, VA 23192",2022-08-06T08:59:26.725Z,2020-09-15T14:26:51.656Z,Inactive,2022-08-13T15:03:07.272Z,698,2020-09-15T14:26:51.656Z,,,219891.0,"W-Patrick-Henry-Rd,-Montpelier,-VA-23192",37.825731,-77.601972,,
58,4.0,499950,Hanover County,Single Family,18510 Sledders Run Ln,Montpelier,VA,23192,"18510 Sledders Run Ln, Montpelier, VA 23192",2022-08-06T07:22:32.269Z,2022-07-15T10:07:51.449Z,Inactive,2022-08-13T14:58:08.634Z,30,2022-07-15T10:07:51.449Z,3.0,2756.0,269331.0,"18510-Sledders-Run-Ln,-Montpelier,-VA-23192",37.854506,-77.72733,2000.0,
59,3.0,319950,Louisa County,Single Family,16765 Border Ridge Ln,Montpelier,VA,23192,"16765 Border Ridge Ln, Montpelier, VA 23192",2022-08-06T07:09:55.631Z,2022-07-08T09:38:12.282Z,Inactive,2022-08-13T14:58:08.634Z,37,2022-07-08T09:38:12.282Z,2.5,1588.0,100624.0,"16765-Border-Ridge-Ln,-Montpelier,-VA-23192",37.862403,-77.745921,2007.0,
60,3.0,314950,Hanover County,Single Family,17528 Old Ridge Rd,Montpelier,VA,23192,"17528 Old Ridge Rd, Montpelier, VA 23192",2022-07-28T06:20:01.320Z,2022-06-26T08:23:32.711Z,Inactive,2022-08-12T17:39:05.438Z,48,2022-06-26T08:23:32.711Z,2.0,1715.0,,"17528-Old-Ridge-Rd,-Montpelier,-VA-23192",37.870865,-77.711476,,
61,3.0,295000,Hanover County,Single Family,18420 Taylors Creek Rd,Montpelier,VA,23192,"18420 Taylors Creek Rd, Montpelier, VA 23192",2022-07-28T06:20:01.312Z,2022-06-25T06:53:02.528Z,Inactive,2022-08-12T17:39:05.438Z,49,2022-06-25T06:53:02.528Z,2.0,1248.0,,"18420-Taylors-Creek-Rd,-Montpelier,-VA-23192",37.790451,-77.739884,,
62,4.0,489000,Hanover County,Single Family,18486 Felicia Ln,Montpelier,VA,23192,"18486 Felicia Ln, Montpelier, VA 23192",2022-07-27T08:30:21.285Z,2022-06-09T09:49:51.502Z,Inactive,2022-08-12T17:35:06.466Z,65,2022-06-09T09:49:51.502Z,2.5,2404.0,,"18486-Felicia-Ln,-Montpelier,-VA-23192",37.786457,-77.747725,,
63,4.0,425000,Hanover County,Single Family,18249 Oxshire Ct,Montpelier,VA,23192,"18249 Oxshire Ct, Montpelier, VA 23192",2022-07-23T08:35:44.154Z,2022-06-18T09:23:39.322Z,Inactive,2022-08-12T17:26:14.840Z,56,2022-06-18T09:23:39.322Z,2.5,2408.0,,"18249-Oxshire-Ct,-Montpelier,-VA-23192",37.829277,-77.731256,,
64,3.0,215000,Hanover County,Single Family,13500 Ladyslipper Ln,Montpelier,VA,23192,"13500 Ladyslipper Ln, Montpelier, VA 23192",2022-07-22T08:07:19.243Z,2022-06-03T05:03:37.876Z,Inactive,2022-08-12T17:23:05.049Z,71,2022-06-03T05:03:37.876Z,2.5,1384.0,,"13500-Ladyslipper-Ln,-Montpelier,-VA-23192",37.783809,-77.713705,,
65,3.0,675000,Hanover County,Single Family,14223 Peacock Pl,Montpelier,VA,23192,"14223 Peacock Pl, Montpelier, VA 23192",2022-07-21T08:01:43.386Z,2022-06-01T10:08:15.967Z,Inactive,2022-08-12T17:20:21.390Z,73,2022-06-01T10:08:15.967Z,2.5,3456.0,,"14223-Peacock-Pl,-Montpelier,-VA-23192",37.796013,-77.742164,,
66,4.0,950000,Hanover County,Single Family,16309 Tavern Estates Rd,Montpelier,VA,23192,"16309 Tavern Estates Rd, Montpelier, VA 23192",2022-07-20T10:00:57.306Z,2022-06-14T11:17:27.307Z,Inactive,2022-08-12T17:18:47.119Z,60,2022-06-14T11:17:27.307Z,2.5,4564.0,,"16309-Tavern-Estates-Rd,-Montpelier,-VA-23192",37.779168,-77.662225,,
67,6.0,999000,Hanover County,Single Family,14499 Three Oaks Ct,Montpelier,VA,23192,"14499 Three Oaks Ct, Montpelier, VA 23192",2022-07-18T10:22:42.451Z,2022-06-09T10:39:01.023Z,Inactive,2022-08-12T17:13:35.129Z,65,2022-06-09T10:39:01.023Z,,8888.0,,"14499-Three-Oaks-Ct,-Montpelier,-VA-23192",37.810844,-77.599863,,
68,0.0,85000,Hanover County,Land,Woodlong Ln,Montpelier,VA,23192,"Woodlong Ln, Montpelier, VA 23192",2022-07-14T06:14:48.097Z,2021-01-22T05:40:43.173Z,Inactive,2022-08-12T17:03:03.200Z,568,2021-01-22T05:40:43.173Z,,,,"Woodlong-Ln,-Montpelier,-VA-23192",37.843195,-77.736568,,
69,,74900,Louisa County,Land,0 Jones Farm Rd,Montpelier,VA,23192,"0 Jones Farm Rd, Montpelier, VA 23192",2022-07-08T05:05:37.244Z,2022-04-14T08:58:36.901Z,Inactive,2022-08-12T16:51:00.981Z,121,2022-04-14T08:58:36.901Z,,,,"0-Jones-Farm-Rd,-Montpelier,-VA-23192",37.85131584,-77.75004857,,
70,4.0,375000,Louisa County,Single Family,342 Crescent Way,Montpelier,VA,23192,"342 Crescent Way, Montpelier, VA 23192",2022-07-04T08:13:24.234Z,2022-04-22T12:00:09.242Z,Inactive,2022-08-12T16:43:07.588Z,113,2022-04-22T12:00:09.242Z,3.0,2169.0,,"342-Crescent-Way,-Montpelier,-VA-23192",37.864944,-77.757928,,
71,3.0,200000,Hanover County,Single Family,16132 Greenwood Church Rd,Montpelier,VA,23192,"16132 Greenwood Church Rd, Montpelier, VA 23192",2022-07-02T06:19:51.813Z,2022-04-26T10:49:18.589Z,Inactive,2022-08-12T16:41:54.439Z,109,2022-04-26T10:49:18.589Z,1.5,1496.0,,"16132-Greenwood-Church-Rd,-Montpelier,-VA-23192",37.81516,-77.649968,,
72,0.0,95000,Hanover County,Land,16670 Mountain Rd,Montpelier,VA,23192,"16670 Mountain Rd, Montpelier, VA 23192",2022-06-30T06:24:00.799Z,2022-02-02T07:19:35.909Z,Inactive,2022-08-12T16:34:09.705Z,192,2022-02-02T07:19:35.909Z,,,,"16670-Mountain-Rd,-Montpelier,-VA-23192",37.814579,-77.666423,,
73,4.0,424995,Hanover County,Single Family,15267 Devonwood Rd,Montpelier,VA,23192,"15267 Devonwood Rd, Montpelier, VA 23192",2022-06-29T07:08:19.833Z,2022-05-10T07:56:28.527Z,Inactive,2022-08-12T16:31:19.463Z,95,2022-05-10T07:56:28.527Z,2.5,2661.0,,"15267-Devonwood-Rd,-Montpelier,-VA-23192",37.82676,-77.733077,,
74,5.0,850000,Hanover County,Single Family,17133 Knoll Ridge Dr,Montpelier,VA,23192,"17133 Knoll Ridge Dr, Montpelier, VA 23192",2022-06-26T13:19:17.535Z,2022-05-12T11:43:09.396Z,Inactive,2022-08-12T16:24:38.933Z,93,2022-05-12T11:43:09.396Z,4.0,4137.0,,"17133-Knoll-Ridge-Dr,-Montpelier,-VA-23192",37.872272,-77.702434,,
75,4.0,549000,Hanover County,Single Family,17240 Hanover West Dr,Montpelier,VA,23192,"17240 Hanover West Dr, Montpelier, VA 23192",2022-06-24T09:10:05.509Z,2022-04-19T12:49:39.208Z,Inactive,2022-08-12T16:21:40.604Z,116,2022-04-19T12:49:39.208Z,3.5,2625.0,,"17240-Hanover-West-Dr,-Montpelier,-VA-23192",37.855753,-77.696093,,
76,4.0,399000,Hanover County,Single Family,15393 Goshen Rd,Montpelier,VA,23192,"15393 Goshen Rd, Montpelier, VA 23192",2022-06-24T07:33:33.539Z,2022-06-03T06:40:17.130Z,Inactive,2022-08-12T16:20:10.713Z,71,2022-06-03T06:40:17.130Z,2.0,2166.0,,"15393-Goshen-Rd,-Montpelier,-VA-23192",37.831491,-77.647352,,
77,5.0,630000,Hanover County,Single Family,16253 Wild Cherry Ln,Montpelier,VA,23192,"16253 Wild Cherry Ln, Montpelier, VA 23192",2022-06-19T12:11:36.439Z,2022-05-18T11:04:48.059Z,Inactive,2022-08-12T16:10:12.224Z,87,2022-05-18T11:04:48.059Z,3.5,3359.0,,"16253-Wild-Cherry-Ln,-Montpelier,-VA-23192",37.805627,-77.661888,,
78,4.0,485000,Hanover County,Single Family,16409 Goshen Rd,Montpelier,VA,23192,"16409 Goshen Rd, Montpelier, VA 23192",2022-06-19T10:24:34.166Z,2022-04-14T07:46:23.059Z,Inactive,2022-08-12T16:10:12.224Z,121,2022-04-14T07:46:23.059Z,2.5,2475.0,,"16409-Goshen-Rd,-Montpelier,-VA-23192",37.859535,-77.643111,,
79,3.0,385000,Hanover County,Single Family,16023 Woodman Hall Rd,Montpelier,VA,23192,"16023 Woodman Hall Rd, Montpelier, VA 23192",2022-06-18T05:21:29.434Z,2022-05-17T06:21:18.982Z,Inactive,2022-08-12T16:08:57.669Z,88,2022-05-17T06:21:18.982Z,2.5,1886.0,,"16023-Woodman-Hall-Rd,-Montpelier,-VA-23192",37.840305,-77.672636,,
80,4.0,775000,Hanover County,Single Family,15226 Rhyne Ln,Montpelier,VA,23192,"15226 Rhyne Ln, Montpelier, VA 23192",2022-06-17T08:30:45.108Z,2022-04-30T11:05:03.646Z,Inactive,2022-08-12T16:06:32.054Z,105,2022-04-30T11:05:03.646Z,,4536.0,,"15226-Rhyne-Ln,-Montpelier,-VA-23192",37.768155,-77.626617,,
81,4.0,749950,Hanover County,Single Family,16225 Parrish Farm Rd,Montpelier,VA,23192,"16225 Parrish Farm Rd, Montpelier, VA 23192",2022-06-13T12:25:48.560Z,2022-04-26T13:34:44.732Z,Inactive,2022-08-12T15:57:21.508Z,109,2022-04-26T13:34:44.732Z,3.0,3135.0,,"16225-Parrish-Farm-Rd,-Montpelier,-VA-23192",37.849295,-77.659369,,
82,4.0,724950,Hanover County,Single Family,16200 Iron Hill Dr,Montpelier,VA,23192,"16200 Iron Hill Dr, Montpelier, VA 23192",2022-06-10T11:26:27.467Z,2022-04-30T11:05:03.643Z,Inactive,2022-08-12T15:52:28.346Z,105,2022-04-30T11:05:03.643Z,3.5,3168.0,,"16200-Iron-Hill-Dr,-Montpelier,-VA-23192",37.773786,-77.648637,,
83,3.0,315000,Hanover County,Single Family,14298 Mill Creek Commons Ln,Montpelier,VA,23192,"14298 Mill Creek Commons Ln, Montpelier, VA 23192",2022-06-09T08:46:18.842Z,2022-04-08T05:55:28.726Z,Inactive,2022-08-12T15:48:06.636Z,127,2022-04-08T05:55:28.726Z,2.5,1944.0,,"14298-Mill-Creek-Commons-Ln,-Montpelier,-VA-23192",37.800104,-77.580466,,
84,0.0,169995,Hanover County,Land,15245 Beaver Dam Rd,Montpelier,VA,23192,"15245 Beaver Dam Rd, Montpelier, VA 23192",2022-06-09T07:24:39.886Z,2022-05-05T05:52:02.255Z,Inactive,2022-08-12T15:48:06.636Z,100,2022-05-05T05:52:02.255Z,,,,"15245-Beaver-Dam-Rd,-Montpelier,-VA-23192",37.825435,-77.689079,,
85,6.0,999000,Hanover County,Single Family,14496 Three Oaks Ct,Montpelier,VA,23192,"14496 Three Oaks Ct, Montpelier, VA 23192",2022-06-08T12:17:48.186Z,2022-06-08T12:17:48.186Z,Inactive,2022-08-12T15:46:51.571Z,66,2022-06-08T12:17:48.186Z,,8888.0,,"14496-Three-Oaks-Ct,-Montpelier,-VA-23192",37.810844,-77.599863,,
86,4.0,690000,Hanover County,Single Family,15691 Saint Peters Church Rd,Montpelier,VA,23192,"15691 Saint Peters Church Rd, Montpelier, VA 23192",2022-06-01T10:08:15.970Z,2022-04-07T08:36:36.423Z,Inactive,2022-08-12T15:30:45.299Z,128,2022-04-07T08:36:36.423Z,2.0,3127.0,,"15691-Saint-Peters-Church-Rd,-Montpelier,-VA-23192",37.77151,-77.640295,,
87,3.0,775000,Hanover County,Single Family,16293 Mountain Rd,Montpelier,VA,23192,"16293 Mountain Rd, Montpelier, VA 23192",2022-05-27T09:50:28.192Z,2021-09-19T12:53:14.877Z,Inactive,2022-08-12T15:22:11.686Z,328,2021-09-19T12:53:14.877Z,2.0,2796.0,,"16293-Mountain-Rd,-Montpelier,-VA-23192",37.798898,-77.660915,,
88,3.0,310000,Louisa County,Single Family,186 Crescent Way,Montpelier,VA,23192,"186 Crescent Way, Montpelier, VA 23192",2022-05-27T09:09:48.602Z,2022-04-21T13:34:39.388Z,Inactive,2022-08-12T15:22:11.686Z,114,2022-04-21T13:34:39.388Z,2.0,1636.0,,"186-Crescent-Way,-Montpelier,-VA-23192",37.867061,-77.757314,,
89,0.0,139995,Hanover County,Land,15396 Beaver Dam Rd,Montpelier,VA,23192,"15396 Beaver Dam Rd, Montpelier, VA 23192",2022-05-24T06:40:42.656Z,2021-12-01T06:27:08.054Z,Inactive,2022-08-12T15:12:26.986Z,255,2021-12-01T06:27:08.054Z,,,,"15396-Beaver-Dam-Rd,-Montpelier,-VA-23192",37.833128,-77.687134,,
90,5.0,589999,Hanover County,Single Family,15005 Bethany Estates Way,Montpelier,VA,23192,"15005 Bethany Estates Way, Montpelier, VA 23192",2022-05-17T11:05:13.842Z,2021-01-31T05:50:19.571Z,Inactive,2022-08-12T14:58:02.508Z,559,2021-01-31T05:50:19.571Z,3.0,3245.0,,"15005-Bethany-Estates-Way,-Montpelier,-VA-23192",37.811563,-77.667242,,
91,0.0,149000,Louisa County,Land,684 Windyknight Rd,Montpelier,VA,23192,"684 Windyknight Rd, Montpelier, VA 23192",2022-05-13T08:37:46.236Z,2020-09-25T09:46:54.174Z,Inactive,2022-08-11T14:50:48.772Z,686,2020-09-25T09:46:54.174Z,,,,"684-Windyknight-Rd,-Montpelier,-VA-23192",37.866831,-77.758704,,
92,4.0,380000,Hanover County,Single Family,15915 Saint Peters Church Rd,Montpelier,VA,23192,"15915 Saint Peters Church Rd, Montpelier, VA 23192",2022-05-13T08:15:40.662Z,2022-04-08T06:18:11.782Z,Inactive,2022-08-11T14:50:48.772Z,126,2022-04-08T06:18:11.782Z,2.5,2503.0,,"15915-Saint-Peters-Church-Rd,-Montpelier,-VA-23192",37.760152,-77.642235,,
93,5.0,1600000,Hanover County,Single Family,15147 Brown Pleasants Rd,Montpelier,VA,23192,"15147 Brown Pleasants Rd, Montpelier, VA 23192",2022-05-09T11:23:13.330Z,2022-02-27T08:46:46.763Z,Inactive,2022-08-10T16:33:05.365Z,165,2022-02-27T08:46:46.763Z,4.0,4592.0,,"15147-Brown-Pleasants-Rd,-Montpelier,-VA-23192",37.820966,-77.670686,,
94,3.0,314950,Louisa County,Single Family,16781 Border Ridge Ln,Montpelier,VA,23192,"16781 Border Ridge Ln, Montpelier, VA 23192",2022-05-05T10:57:21.105Z,2022-04-02T08:21:18.466Z,Inactive,2022-08-10T16:26:12.758Z,131,2022-04-02T08:21:18.466Z,2.5,1568.0,,"16781-Border-Ridge-Ln,-Montpelier,-VA-23192",37.863477,-77.745774,,
95,4.0,599950,Hanover County,Single Family,14099 Trails End Dr,Montpelier,VA,23192,"14099 Trails End Dr, Montpelier, VA 23192",2022-05-02T13:17:46.782Z,2022-04-01T11:31:05.342Z,Inactive,2022-08-10T16:15:39.326Z,132,2022-04-01T11:31:05.342Z,3.0,3489.0,,"14099-Trails-End-Dr,-Montpelier,-VA-23192",37.790013,-77.667245,,
96,3.0,525000,Hanover County,Single Family,16194 Pleasant Mill Rd,Montpelier,VA,23192,"16194 Pleasant Mill Rd, Montpelier, VA 23192",2022-05-01T08:33:53.222Z,2022-03-03T08:44:07.280Z,Inactive,2022-08-10T16:12:44.456Z,161,2022-03-03T08:44:07.280Z,3.0,2142.0,,"16194-Pleasant-Mill-Rd,-Montpelier,-VA-23192",37.850523,-77.720637,,
97,3.0,309950,Hanover County,Single Family,15232 Woodman Hall Rd,Montpelier,VA,23192,"15232 Woodman Hall Rd, Montpelier, VA 23192",2022-04-30T09:02:59.487Z,2022-03-11T08:14:56.549Z,Inactive,2022-08-10T16:11:15.427Z,153,2022-03-11T08:14:56.549Z,2.5,2200.0,,"15232-Woodman-Hall-Rd,-Montpelier,-VA-23192",37.823425,-77.682638,,
98,3.0,359900,Hanover County,Single Family,17066 Goshen Rd,Montpelier,VA,23192,"17066 Goshen Rd, Montpelier, VA 23192",2022-04-28T16:30:05.971Z,2022-03-04T08:57:47.838Z,Inactive,2022-08-10T16:05:08.531Z,160,2022-03-04T08:57:47.838Z,2.0,1400.0,,"17066-Goshen-Rd,-Montpelier,-VA-23192",37.869137,-77.639028,,
99,3.0,234950,Louisa County,Single Family,17651 Jefferson Hwy,Montpelier,VA,23192,"17651 Jefferson Hwy, Montpelier, VA 23192",2022-04-24T08:56:49.467Z,2022-03-05T07:49:14.081Z,Inactive,2022-08-10T15:54:21.356Z,159,2022-03-05T07:49:14.081Z,2.0,1440.0,,"17651-Jefferson-Hwy,-Montpelier,-VA-23192",37.855626,-77.759927,,
100,3.0,250000,Hanover County,Single Family,18167 Old Ridge Rd,Montpelier,VA,23192,"18167 Old Ridge Rd, Montpelier, VA 23192",2022-04-10T05:20:15.869Z,2022-03-07T08:38:35.545Z,Inactive,2022-08-10T15:24:51.279Z,157,2022-03-07T08:38:35.545Z,2.0,984.0,,"18167-Old-Ridge-Rd,-Montpelier,-VA-23192",37.87225,-77.724242,,
101,3.0,319900,Hanover County,Single Family,12491 Howards Mill Rd,Montpelier,VA,23192,"12491 Howards Mill Rd, Montpelier, VA 23192",2022-04-06T05:49:31.636Z,2022-03-01T09:38:30.468Z,Inactive,2022-08-10T15:15:33.430Z,163,2022-03-01T09:38:30.468Z,2.5,1740.0,,"12491-Howards-Mill-Rd,-Montpelier,-VA-23192",37.751932,-77.658359,,
102,3.0,359900,Hanover County,Single Family,16082 Gun Barrel Rd,Montpelier,VA,23192,"16082 Gun Barrel Rd, Montpelier, VA 23192",2022-04-05T07:53:53.897Z,2022-02-13T06:48:18.352Z,Inactive,2022-08-10T15:14:05.116Z,179,2022-02-13T06:48:18.352Z,2.0,1845.0,,"16082-Gun-Barrel-Rd,-Montpelier,-VA-23192",37.843163,-77.74012,,
103,4.0,525000,Hanover County,Single Family,14431 Deedle Creek Dr,Montpelier,VA,23192,"14431 Deedle Creek Dr, Montpelier, VA 23192",2022-03-31T08:25:31.076Z,2022-02-18T10:42:30.826Z,Inactive,2022-08-10T15:00:38.011Z,174,2022-02-18T10:42:30.826Z,2.5,2742.0,,"14431-Deedle-Creek-Dr,-Montpelier,-VA-23192",37.788506,-77.590617,,
104,5.0,704900,Hanover County,Single Family,18557 Mountain Rd,Montpelier,VA,23192,"18557 Mountain Rd, Montpelier, VA 23192",2022-03-30T10:06:58.403Z,2021-05-12T07:50:10.266Z,Inactive,2022-08-10T14:59:09.829Z,456,2021-05-12T07:50:10.266Z,3.5,4768.0,,"18557-Mountain-Rd,-Montpelier,-VA-23192",37.844658,-77.748222,,
105,3.0,395000,Hanover County,Single Family,15567 Robert Terrell Rd,Montpelier,VA,23192,"15567 Robert Terrell Rd, Montpelier, VA 23192",2022-03-30T08:11:27.221Z,2022-02-07T08:10:08.456Z,Inactive,2022-08-10T14:59:09.829Z,185,2022-02-07T08:10:08.456Z,2.0,1530.0,,"15567-Robert-Terrell-Rd,-Montpelier,-VA-23192",37.835767,-77.666345,,
106,3.0,499000,Hanover County,Single Family,16066 Beaver Dam Rd,Montpelier,VA,23192,"16066 Beaver Dam Rd, Montpelier, VA 23192",2022-03-26T10:31:08.574Z,2022-02-23T10:14:36.689Z,Inactive,2022-08-10T14:51:38.513Z,169,2022-02-23T10:14:36.689Z,2.5,2934.0,,"16066-Beaver-Dam-Rd,-Montpelier,-VA-23192",37.843612,-77.685069,,
107,3.0,385000,Hanover County,Single Family,15067 Llama Ln,Montpelier,VA,23192,"15067 Llama Ln, Montpelier, VA 23192",2022-03-26T10:31:06.368Z,2021-10-13T08:45:37.423Z,Inactive,2022-08-10T14:51:38.513Z,302,2021-10-13T08:45:37.423Z,2.0,1440.0,,"15067-Llama-Ln,-Montpelier,-VA-23192",37.764128,-77.613798,,
108,4.0,499000,Hanover County,Single Family,13416 Canterbury Rd,Montpelier,VA,23192,"13416 Canterbury Rd, Montpelier, VA 23192",2022-03-11T09:05:35.639Z,2022-02-11T09:20:27.818Z,Inactive,2022-08-09T21:10:36.303Z,180,2022-02-11T09:20:27.818Z,2.5,2844.0,,"13416-Canterbury-Rd,-Montpelier,-VA-23192",37.77864,-77.675083,,
109,0.0,210000,Hanover County,Land,16020 Beulah Estates Ln,Montpelier,VA,23192,"16020 Beulah Estates Ln, Montpelier, VA 23192",2022-03-08T06:15:56.046Z,2022-02-06T07:52:42.151Z,Inactive,2022-08-09T21:02:35.764Z,185,2022-02-06T07:52:42.151Z,,,,"16020-Beulah-Estates-Ln,-Montpelier,-VA-23192",37.836869,-77.562611,,
110,3.0,315000,Hanover County,Single Family,15261 Clazemont Rd,Montpelier,VA,23192,"15261 Clazemont Rd, Montpelier, VA 23192",2022-03-01T09:38:30.472Z,2021-11-05T08:15:40.393Z,Inactive,2022-08-09T20:47:40.387Z,278,2021-11-05T08:15:40.393Z,2.5,1512.0,,"15261-Clazemont-Rd,-Montpelier,-VA-23192",37.822117,-77.692571,,
111,4.0,605000,Hanover County,Single Family,16130 Grove View Rd,Montpelier,VA,23192,"16130 Grove View Rd, Montpelier, VA 23192",2022-02-17T09:35:30.318Z,2020-09-20T02:49:24.099Z,Inactive,2022-08-09T20:24:44.348Z,689,2020-09-20T02:49:24.099Z,2.5,2896.0,,"16130-Grove-View-Rd,-Montpelier,-VA-23192",37.797082,-77.653991,,
112,5.0,599000,Hanover County,Single Family,16479 Goshen Rd,Montpelier,VA,23192,"16479 Goshen Rd, Montpelier, VA 23192",2022-02-16T09:54:57.531Z,2021-12-23T11:32:12.483Z,Inactive,2022-08-09T20:23:16.445Z,230,2021-12-23T11:32:12.483Z,3.5,3800.0,,"16479-Goshen-Rd,-Montpelier,-VA-23192",37.863295,-77.642888,,
113,0.0,260000,Hanover County,Land,Cattail Creek Ln,Montpelier,VA,23192,"Cattail Creek Ln, Montpelier, VA 23192",2022-02-11T07:25:14.970Z,2021-06-16T05:51:16.700Z,Inactive,2022-08-09T20:11:59.346Z,420,2021-06-16T05:51:16.700Z,,,,"Cattail-Creek-Ln,-Montpelier,-VA-23192",37.804894,-77.730188,,
114,3.0,1425000,Hanover County,Single Family,13553 Canterbury Rd,Montpelier,VA,23192,"13553 Canterbury Rd, Montpelier, VA 23192",2022-02-01T12:42:59.059Z,2021-11-11T09:10:46.933Z,Inactive,2022-08-09T19:54:31.800Z,272,2021-11-11T09:10:46.933Z,3.0,4175.0,,"13553-Canterbury-Rd,-Montpelier,-VA-23192",37.781857,-77.682542,,
115,3.0,449995,Hanover County,Single Family,17070 New Westridge Rd,Montpelier,VA,23192,"17070 New Westridge Rd, Montpelier, VA 23192",2022-01-31T08:21:13.900Z,2021-12-31T10:01:45.627Z,Inactive,2022-08-09T19:49:56.667Z,222,2021-12-31T10:01:45.627Z,2.5,2115.0,,"17070-New-Westridge-Rd,-Montpelier,-VA-23192",37.870508,-77.738831,,
116,0.0,225000,Hanover County,Land,8 Crenshaws Mill Ln,Montpelier,VA,23192,"8 Crenshaws Mill Ln, Montpelier, VA 23192",2022-01-28T05:16:02.302Z,2021-02-13T05:52:34.362Z,Inactive,2022-08-09T19:45:41.278Z,543,2021-02-13T05:52:34.362Z,,,,"8-Crenshaws-Mill-Ln,-Montpelier,-VA-23192",37.778093,-77.602421,,
117,3.0,650000,Louisa County,Single Family,18360 Grover Cocke Rd,Montpelier,VA,23192,"18360 Grover Cocke Rd, Montpelier, VA 23192",2022-01-14T09:19:02.451Z,2021-09-29T08:48:49.424Z,Inactive,2022-08-09T19:21:51.674Z,315,2021-09-29T08:48:49.424Z,2.0,1854.0,,"18360-Grover-Cocke-Rd,-Montpelier,-VA-23192",37.883634,-77.737007,,
118,6.0,650000,Hanover County,Single Family,17130 Wedged Stone Dr,Montpelier,VA,23192,"17130 Wedged Stone Dr, Montpelier, VA 23192",2022-01-12T09:46:19.159Z,2021-09-08T10:26:57.741Z,Inactive,2022-08-09T19:17:04.537Z,336,2021-09-08T10:26:57.741Z,4.0,3976.0,,"17130-Wedged-Stone-Dr,-Montpelier,-VA-23192",37.786316,-77.69181,,
119,4.0,339900,Hanover County,Single Family,15445 Scotchtown Rd,Montpelier,VA,23192,"15445 Scotchtown Rd, Montpelier, VA 23192",2022-01-11T05:59:37.808Z,2021-11-29T08:07:34.586Z,Inactive,2022-08-09T19:13:59.895Z,254,2021-11-29T08:07:34.586Z,2.5,2149.0,,"15445-Scotchtown-Rd,-Montpelier,-VA-23192",37.780546,-77.610364,,
120,2.0,135000,Hanover County,Single Family,16117 W Patrick Henry Rd,Montpelier,VA,23192,"16117 W Patrick Henry Rd, Montpelier, VA 23192",2022-01-01T06:26:27.829Z,2021-08-08T05:20:40.058Z,Inactive,2022-08-09T18:57:07.382Z,367,2021-08-08T05:20:40.058Z,1.0,928.0,,"16117-W-Patrick-Henry-Rd,-Montpelier,-VA-23192",37.820527,-77.650474,,
121,3.0,235000,Hanover County,Single Family,15951 Saint Peters Church Rd,Montpelier,VA,23192,"15951 Saint Peters Church Rd, Montpelier, VA 23192",2021-12-28T09:50:24.116Z,2021-11-13T07:17:11.216Z,Inactive,2022-08-09T18:46:03.864Z,270,2021-11-13T07:17:11.216Z,2.0,1076.0,,"15951-Saint-Peters-Church-Rd,-Montpelier,-VA-23192",37.759731,-77.644856,,
122,0.0,150000,Hanover County,Land,13036 W Patrick Henry Rd,Montpelier,VA,23192,"13036 W Patrick Henry Rd, Montpelier, VA 23192",2021-12-20T05:20:55.953Z,2021-02-26T11:02:06.538Z,Inactive,2022-08-09T18:30:44.700Z,530,2021-02-26T11:02:06.538Z,,,,"13036-W-Patrick-Henry-Rd,-Montpelier,-VA-23192",37.795158,-77.543415,,
123,4.0,398950,Hanover County,Single Family,17140 Pryor Ln,Montpelier,VA,23192,"17140 Pryor Ln, Montpelier, VA 23192",2021-12-16T07:42:01.736Z,2021-08-08T09:56:59.690Z,Inactive,2022-08-09T18:23:13.030Z,367,2021-08-08T09:56:59.690Z,2.5,2103.0,,"17140-Pryor-Ln,-Montpelier,-VA-23192",37.812131,-77.687939,,
124,4.0,369950,Hanover County,Single Family,16088 Geese Lake Ln,Montpelier,VA,23192,"16088 Geese Lake Ln, Montpelier, VA 23192",2021-12-15T09:19:44.532Z,2021-11-11T08:37:12.974Z,Inactive,2022-08-09T18:19:48.528Z,272,2021-11-11T08:37:12.974Z,2.5,2114.0,,"16088-Geese-Lake-Ln,-Montpelier,-VA-23192",37.83291,-77.649199,,
125,0.0,110000,Hanover County,Land,16077 Greenwood Church Rd,Montpelier,VA,23192,"16077 Greenwood Church Rd, Montpelier, VA 23192",2021-12-15T07:17:38.161Z,2021-07-26T07:15:41.241Z,Inactive,2022-08-09T18:19:48.528Z,380,2021-07-26T07:15:41.241Z,,,,"16077-Greenwood-Church-Rd,-Montpelier,-VA-23192",37.810463,-77.649959,,
126,3.0,169950,Hanover County,Single Family,16467 Mountain Rd,Montpelier,VA,23192,"16467 Mountain Rd, Montpelier, VA 23192",2021-12-14T05:23:59.127Z,2021-09-14T10:20:47.061Z,Inactive,2022-08-09T18:16:51.967Z,330,2021-09-14T10:20:47.061Z,1.0,1384.0,,"16467-Mountain-Rd,-Montpelier,-VA-23192",37.811098,-77.657109,,
127,4.0,430000,Hanover County,Single Family,15462 Robert Terrell Rd,Montpelier,VA,23192,"15462 Robert Terrell Rd, Montpelier, VA 23192",2021-12-13T11:18:32.547Z,2020-12-04T09:31:21.379Z,Inactive,2022-08-09T18:15:29.619Z,614,2020-12-04T09:31:21.379Z,2.5,2253.0,,"15462-Robert-Terrell-Rd,-Montpelier,-VA-23192",37.833977,-77.657935,,
128,4.0,620521,Hanover County,Single Family,16211 Avalon Woods Dr,Montpelier,VA,23192,"16211 Avalon Woods Dr, Montpelier, VA 23192",2021-12-10T09:16:18.853Z,2021-12-07T09:01:54.508Z,Inactive,2022-08-09T18:09:43.474Z,246,2021-12-07T09:01:54.508Z,3.5,3030.0,,"16211-Avalon-Woods-Dr,-Montpelier,-VA-23192",37.774575,-77.659476,,
129,0.0,78000,Hanover County,Land,Brabrand Ln,Montpelier,VA,23192,"Brabrand Ln, Montpelier, VA 23192",2021-12-09T05:03:06.886Z,2020-12-05T05:42:51.633Z,Inactive,2022-08-09T18:06:46.337Z,613,2020-12-05T05:42:51.633Z,,,,"Brabrand-Ln,-Montpelier,-VA-23192",37.817172,-77.713868,,
130,4.0,395000,Hanover County,Single Family,15572 Mount Air Ct,Montpelier,VA,23192,"15572 Mount Air Ct, Montpelier, VA 23192",2021-12-08T06:51:23.386Z,2021-07-27T09:16:49.512Z,Inactive,2022-08-09T18:03:30.251Z,379,2021-07-27T09:16:49.512Z,2.0,1872.0,,"15572-Mount-Air-Ct,-Montpelier,-VA-23192",37.863671,-77.646665,,
131,3.0,439950,Hanover County,Single Family,16278 Wolf Creek Rd,Montpelier,VA,23192,"16278 Wolf Creek Rd, Montpelier, VA 23192",2021-12-07T07:34:14.349Z,2021-11-05T08:49:59.536Z,Inactive,2022-08-09T18:02:02.136Z,278,2021-11-05T08:49:59.536Z,2.0,1850.0,,"16278-Wolf-Creek-Rd,-Montpelier,-VA-23192",37.774163,-77.662963,,
132,0.0,235000,Hanover County,Land,7 Crenshaws Mill Ln,Montpelier,VA,23192,"7 Crenshaws Mill Ln, Montpelier, VA 23192",2021-12-06T05:39:37.032Z,2021-02-13T05:52:34.363Z,Inactive,2022-08-09T17:58:57.711Z,543,2021-02-13T05:52:34.363Z,,,,"7-Crenshaws-Mill-Ln,-Montpelier,-VA-23192",37.778102,-77.600435,,
133,3.0,210000,Hanover County,Single Family,15484 Mountain Rd,Montpelier,VA,23192,"15484 Mountain Rd, Montpelier, VA 23192",2021-12-02T07:41:00.965Z,2021-08-19T05:51:40.721Z,Inactive,2022-08-09T17:51:26.712Z,356,2021-08-19T05:51:40.721Z,1.0,1232.0,,"15484-Mountain-Rd,-Montpelier,-VA-23192",37.777891,-77.632357,,
134,3.0,499999,Hanover County,Single Family,14613 Stone Trace Dr,Montpelier,VA,23192,"14613 Stone Trace Dr, Montpelier, VA 23192",2021-11-30T08:15:27.494Z,2021-08-19T13:01:15.490Z,Inactive,2022-08-09T17:43:48.954Z,356,2021-08-19T13:01:15.490Z,2.5,2486.0,,"14613-Stone-Trace-Dr,-Montpelier,-VA-23192",37.783058,-77.602119,,
135,5.0,499900,Hanover County,Single Family,15507 Woodman Hall Rd,Montpelier,VA,23192,"15507 Woodman Hall Rd, Montpelier, VA 23192",2021-11-23T10:04:14.166Z,2021-10-23T12:26:51.598Z,Inactive,2022-08-09T17:33:16.898Z,291,2021-10-23T12:26:51.598Z,2.5,2095.0,,"15507-Woodman-Hall-Rd,-Montpelier,-VA-23192",37.836206,-77.675441,,
136,3.0,299950,Hanover County,Single Family,16060 Geese Lake Ln,Montpelier,VA,23192,"16060 Geese Lake Ln, Montpelier, VA 23192",2021-11-22T07:34:15.802Z,2021-10-08T08:52:32.818Z,Inactive,2022-08-09T17:28:38.174Z,306,2021-10-08T08:52:32.818Z,2.0,1420.0,,"16060-Geese-Lake-Ln,-Montpelier,-VA-23192",37.83191,-77.648297,,
137,0.0,150000,Hanover County,Land,16335 Goshen Rd,Montpelier,VA,23192,"16335 Goshen Rd, Montpelier, VA 23192",2021-11-22T06:40:28.097Z,2021-07-26T07:15:41.248Z,Inactive,2022-08-09T17:28:38.174Z,380,2021-07-26T07:15:41.248Z,,,,"16335-Goshen-Rd,-Montpelier,-VA-23192",37.855733,-77.6458,,
138,3.0,275000,Hanover County,Single Family,15500 Mountain Rd,Montpelier,VA,23192,"15500 Mountain Rd, Montpelier, VA 23192",2021-11-20T09:00:36.543Z,2020-12-19T07:00:57.008Z,Inactive,2022-08-09T17:27:10.824Z,599,2020-12-19T07:00:57.008Z,2.0,1367.0,,"15500-Mountain-Rd,-Montpelier,-VA-23192",37.778619,-77.633649,,
139,4.0,549950,Hanover County,Single Family,16102 Beaver Dam Rd,Montpelier,VA,23192,"16102 Beaver Dam Rd, Montpelier, VA 23192",2021-11-18T11:21:30.397Z,2021-10-22T09:50:47.867Z,Inactive,2022-08-09T17:24:14.058Z,292,2021-10-22T09:50:47.867Z,2.0,2800.0,,"16102-Beaver-Dam-Rd,-Montpelier,-VA-23192",37.84694,-77.684746,,
140,3.0,279610,Hanover County,Single Family,16104 Geese Lake Ln,Montpelier,VA,23192,"16104 Geese Lake Ln, Montpelier, VA 23192",2021-11-18T09:50:53.767Z,2021-11-16T06:00:37.124Z,Inactive,2022-08-09T17:22:42.947Z,267,2021-11-16T06:00:37.124Z,1.0,1120.0,,"16104-Geese-Lake-Ln,-Montpelier,-VA-23192",37.833167,-77.649897,,
141,3.0,259950,Hanover County,Single Family,16421 Old Ridge Rd,Montpelier,VA,23192,"16421 Old Ridge Rd, Montpelier, VA 23192",2021-11-18T09:50:53.752Z,2021-05-24T05:54:08.507Z,Inactive,2022-08-09T17:22:42.947Z,443,2021-05-24T05:54:08.507Z,1.0,1200.0,,"16421-Old-Ridge-Rd,-Montpelier,-VA-23192",37.860523,-77.666841,,
142,3.0,299950,Hanover County,,14698 Scotchtown Rd,Montpelier,VA,23192,"14698 Scotchtown Rd, Montpelier, VA 23192",2021-11-15T10:01:55.067Z,2021-09-20T09:42:39.648Z,Inactive,2022-08-09T17:12:05.180Z,324,2021-09-20T09:42:39.648Z,2.0,1152.0,,"14698-Scotchtown-Rd,-Montpelier,-VA-23192",37.81685,-77.602894,,
143,5.0,639950,Hanover County,Single Family,15487 S Cedar Creek Ln,Montpelier,VA,23192,"15487 S Cedar Creek Ln, Montpelier, VA 23192",2021-11-14T09:23:45.563Z,2021-10-03T09:49:47.682Z,Inactive,2022-08-09T17:10:31.834Z,311,2021-10-03T09:49:47.682Z,3.5,3612.0,,"15487-S-Cedar-Creek-Ln,-Montpelier,-VA-23192",37.801088,-77.637078,,
144,4.0,395000,Hanover County,Single Family,16398 Woodman Hall Rd,Montpelier,VA,23192,"16398 Woodman Hall Rd, Montpelier, VA 23192",2021-11-12T10:08:27.528Z,2021-10-09T08:43:41.911Z,Inactive,2022-08-09T17:07:34.675Z,305,2021-10-09T08:43:41.911Z,4.0,2258.0,,"16398-Woodman-Hall-Rd,-Montpelier,-VA-23192",37.859416,-77.668761,,
145,3.0,199950,Louisa County,Single Family,538 Windyknight Rd,Montpelier,VA,23192,"538 Windyknight Rd, Montpelier, VA 23192",2021-11-12T08:18:19.689Z,2021-08-31T07:35:14.423Z,Inactive,2022-08-09T17:07:34.675Z,344,2021-08-31T07:35:14.423Z,2.0,1814.0,,"538-Windyknight-Rd,-Montpelier,-VA-23192",37.867731,-77.760647,,
146,4.0,749900,Hanover County,Single Family,15914 Saint Peters Church Rd,Montpelier,VA,23192,"15914 Saint Peters Church Rd, Montpelier, VA 23192",2021-11-07T09:48:37.953Z,2020-09-20T02:54:00.236Z,Inactive,2022-08-09T16:55:21.111Z,689,2020-09-20T02:54:00.236Z,3.5,6178.0,,"15914-Saint-Peters-Church-Rd,-Montpelier,-VA-23192",37.761932,-77.643371,,
147,4.0,685000,Hanover County,Single Family,13444 Wolf Swamp Ln,Montpelier,VA,23192,"13444 Wolf Swamp Ln, Montpelier, VA 23192",2021-11-01T11:02:16.899Z,2021-06-16T10:39:00.722Z,Inactive,2022-08-09T16:39:29.023Z,420,2021-06-16T10:39:00.722Z,2.5,3039.0,,"13444-Wolf-Swamp-Ln,-Montpelier,-VA-23192",37.775148,-77.649241,,
148,5.0,649000,Hanover County,Single Family,14391 Mill Creek Dr,Montpelier,VA,23192,"14391 Mill Creek Dr, Montpelier, VA 23192",2021-10-29T09:47:33.151Z,2021-08-31T10:55:18.866Z,Inactive,2022-08-09T16:33:20.599Z,344,2021-08-31T10:55:18.866Z,,3923.0,,"14391-Mill-Creek-Dr,-Montpelier,-VA-23192",37.79653,-77.581353,,
149,3.0,350000,Hanover County,Single Family,15340 Bourne Rd,Montpelier,VA,23192,"15340 Bourne Rd, Montpelier, VA 23192",2021-10-29T08:38:17.064Z,2021-09-16T09:13:35.942Z,Inactive,2022-08-09T16:33:20.599Z,328,2021-09-16T09:13:35.942Z,2.0,2064.0,,"15340-Bourne-Rd,-Montpelier,-VA-23192",37.827341,-77.717984,,
150,3.0,249950,Hanover County,Single Family,16425 Mountain Rd,Montpelier,VA,23192,"16425 Mountain Rd, Montpelier, VA 23192",2021-10-29T05:06:35.878Z,2021-08-31T09:12:16.868Z,Inactive,2022-08-09T16:31:50.628Z,344,2021-08-31T09:12:16.868Z,1.0,960.0,,"16425-Mountain-Rd,-Montpelier,-VA-23192",37.808885,-77.656385,,
151,3.0,399950,Hanover County,Single Family,18397 Taylors Creek Rd,Montpelier,VA,23192,"18397 Taylors Creek Rd, Montpelier, VA 23192",2021-10-28T08:00:23.997Z,2021-09-09T06:54:29.458Z,Inactive,2022-08-09T16:28:49.749Z,335,2021-09-09T06:54:29.458Z,2.0,2284.0,,"18397-Taylors-Creek-Rd,-Montpelier,-VA-23192",37.787923,-77.739638,,
152,0.0,85000,Hanover County,Land,W Mountain Rd,Montpelier,VA,23192,"W Mountain Rd, Montpelier, VA 23192",2021-10-26T06:08:55.779Z,2020-09-15T03:38:04.360Z,Inactive,2022-08-09T16:23:12.237Z,694,2020-09-15T03:38:04.360Z,,,,"W-Mountain-Rd,-Montpelier,-VA-23192",37.815007,-77.665961,,
153,2.0,64400,Hanover County,Single Family,16100 Hatch Thompson Rd,Montpelier,VA,23192,"16100 Hatch Thompson Rd, Montpelier, VA 23192",2021-10-23T08:11:36.678Z,2020-10-03T08:29:28.249Z,Inactive,2022-08-09T16:18:38.058Z,676,2020-10-03T08:29:28.249Z,1.0,840.0,,"16100-Hatch-Thompson-Rd,-Montpelier,-VA-23192",37.797837,-77.650755,,
154,3.0,865000,Hanover County,Single Family,17068 Mountain Rd,Montpelier,VA,23192,"17068 Mountain Rd, Montpelier, VA 23192",2021-10-22T09:52:35.924Z,2020-10-21T10:27:27.410Z,Inactive,2022-08-09T16:15:24.406Z,658,2020-10-21T10:27:27.410Z,1.5,1800.0,,"17068-Mountain-Rd,-Montpelier,-VA-23192",37.816802,-77.680529,,
155,0.0,250000,Hanover County,Land,Wickham Ridge Dr,Montpelier,VA,23192,"Wickham Ridge Dr, Montpelier, VA 23192",2021-10-22T06:53:49.706Z,2021-06-16T05:51:16.687Z,Inactive,2022-08-09T16:15:24.406Z,420,2021-06-16T05:51:16.687Z,,,,"Wickham-Ridge-Dr,-Montpelier,-VA-23192",37.85553,-77.680105,,
156,3.0,369900,Louisa County,Single Family,276 Spring Woods Rd,Montpelier,VA,23192,"276 Spring Woods Rd, Montpelier, VA 23192",2021-10-19T11:45:02.509Z,2021-09-08T08:45:46.795Z,Inactive,2022-08-09T16:08:04.125Z,336,2021-09-08T08:45:46.795Z,2.5,1888.0,,"276-Spring-Woods-Rd,-Montpelier,-VA-23192",37.855491,-77.751806,,
157,4.0,499000,Hanover County,Single Family,14207 Peacock Pl,Montpelier,VA,23192,"14207 Peacock Pl, Montpelier, VA 23192",2021-10-19T08:21:16.908Z,2021-09-15T13:28:22.265Z,Inactive,2022-08-09T16:06:35.694Z,329,2021-09-15T13:28:22.265Z,2.5,2705.0,,"14207-Peacock-Pl,-Montpelier,-VA-23192",37.795187,-77.742613,,
158,4.0,325000,Hanover County,Single Family,15560 Mount Air Ct,Montpelier,VA,23192,"15560 Mount Air Ct, Montpelier, VA 23192",2021-10-18T06:58:34.159Z,2021-09-02T05:38:04.028Z,Inactive,2022-08-09T16:03:16.618Z,342,2021-09-02T05:38:04.028Z,3.5,3963.0,,"15560-Mount-Air-Ct,-Montpelier,-VA-23192",37.864356,-77.646732,,
159,4.0,399000,Hanover County,Single Family,16050 Gun Barrel Rd,Montpelier,VA,23192,"16050 Gun Barrel Rd, Montpelier, VA 23192",2021-10-15T06:40:14.550Z,2020-09-15T16:48:53.372Z,Inactive,2022-08-09T15:59:04.664Z,693,2020-09-15T16:48:53.372Z,2.0,2033.0,,"16050-Gun-Barrel-Rd,-Montpelier,-VA-23192",37.84212,-77.740674,,
160,3.0,550000,Hanover County,Single Family,16138 Derby Ridge Rd,Montpelier,VA,23192,"16138 Derby Ridge Rd, Montpelier, VA 23192",2021-10-13T10:43:49.498Z,2021-09-11T11:45:17.283Z,Inactive,2022-08-09T15:54:48.878Z,333,2021-09-11T11:45:17.283Z,3.0,2672.0,,"16138-Derby-Ridge-Rd,-Montpelier,-VA-23192",37.793834,-77.654565,,
161,3.0,324950,Hanover County,Single Family,14254 Clazemont Rd,Montpelier,VA,23192,"14254 Clazemont Rd, Montpelier, VA 23192",2021-10-08T08:52:32.831Z,2021-09-02T05:38:04.029Z,Inactive,2022-08-09T15:44:27.065Z,342,2021-09-02T05:38:04.029Z,2.5,1344.0,,"14254-Clazemont-Rd,-Montpelier,-VA-23192",37.796044,-77.725144,,
162,3.0,225000,Hanover County,Single Family,18415 Landmark Cedar Rd,Montpelier,VA,23192,"18415 Landmark Cedar Rd, Montpelier, VA 23192",2021-10-06T09:14:52.242Z,2020-12-19T07:00:57.015Z,Inactive,2022-08-09T15:40:02.198Z,599,2020-12-19T07:00:57.015Z,2.0,1344.0,,"18415-Landmark-Cedar-Rd,-Montpelier,-VA-23192",37.876419,-77.732799,,
163,4.0,739950,Hanover County,Single Family,15859 Saint Peters Church Rd,Montpelier,VA,23192,"15859 Saint Peters Church Rd, Montpelier, VA 23192",2021-10-05T08:36:56.910Z,2021-07-11T10:37:20.341Z,Inactive,2022-08-09T15:37:13.854Z,395,2021-07-11T10:37:20.341Z,3.5,4600.0,,"15859-Saint-Peters-Church-Rd,-Montpelier,-VA-23192",37.763342,-77.640404,,
164,3.0,359950,Hanover County,Single Family,16044 Beaver Dam Rd,Montpelier,VA,23192,"16044 Beaver Dam Rd, Montpelier, VA 23192",2021-10-04T08:00:30.741Z,2020-10-14T09:01:18.122Z,Inactive,2022-08-09T15:34:05.622Z,665,2020-10-14T09:01:18.122Z,2.0,1900.0,,"16044-Beaver-Dam-Rd,-Montpelier,-VA-23192",37.841365,-77.685486,,
165,0.0,110000,Hanover County,Land,16077A Greenwood Church Rd,Montpelier,VA,23192,"16077A Greenwood Church Rd, Montpelier, VA 23192",2021-10-01T09:33:21.433Z,2021-07-26T07:15:41.241Z,Inactive,2022-08-09T15:28:22.676Z,380,2021-07-26T07:15:41.241Z,,,,"16077A-Greenwood-Church-Rd,-Montpelier,-VA-23192",37.809396,-77.65104,,
166,0.0,110000,Hanover County,Land,Whitewood Ln,Montpelier,VA,23192,"Whitewood Ln, Montpelier, VA 23192",2021-10-01T09:33:21.429Z,2021-01-22T05:40:43.177Z,Inactive,2022-08-09T15:28:22.676Z,565,2021-01-22T05:40:43.177Z,,,,"Whitewood-Ln,-Montpelier,-VA-23192",37.811305,-77.581119,,
167,0.0,149995,Hanover County,Land,15295 Beaver Dam Rd,Montpelier,VA,23192,"15295 Beaver Dam Rd, Montpelier, VA 23192",2021-09-29T06:53:07.475Z,2021-09-02T05:25:03.977Z,Inactive,2022-08-09T15:19:01.899Z,342,2021-09-02T05:25:03.977Z,,,,"15295-Beaver-Dam-Rd,-Montpelier,-VA-23192",37.828369,-77.689758,,
168,4.0,399000,Hanover County,Single Family,15547 Mountain Rd,Montpelier,VA,23192,"15547 Mountain Rd, Montpelier, VA 23192",2021-09-28T07:36:16.587Z,2021-07-27T09:16:49.503Z,Inactive,2022-08-09T15:15:58.488Z,379,2021-07-27T09:16:49.503Z,1.5,3728.0,,"15547-Mountain-Rd,-Montpelier,-VA-23192",37.780177,-77.636292,,
169,0.0,124950,Hanover County,Land,Mountain Rd,Montpelier,VA,23192,"Mountain Rd, Montpelier, VA 23192",2021-09-28T05:23:24.746Z,2020-12-11T06:34:09.463Z,Inactive,2022-08-09T15:15:58.488Z,607,2020-12-11T06:34:09.463Z,,,,"Mountain-Rd,-Montpelier,-VA-23192",37.805087,-77.659128,,
170,3.0,309950,Louisa County,Single Family,120 Barlow Ln,Montpelier,VA,23192,"120 Barlow Ln, Montpelier, VA 23192",2021-09-19T12:52:22.841Z,2021-08-31T10:13:38.606Z,Inactive,2022-08-09T14:56:19.308Z,344,2021-08-31T10:13:38.606Z,2.0,1908.0,,"120-Barlow-Ln,-Montpelier,-VA-23192",37.853759,-77.760981,,
171,5.0,389950,Hanover County,Single Family,14178 Pumpkin Patch Dr,Montpelier,VA,23192,"14178 Pumpkin Patch Dr, Montpelier, VA 23192",2021-09-17T08:51:13.480Z,2021-08-08T09:56:59.692Z,Inactive,2022-08-09T14:52:09.025Z,367,2021-08-08T09:56:59.692Z,3.5,3203.0,,"14178-Pumpkin-Patch-Dr,-Montpelier,-VA-23192",37.793594,-77.602765,,
172,3.0,180000,Hanover County,,15024 Bethany Church Rd,Montpelier,VA,23192,"15024 Bethany Church Rd, Montpelier, VA 23192",2021-09-17T06:24:24.650Z,2021-08-08T05:20:40.450Z,Inactive,2022-08-09T14:52:09.025Z,367,2021-08-08T05:20:40.450Z,2.0,1296.0,,"15024-Bethany-Church-Rd,-Montpelier,-VA-23192",37.811872,-77.679595,,
173,4.0,479000,Hanover County,Single Family,15511 Woodman Hall Rd,Montpelier,VA,23192,"15511 Woodman Hall Rd, Montpelier, VA 23192",2021-09-16T09:15:54.373Z,2021-06-22T08:51:55.867Z,Inactive,2022-08-08T19:58:05.604Z,413,2021-06-22T08:51:55.867Z,2.5,2386.0,,"15511-Woodman-Hall-Rd,-Montpelier,-VA-23192",37.835457,-77.673437,,
174,4.0,419000,Hanover County,Single Family,15548 Mount Air Ct,Montpelier,VA,23192,"15548 Mount Air Ct, Montpelier, VA 23192",2021-09-14T10:42:26.952Z,2021-06-29T11:12:34.823Z,Inactive,2022-08-08T19:53:48.945Z,406,2021-06-29T11:12:34.823Z,2.5,2026.0,,"15548-Mount-Air-Ct,-Montpelier,-VA-23192",37.865064,-77.646801,,
175,0.0,225000,Hanover County,Land,9 Crenshaws Mill Ln,Montpelier,VA,23192,"9 Crenshaws Mill Ln, Montpelier, VA 23192",2021-09-09T05:30:04.179Z,2021-02-12T07:03:07.899Z,Inactive,2022-08-08T19:42:05.012Z,543,2021-02-12T07:03:07.899Z,,,,"9-Crenshaws-Mill-Ln,-Montpelier,-VA-23192",37.777077,-77.603791,,
176,4.0,375000,Hanover County,Single Family,14894 Scotchtown Rd,Montpelier,VA,23192,"14894 Scotchtown Rd, Montpelier, VA 23192",2021-09-08T07:27:04.942Z,2021-07-09T11:21:32.222Z,Inactive,2022-08-08T19:39:15.673Z,396,2021-07-09T11:21:32.222Z,3.0,2504.0,,"14894-Scotchtown-Rd,-Montpelier,-VA-23192",37.807352,-77.60317,,
177,5.0,679000,Hanover County,Single Family,14061 Waltons Tavern Rd,Montpelier,VA,23192,"14061 Waltons Tavern Rd, Montpelier, VA 23192",2021-08-31T10:55:18.880Z,2021-07-18T07:57:23.049Z,Inactive,2022-08-08T19:26:55.721Z,387,2021-07-18T07:57:23.049Z,3.5,3575.0,,"14061-Waltons-Tavern-Rd,-Montpelier,-VA-23192",37.787764,-77.656844,,
178,3.0,265000,Hanover County,Single Family,15446 Robert Terrell Rd,Montpelier,VA,23192,"15446 Robert Terrell Rd, Montpelier, VA 23192",2021-08-31T09:12:16.869Z,2021-07-18T05:42:04.708Z,Inactive,2022-08-08T19:24:09.075Z,387,2021-07-18T05:42:04.708Z,2.0,1140.0,,"15446-Robert-Terrell-Rd,-Montpelier,-VA-23192",37.831228,-77.658128,,
179,0.0,245000,Hanover County,Land,St Peters Church Rd Pl,Montpelier,VA,23192,"St Peters Church Rd Pl, Montpelier, VA 23192",2021-08-29T06:40:36.300Z,2021-08-29T06:40:36.300Z,Inactive,2022-08-08T19:21:16.643Z,345,2021-08-29T06:40:36.300Z,,,,"St-Peters-Church-Rd-Pl,-Montpelier,-VA-23192",37.75698,-77.668774,,
180,2.0,174900,Hanover County,Single Family,15052 Bourne Rd,Montpelier,VA,23192,"15052 Bourne Rd, Montpelier, VA 23192",2021-08-29T06:40:36.291Z,2021-07-12T07:36:42.095Z,Inactive,2022-08-08T19:21:16.643Z,393,2021-07-12T07:36:42.095Z,1.0,768.0,,"15052-Bourne-Rd,-Montpelier,-VA-23192",37.814503,-77.727547,,
181,0.0,140000,Hanover County,Land,Gun Barrel Rd,Montpelier,VA,23192,"Gun Barrel Rd, Montpelier, VA 23192",2021-08-22T05:13:05.153Z,2020-09-15T03:38:04.366Z,Inactive,2022-08-08T19:21:16.643Z,693,2020-09-15T03:38:04.366Z,,,,"Gun-Barrel-Rd,-Montpelier,-VA-23192",37.854714,-77.732315,,
182,4.0,649900,Hanover County,Single Family,17137 Old Ridge Rd,Montpelier,VA,23192,"17137 Old Ridge Rd, Montpelier, VA 23192",2021-08-19T13:11:45.521Z,2021-06-24T09:53:13.553Z,Inactive,2022-08-08T19:07:11.940Z,411,2021-06-24T09:53:13.553Z,2.5,3061.0,,"17137-Old-Ridge-Rd,-Montpelier,-VA-23192",37.860339,-77.685364,,
183,4.0,579500,Hanover County,Single Family,14217 Green Grove Ct,Montpelier,VA,23192,"14217 Green Grove Ct, Montpelier, VA 23192",2021-08-19T13:11:45.508Z,2020-09-20T02:49:24.094Z,Inactive,2022-08-08T19:07:11.940Z,688,2020-09-20T02:49:24.094Z,3.0,2296.0,,"14217-Green-Grove-Ct,-Montpelier,-VA-23192",37.794601,-77.661611,,
184,4.0,525000,Hanover County,Single Family,14448 Three Oaks Ter,Montpelier,VA,23192,"14448 Three Oaks Ter, Montpelier, VA 23192",2021-08-19T13:01:15.492Z,2021-07-27T09:43:42.575Z,Inactive,2022-08-08T19:05:19.568Z,378,2021-07-27T09:43:42.575Z,3.0,3471.0,,"14448-Three-Oaks-Ter,-Montpelier,-VA-23192",37.805417,-77.593393,,
185,3.0,429950,Hanover County,Single Family,17415 Mountain Rd,Montpelier,VA,23192,"17415 Mountain Rd, Montpelier, VA 23192",2021-08-19T12:54:12.567Z,2021-07-09T11:51:42.520Z,Inactive,2022-08-08T19:05:19.568Z,396,2021-07-09T11:51:42.520Z,2.0,1986.0,,"17415-Mountain-Rd,-Montpelier,-VA-23192",37.827872,-77.699806,,
186,3.0,401590,Hanover County,Single Family,15551 Mount Air Ct,Montpelier,VA,23192,"15551 Mount Air Ct, Montpelier, VA 23192",2021-08-19T12:54:12.550Z,2021-06-18T08:30:47.750Z,Inactive,2022-08-08T19:05:19.568Z,417,2021-06-18T08:30:47.750Z,2.0,2132.0,,"15551-Mount-Air-Ct,-Montpelier,-VA-23192",37.865035,-77.644011,,
187,4.0,365000,Hanover County,Single Family,15208 Woodman Hall Rd,Montpelier,VA,23192,"15208 Woodman Hall Rd, Montpelier, VA 23192",2021-08-19T10:50:36.607Z,2021-06-05T09:15:07.427Z,Inactive,2022-08-08T19:02:02.179Z,430,2021-06-05T09:15:07.427Z,,2790.0,,"15208-Woodman-Hall-Rd,-Montpelier,-VA-23192",37.822214,-77.683169,,
188,3.0,275000,Hanover County,Single Family,16286 Derby Ridge Rd,Montpelier,VA,23192,"16286 Derby Ridge Rd, Montpelier, VA 23192",2021-08-19T05:56:30.531Z,2021-04-20T09:43:03.922Z,Inactive,2022-08-08T18:56:11.843Z,476,2021-04-20T09:43:03.922Z,2.5,2054.0,,"16286-Derby-Ridge-Rd,-Montpelier,-VA-23192",37.793191,-77.664218,,
189,4.0,389000,Hanover County,Single Family,15611 Robert Terrell Rd,Montpelier,VA,23192,"15611 Robert Terrell Rd, Montpelier, VA 23192",2021-08-12T10:00:04.882Z,2021-07-02T08:56:59.733Z,Inactive,2022-08-08T18:42:24.216Z,403,2021-07-02T08:56:59.733Z,3.0,1788.0,,"15611-Robert-Terrell-Rd,-Montpelier,-VA-23192",37.837968,-77.665154,,
190,0.0,125000,Hanover County,Land,14144 Canterbury Rd,Montpelier,VA,23192,"14144 Canterbury Rd, Montpelier, VA 23192",2021-08-10T05:59:36.856Z,2021-06-22T05:27:10.042Z,Inactive,2022-08-08T18:40:57.145Z,413,2021-06-22T05:27:10.042Z,,,,"14144-Canterbury-Rd,-Montpelier,-VA-23192",37.790565,-77.679854,,
191,4.0,589950,Hanover County,Single Family,16135 Grove View Rd,Montpelier,VA,23192,"16135 Grove View Rd, Montpelier, VA 23192",2021-07-27T09:52:44.776Z,2021-06-16T10:26:10.982Z,Inactive,2022-08-06T19:30:52.509Z,417,2021-06-16T10:26:10.982Z,2.5,2297.0,,"16135-Grove-View-Rd,-Montpelier,-VA-23192",37.795585,-77.655177,,
192,0.0,115000,Hanover County,Land,16054 Woodlong Ln,Montpelier,VA,23192,"16054 Woodlong Ln, Montpelier, VA 23192",2021-07-26T07:15:41.242Z,2020-11-07T05:12:49.719Z,Inactive,2022-08-06T19:32:13.150Z,638,2020-11-07T05:12:49.719Z,,,,"16054-Woodlong-Ln,-Montpelier,-VA-23192",37.84261,-77.735329,,
193,5.0,999000,Hanover County,Single Family,14474 Three Oaks Ct,Montpelier,VA,23192,"14474 Three Oaks Ct, Montpelier, VA 23192",2021-07-19T10:56:58.219Z,2021-05-12T09:19:00.253Z,Inactive,2022-08-06T20:35:35.483Z,452,2021-05-12T09:19:00.253Z,4.5,8267.0,,"14474-Three-Oaks-Ct,-Montpelier,-VA-23192",37.80852,-77.596656,,
194,5.0,780000,Hanover County,Single Family,14990 Lane Mill Rd,Montpelier,VA,23192,"14990 Lane Mill Rd, Montpelier, VA 23192",2021-07-19T10:56:58.204Z,2020-10-16T13:04:13.657Z,Inactive,2022-08-06T20:35:35.483Z,660,2020-10-16T13:04:13.657Z,5.0,4769.0,,"14990-Lane-Mill-Rd,-Montpelier,-VA-23192",37.807676,-77.673493,,
195,3.0,595000,Hanover County,Single Family,15546 Saint Peters Church Rd,Montpelier,VA,23192,"15546 Saint Peters Church Rd, Montpelier, VA 23192",2021-07-19T10:24:31.782Z,2021-05-12T07:58:29.058Z,Inactive,2022-08-06T20:37:37.775Z,452,2021-05-12T07:58:29.058Z,2.0,2232.0,,"15546-Saint-Peters-Church-Rd,-Montpelier,-VA-23192",37.78113,-77.642266,,
196,4.0,589950,Hanover County,Single Family,14182 Jakes Cir,Montpelier,VA,23192,"14182 Jakes Cir, Montpelier, VA 23192",2021-07-19T10:24:31.774Z,2021-06-16T10:26:10.982Z,Inactive,2022-08-06T20:37:37.775Z,417,2021-06-16T10:26:10.982Z,3.5,3018.0,,"14182-Jakes-Cir,-Montpelier,-VA-23192",37.793089,-77.598293,,
197,4.0,390000,Hanover County,Single Family,14066 Spring Rd,Montpelier,VA,23192,"14066 Spring Rd, Montpelier, VA 23192",2021-07-12T09:28:19.574Z,2021-05-12T06:59:38.795Z,Inactive,2022-08-06T20:55:16.747Z,452,2021-05-12T06:59:38.795Z,3.5,2480.0,,"14066-Spring-Rd,-Montpelier,-VA-23192",37.787789,-77.743702,,
198,4.0,850000,Hanover County,Single Family,17501 Old Ridge Rd,Montpelier,VA,23192,"17501 Old Ridge Rd, Montpelier, VA 23192",2021-07-11T10:37:20.340Z,2021-06-16T10:39:00.741Z,Inactive,2022-08-06T23:07:05.029Z,417,2021-06-16T10:39:00.741Z,4.5,4481.0,,"17501-Old-Ridge-Rd,-Montpelier,-VA-23192",37.864807,-77.712599,,
199,0.0,166500,Hanover County,Land,15859 St Peters Church Rd,Montpelier,VA,23192,"15859 St Peters Church Rd, Montpelier, VA 23192",2021-07-07T05:37:03.775Z,2021-05-23T05:55:50.967Z,Inactive,2022-08-07T14:50:59.967Z,442,2021-05-23T05:55:50.967Z,,,,"15859-St-Peters-Church-Rd,-Montpelier,-VA-23192",37.763342,-77.640404,,
200,5.0,569500,Hanover County,Single Family,13216 Fawnborough Rd,Montpelier,VA,23192,"13216 Fawnborough Rd, Montpelier, VA 23192",2021-07-01T12:00:47.397Z,2021-04-09T11:48:06.465Z,Inactive,2022-08-07T15:27:02.919Z,486,2021-04-09T11:48:06.465Z,,3777.0,,"13216-Fawnborough-Rd,-Montpelier,-VA-23192",37.76797,-77.663012,,
201,3.0,249950,Hanover County,Single Family,15180 Dunn Rd,Montpelier,VA,23192,"15180 Dunn Rd, Montpelier, VA 23192",2021-07-01T08:10:41.422Z,2021-05-24T05:54:11.799Z,Inactive,2022-08-07T15:30:09.084Z,441,2021-05-24T05:54:11.799Z,2.0,1344.0,,"15180-Dunn-Rd,-Montpelier,-VA-23192",37.821007,-77.740658,,
202,2.0,164000,Hanover County,Single Family,17098 Gun Barrel Rd,Montpelier,VA,23192,"17098 Gun Barrel Rd, Montpelier, VA 23192",2021-07-01T07:39:44.340Z,2020-12-30T05:27:56.014Z,Inactive,2022-08-07T15:30:09.084Z,586,2020-12-30T05:27:56.014Z,1.0,654.0,,"17098-Gun-Barrel-Rd,-Montpelier,-VA-23192",37.871505,-77.728721,,
203,0.0,105500,Hanover County,Land,Bethany Church Rd,Montpelier,VA,23192,"Bethany Church Rd, Montpelier, VA 23192",2021-07-01T07:39:44.321Z,2020-10-16T06:24:20.165Z,Inactive,2022-08-07T15:30:09.084Z,661,2020-10-16T06:24:20.165Z,,,,"Bethany-Church-Rd,-Montpelier,-VA-23192",37.800547,-77.690442,,
204,6.0,599950,Hanover County,Single Family,15475 Pine Green Ln,Montpelier,VA,23192,"15475 Pine Green Ln, Montpelier, VA 23192",2021-06-30T10:42:50.016Z,2021-05-12T07:58:29.042Z,Inactive,2022-08-07T15:36:57.158Z,453,2021-05-12T07:58:29.042Z,4.0,3908.0,,"15475-Pine-Green-Ln,-Montpelier,-VA-23192",37.837093,-77.615607,,
205,4.0,629950,Hanover County,Single Family,16064 Robert Terrell Rd,Montpelier,VA,23192,"16064 Robert Terrell Rd, Montpelier, VA 23192",2021-06-29T11:13:45.243Z,2021-06-16T10:26:10.997Z,Inactive,2022-08-07T15:46:06.487Z,418,2021-06-16T10:26:10.997Z,2.5,3078.0,,"16064-Robert-Terrell-Rd,-Montpelier,-VA-23192",37.841203,-77.657863,,
206,5.0,599900,Hanover County,Single Family,16215 Wolf Creek Rd,Montpelier,VA,23192,"16215 Wolf Creek Rd, Montpelier, VA 23192",2021-06-29T11:13:45.238Z,2020-09-15T03:38:04.364Z,Inactive,2022-08-07T15:46:06.487Z,692,2020-09-15T03:38:04.364Z,,4400.0,,"16215-Wolf-Creek-Rd,-Montpelier,-VA-23192",37.771489,-77.660431,,
207,3.0,265000,Hanover County,Single Family,17322 Old Ridge Rd,Montpelier,VA,23192,"17322 Old Ridge Rd, Montpelier, VA 23192",2021-06-25T08:59:10.052Z,2021-05-12T06:50:36.784Z,Inactive,2022-08-07T16:06:23.842Z,453,2021-05-12T06:50:36.784Z,2.0,1252.0,,"17322-Old-Ridge-Rd,-Montpelier,-VA-23192",37.866883,-77.697523,,
208,3.0,495000,Hanover County,Single Family,14421 Stillmeadows Rd,Montpelier,VA,23192,"14421 Stillmeadows Rd, Montpelier, VA 23192",2021-06-24T09:31:47.995Z,2021-04-09T11:40:09.164Z,Inactive,2022-08-07T16:13:26.948Z,486,2021-04-09T11:40:09.164Z,3.0,2498.0,,"14421-Stillmeadows-Rd,-Montpelier,-VA-23192",37.782317,-77.608014,,
209,3.0,525000,Hanover County,Single Family,18430 Mountain Rd,Montpelier,VA,23192,"18430 Mountain Rd, Montpelier, VA 23192",2021-06-23T09:42:45.124Z,2020-10-01T10:32:47.476Z,Inactive,2022-08-07T16:21:11.831Z,676,2020-10-01T10:32:47.476Z,4.5,2676.0,,"18430-Mountain-Rd,-Montpelier,-VA-23192",37.841051,-77.739367,,
210,3.0,180000,Louisa County,Single Family,16281 Jones Farm Rd,Montpelier,VA,23192,"16281 Jones Farm Rd, Montpelier, VA 23192",2021-06-19T10:45:39.365Z,2021-05-12T10:21:55.791Z,Inactive,2022-08-07T16:43:32.984Z,453,2021-05-12T10:21:55.791Z,1.0,912.0,,"16281-Jones-Farm-Rd,-Montpelier,-VA-23192",37.85436,-77.7487,,
211,4.0,527450,Hanover County,Single Family,15240 Chris Ct,Montpelier,VA,23192,"15240 Chris Ct, Montpelier, VA 23192",2021-06-16T09:17:20.518Z,2021-05-12T07:50:10.317Z,Inactive,2022-08-07T17:03:15.191Z,453,2021-05-12T07:50:10.317Z,2.5,2735.0,,"15240-Chris-Ct,-Montpelier,-VA-23192",37.823018,-77.646848,,
212,0.0,169900,Hanover County,Land,14138 Clazemont Rd,Montpelier,VA,23192,"14138 Clazemont Rd, Montpelier, VA 23192",2021-06-09T05:14:15.448Z,2020-11-18T05:40:21.120Z,Inactive,2022-08-07T17:11:42.746Z,628,2020-11-18T05:40:21.120Z,,,,"14138-Clazemont-Rd,-Montpelier,-VA-23192",37.790439,-77.72779,,
213,3.0,300000,Hanover County,Single Family,18026 Taylors Creek Rd,Montpelier,VA,23192,"18026 Taylors Creek Rd, Montpelier, VA 23192",2021-05-25T06:05:28.407Z,2021-05-12T06:50:36.792Z,Inactive,2022-08-07T17:53:43.682Z,453,2021-05-12T06:50:36.792Z,1.5,1269.0,,"18026-Taylors-Creek-Rd,-Montpelier,-VA-23192",37.784157,-77.716026,,
214,6.0,749950,Hanover County,Single Family,14969 Patrick Meadows Way,Montpelier,VA,23192,"14969 Patrick Meadows Way, Montpelier, VA 23192",2021-05-16T10:35:30.406Z,2021-03-25T08:55:10.144Z,Inactive,2022-08-07T19:17:29.712Z,501,2021-03-25T08:55:10.144Z,5.0,4646.0,,"14969-Patrick-Meadows-Way,-Montpelier,-VA-23192",37.806317,-77.621843,,
215,4.0,560000,Hanover County,Single Family,16015 W Patrick Henry Rd,Montpelier,VA,23192,"16015 W Patrick Henry Rd, Montpelier, VA 23192",2021-05-16T10:35:20.632Z,2021-04-18T10:22:26.181Z,Inactive,2022-08-07T19:17:29.712Z,477,2021-04-18T10:22:26.181Z,2.5,3384.0,,"16015-W-Patrick-Henry-Rd,-Montpelier,-VA-23192",37.82112,-77.646557,,
216,3.0,495500,Hanover County,Single Family,13998 Taylors Overlook Ct,Montpelier,VA,23192,"13998 Taylors Overlook Ct, Montpelier, VA 23192",2021-05-16T09:45:32.899Z,2021-05-12T07:50:10.301Z,Inactive,2022-08-07T19:22:51.135Z,453,2021-05-12T07:50:10.301Z,2.5,2702.0,,"13998-Taylors-Overlook-Ct,-Montpelier,-VA-23192",37.784473,-77.69398,,
217,4.0,488000,Hanover County,Single Family,15023 Bethany Estates Way,Montpelier,VA,23192,"15023 Bethany Estates Way, Montpelier, VA 23192",2021-05-16T09:45:32.742Z,2021-01-16T07:33:47.624Z,Inactive,2022-08-07T19:22:51.135Z,569,2021-01-16T07:33:47.624Z,3.0,2541.0,,"15023-Bethany-Estates-Way,-Montpelier,-VA-23192",37.8138,-77.666477,,
218,3.0,400000,Hanover County,Single Family,13481 Spring Rd,Montpelier,VA,23192,"13481 Spring Rd, Montpelier, VA 23192",2021-05-16T08:36:49.701Z,2021-05-12T06:59:38.818Z,Inactive,2022-08-07T19:32:18.491Z,453,2021-05-12T06:59:38.818Z,2.0,1508.0,,"13481-Spring-Rd,-Montpelier,-VA-23192",37.783212,-77.747739,,
219,4.0,1220000,Hanover County,Single Family,14841 Elliot Ridge Way,Montpelier,VA,23192,"14841 Elliot Ridge Way, Montpelier, VA 23192",2021-05-12T09:19:00.254Z,2021-04-18T11:40:44.311Z,Inactive,2022-08-08T18:20:58.354Z,478,2021-04-18T11:40:44.311Z,4.5,3411.0,,"14841-Elliot-Ridge-Way,-Montpelier,-VA-23192",37.76404,-77.604593,,
220,4.0,489000,Hanover County,Single Family,13995 Taylors Overlook Ct,Montpelier,VA,23192,"13995 Taylors Overlook Ct, Montpelier, VA 23192",2021-04-20T10:01:15.366Z,2021-03-25T07:27:06.639Z,Inactive,2022-08-08T17:48:44.822Z,502,2021-03-25T07:27:06.639Z,2.5,3214.0,,"13995-Taylors-Overlook-Ct,-Montpelier,-VA-23192",37.785061,-77.694894,,
221,4.0,479500,Hanover County,Single Family,15021 Bethany Estates Way,Montpelier,VA,23192,"15021 Bethany Estates Way, Montpelier, VA 23192",2021-04-20T10:01:15.364Z,2020-09-29T09:02:33.729Z,Inactive,2022-08-08T17:48:44.822Z,679,2020-09-29T09:02:33.729Z,3.5,2463.0,,"15021-Bethany-Estates-Way,-Montpelier,-VA-23192",37.813113,-77.666696,,
222,5.0,475000,Hanover County,Single Family,14603 Scotchtown Rd,Montpelier,VA,23192,"14603 Scotchtown Rd, Montpelier, VA 23192",2021-04-20T10:01:15.364Z,2021-03-25T07:27:06.638Z,Inactive,2022-08-08T17:48:44.822Z,502,2021-03-25T07:27:06.638Z,4.0,3520.0,,"14603-Scotchtown-Rd,-Montpelier,-VA-23192",37.821769,-77.597844,,
223,6.0,475000,Hanover County,Single Family,15201 Indian Springs Ln,Montpelier,VA,23192,"15201 Indian Springs Ln, Montpelier, VA 23192",2021-04-20T10:01:15.364Z,2021-04-09T11:40:09.150Z,Inactive,2022-08-08T17:48:44.822Z,487,2021-04-09T11:40:09.150Z,3.5,4335.0,,"15201-Indian-Springs-Ln,-Montpelier,-VA-23192",37.822176,-77.678796,,
224,3.0,330000,Hanover County,Single Family,16211 Parrish Farm Rd,Montpelier,VA,23192,"16211 Parrish Farm Rd, Montpelier, VA 23192",2021-04-20T09:43:03.917Z,2021-04-09T07:13:30.065Z,Inactive,2022-08-08T17:47:29.495Z,487,2021-04-09T07:13:30.065Z,2.0,1774.0,,"16211-Parrish-Farm-Rd,-Montpelier,-VA-23192",37.849516,-77.658574,,
225,3.0,320000,Hanover County,Single Family,15451 S Cedar Creek Ln,Montpelier,VA,23192,"15451 S Cedar Creek Ln, Montpelier, VA 23192",2021-04-20T09:43:03.914Z,2021-04-09T07:13:30.047Z,Inactive,2022-08-08T17:47:29.495Z,487,2021-04-09T07:13:30.047Z,2.0,1940.0,,"15451-S-Cedar-Creek-Ln,-Montpelier,-VA-23192",37.803068,-77.63641,,
226,4.0,299950,Hanover County,Single Family,12447 Howards Mill Rd,Montpelier,VA,23192,"12447 Howards Mill Rd, Montpelier, VA 23192",2021-04-20T09:04:12.118Z,2021-03-14T06:53:09.589Z,Inactive,2022-08-08T17:44:54.366Z,513,2021-03-14T06:53:09.589Z,2.5,2139.0,,"12447-Howards-Mill-Rd,-Montpelier,-VA-23192",37.750555,-77.655376,,
227,3.0,239000,Hanover County,Single Family,17082 Gun Barrel Rd,Montpelier,VA,23192,"17082 Gun Barrel Rd, Montpelier, VA 23192",2021-04-20T07:10:33.401Z,2021-02-17T08:49:32.610Z,Inactive,2022-08-08T17:39:43.766Z,538,2021-02-17T08:49:32.610Z,2.0,1490.0,,"17082-Gun-Barrel-Rd,-Montpelier,-VA-23192",37.870744,-77.7291,,
228,0.0,200000,Hanover County,Land,Wolf Creek Rd,Montpelier,VA,23192,"Wolf Creek Rd, Montpelier, VA 23192",2021-04-20T07:10:33.394Z,2021-03-06T08:37:43.116Z,Inactive,2022-08-08T17:39:43.766Z,521,2021-03-06T08:37:43.116Z,,,,"Wolf-Creek-Rd,-Montpelier,-VA-23192",37.770876,-77.662044,,
229,0.0,70000,Hanover County,Land,Pryor Ln,Montpelier,VA,23192,"Pryor Ln, Montpelier, VA 23192",2021-04-20T07:10:33.381Z,2021-01-09T05:05:12.342Z,Inactive,2022-08-08T17:39:43.766Z,577,2021-01-09T05:05:12.342Z,,,,"Pryor-Ln,-Montpelier,-VA-23192",37.812131,-77.687939,,
230,3.0,245000,Hanover County,Single Family,16101 Derby Ridge Rd,Montpelier,VA,23192,"16101 Derby Ridge Rd, Montpelier, VA 23192",2021-04-19T05:25:29.758Z,2020-11-02T09:44:56.056Z,Inactive,2022-08-08T17:33:47.734Z,645,2020-11-02T09:44:56.056Z,1.5,1484.0,,"16101-Derby-Ridge-Rd,-Montpelier,-VA-23192",37.792605,-77.651157,,
231,2.0,474900,Hanover County,Single Family,16065 Geese Lake Ln,Montpelier,VA,23192,"16065 Geese Lake Ln, Montpelier, VA 23192",2021-04-18T10:20:30.973Z,2020-10-23T11:29:32.958Z,Inactive,2022-08-08T17:32:22.745Z,655,2020-10-23T11:29:32.958Z,1.5,1260.0,,"16065-Geese-Lake-Ln,-Montpelier,-VA-23192",37.831354,-77.650207,,
232,5.0,649900,Hanover County,Single Family,13433 Wolf Swamp Ln,Montpelier,VA,23192,"13433 Wolf Swamp Ln, Montpelier, VA 23192",2021-04-09T11:48:06.473Z,2020-10-02T12:56:25.004Z,Inactive,2022-08-08T17:30:52.114Z,676,2020-10-02T12:56:25.004Z,3.5,3125.0,,"13433-Wolf-Swamp-Ln,-Montpelier,-VA-23192",37.773571,-77.654801,,
233,3.0,299950,Hanover County,Single Family,14419 Family Circle Ln,Montpelier,VA,23192,"14419 Family Circle Ln, Montpelier, VA 23192",2021-04-09T07:13:27.028Z,2021-03-05T07:04:03.157Z,Inactive,2022-08-08T17:26:37.147Z,522,2021-03-05T07:04:03.157Z,2.0,1904.0,,"14419-Family-Circle-Ln,-Montpelier,-VA-23192",37.806235,-77.739291,,
234,,280000,Hanover County,Land,17045 Gun Barrel Rd,Montpelier,VA,23192,"17045 Gun Barrel Rd, Montpelier, VA 23192",2021-04-09T07:13:27.027Z,2021-02-23T08:41:59.197Z,Inactive,2022-08-08T17:26:37.147Z,532,2021-02-23T08:41:59.197Z,,,,"17045-Gun-Barrel-Rd,-Montpelier,-VA-23192",37.868695,-77.730905,,
235,3.0,225000,Hanover County,Single Family,17282 Old Ridge Rd,Montpelier,VA,23192,"17282 Old Ridge Rd, Montpelier, VA 23192",2021-04-09T07:09:24.013Z,2020-09-15T14:26:51.654Z,Inactive,2022-08-08T17:26:37.147Z,693,2020-09-15T14:26:51.654Z,2.0,1378.0,,"17282-Old-Ridge-Rd,-Montpelier,-VA-23192",37.866295,-77.695285,,
236,3.0,399000,Hanover County,Single Family,16031 Saint Peters Church Rd,Montpelier,VA,23192,"16031 Saint Peters Church Rd, Montpelier, VA 23192",2021-03-27T08:58:07.439Z,2020-12-19T11:03:35.565Z,Inactive,2022-08-08T17:21:20.228Z,598,2020-12-19T11:03:35.565Z,2.5,2900.0,,"16031-Saint-Peters-Church-Rd,-Montpelier,-VA-23192",37.758491,-77.647639,,
237,5.0,569500,Hanover County,Single Family,16295 Tavern Estates Rd,Montpelier,VA,23192,"16295 Tavern Estates Rd, Montpelier, VA 23192",2021-03-26T11:00:26.160Z,2020-09-20T02:49:24.104Z,Inactive,2022-08-08T17:12:57.063Z,688,2020-09-20T02:49:24.104Z,3.5,3390.0,,"16295-Tavern-Estates-Rd,-Montpelier,-VA-23192",37.780047,-77.659897,,
238,4.0,625000,Hanover County,Single Family,14216 Green Grove Ct,Montpelier,VA,23192,"14216 Green Grove Ct, Montpelier, VA 23192",2021-03-26T11:00:26.158Z,2021-02-11T09:32:30.324Z,Inactive,2022-08-08T17:12:57.063Z,544,2021-02-11T09:32:30.324Z,4.5,3576.0,,"14216-Green-Grove-Ct,-Montpelier,-VA-23192",37.794385,-77.659043,,
239,4.0,389950,Hanover County,Single Family,14155 Trails End Dr,Montpelier,VA,23192,"14155 Trails End Dr, Montpelier, VA 23192",2021-03-26T08:45:36.425Z,2021-02-11T08:42:47.737Z,Inactive,2022-08-08T17:10:12.928Z,544,2021-02-11T08:42:47.737Z,2.5,2184.0,,"14155-Trails-End-Dr,-Montpelier,-VA-23192",37.789781,-77.663127,,
240,3.0,425000,Hanover County,Single Family,15454 Greenwood Church Rd,Montpelier,VA,23192,"15454 Greenwood Church Rd, Montpelier, VA 23192",2021-03-15T07:45:23.973Z,2021-02-05T06:28:00.519Z,Inactive,2022-08-08T17:05:59.441Z,550,2021-02-05T06:28:00.519Z,,2310.0,,"15454-Greenwood-Church-Rd,-Montpelier,-VA-23192",37.807236,-77.636632,,
241,3.0,379900,Hanover County,Single Family,15167 Indian Springs Ln,Montpelier,VA,23192,"15167 Indian Springs Ln, Montpelier, VA 23192",2021-03-15T07:42:55.994Z,2020-11-11T12:49:39.840Z,Inactive,2022-08-08T17:05:59.441Z,636,2020-11-11T12:49:39.840Z,2.0,1720.0,,"15167-Indian-Springs-Ln,-Montpelier,-VA-23192",37.818564,-77.678391,,
242,3.0,245000,Hanover County,Single Family,15053 Quaker Church Rd,Montpelier,VA,23192,"15053 Quaker Church Rd, Montpelier, VA 23192",2021-03-15T05:47:59.731Z,2020-10-23T08:37:25.287Z,Inactive,2022-08-08T17:04:29.514Z,655,2020-10-23T08:37:25.287Z,1.0,912.0,,"15053-Quaker-Church-Rd,-Montpelier,-VA-23192",37.813992,-77.637304,,
243,4.0,729000,Hanover County,Single Family,15271 Rockford Rd,Montpelier,VA,23192,"15271 Rockford Rd, Montpelier, VA 23192",2021-03-14T11:00:33.612Z,2020-09-20T02:54:00.237Z,Inactive,2022-08-08T16:43:12.041Z,688,2020-09-20T02:54:00.237Z,2.5,3562.0,,"15271-Rockford-Rd,-Montpelier,-VA-23192",37.825648,-77.704246,,
244,3.0,355000,Hanover County,Single Family,16117 Ranch House Rd,Montpelier,VA,23192,"16117 Ranch House Rd, Montpelier, VA 23192",2021-03-10T11:55:48.485Z,2020-12-06T09:38:37.336Z,Inactive,2022-08-08T16:40:33.612Z,611,2020-12-06T09:38:37.336Z,2.5,2366.0,,"16117-Ranch-House-Rd,-Montpelier,-VA-23192",37.806564,-77.652646,,
245,3.0,499999,Hanover County,Single Family,13305 Old Mill Rd,Montpelier,VA,23192,"13305 Old Mill Rd, Montpelier, VA 23192",2021-03-09T10:33:43.639Z,2021-02-12T08:52:09.012Z,Inactive,2022-08-08T16:36:20.586Z,543,2021-02-12T08:52:09.012Z,2.0,1954.0,,"13305-Old-Mill-Rd,-Montpelier,-VA-23192",37.772145,-77.637343,,
246,2.0,100000,Hanover County,Single Family,16292 Pleasant Mill Rd,Montpelier,VA,23192,"16292 Pleasant Mill Rd, Montpelier, VA 23192",2021-03-07T05:28:55.539Z,2021-01-09T05:05:12.343Z,Inactive,2022-08-08T16:33:21.534Z,577,2021-01-09T05:05:12.343Z,1.0,840.0,,"16292-Pleasant-Mill-Rd,-Montpelier,-VA-23192",37.854176,-77.718781,,
247,3.0,299950,Hanover County,Single Family,14419 Family Circle Dr,Montpelier,VA,23192,"14419 Family Circle Dr, Montpelier, VA 23192",2021-03-04T10:05:10.114Z,2021-03-04T10:05:10.114Z,Inactive,2022-08-08T16:11:52.237Z,523,2021-03-04T10:05:10.114Z,2.0,1904.0,,"14419-Family-Circle-Dr,-Montpelier,-VA-23192",37.806235,-77.739291,,
248,3.0,299000,Hanover County,Single Family,16093 Saint Peters Church Rd,Montpelier,VA,23192,"16093 Saint Peters Church Rd, Montpelier, VA 23192",2021-02-27T07:34:00.756Z,2021-01-15T10:08:56.045Z,Inactive,2022-08-08T16:01:41.226Z,571,2021-01-15T10:08:56.045Z,2.0,1820.0,,"16093-Saint-Peters-Church-Rd,-Montpelier,-VA-23192",37.757876,-77.651806,,
249,4.0,775000,Hanover County,Single Family,14709 Greenwood Church Rd,Montpelier,VA,23192,"14709 Greenwood Church Rd, Montpelier, VA 23192",2021-02-26T11:02:06.536Z,2021-02-05T10:14:50.796Z,Inactive,2022-08-08T15:58:57.812Z,550,2021-02-05T10:14:50.796Z,3.0,1632.0,,"14709-Greenwood-Church-Rd,-Montpelier,-VA-23192",37.791594,-77.608099,,
250,3.0,309950,Louisa County,Single Family,17857 Jefferson Hwy,Montpelier,VA,23192,"17857 Jefferson Hwy, Montpelier, VA 23192",2021-02-19T11:59:07.272Z,2020-11-12T10:51:15.526Z,Inactive,2022-08-08T15:45:05.072Z,635,2020-11-12T10:51:15.526Z,2.0,1620.0,,"17857-Jefferson-Hwy,-Montpelier,-VA-23192",37.854376,-77.758617,,
251,3.0,567950,Hanover County,Single Family,15661 Scotchtown Rd,Montpelier,VA,23192,"15661 Scotchtown Rd, Montpelier, VA 23192",2021-02-17T10:44:02.418Z,2020-09-20T02:49:24.103Z,Inactive,2022-08-08T15:41:01.214Z,688,2020-09-20T02:49:24.103Z,2.0,1812.0,,"15661-Scotchtown-Rd,-Montpelier,-VA-23192",37.769002,-77.616154,,
252,2.0,610000,Hanover County,Single Family,17160 Moodys Corner Ln,Montpelier,VA,23192,"17160 Moodys Corner Ln, Montpelier, VA 23192",2021-02-12T08:52:09.022Z,2020-11-14T09:38:16.738Z,Inactive,2022-08-08T15:32:52.218Z,633,2020-11-14T09:38:16.738Z,2.0,3868.0,,"17160-Moodys-Corner-Ln,-Montpelier,-VA-23192",37.874486,-77.707132,,
253,4.0,300000,Hanover County,Single Family,16276 Goshen Rd,Montpelier,VA,23192,"16276 Goshen Rd, Montpelier, VA 23192",2021-02-11T07:27:32.564Z,2021-01-04T09:16:52.226Z,Inactive,2022-08-08T15:31:34.144Z,582,2021-01-04T09:16:52.226Z,3.0,1734.0,,"16276-Goshen-Rd,-Montpelier,-VA-23192",37.852347,-77.644674,,
254,0.0,119000,Hanover County,Land,Pinehurst Forest Dr,Montpelier,VA,23192,"Pinehurst Forest Dr, Montpelier, VA 23192",2021-01-22T05:40:43.184Z,2020-09-15T03:38:04.366Z,Inactive,2022-08-08T15:25:07.984Z,693,2020-09-15T03:38:04.366Z,,,,"Pinehurst-Forest-Dr,-Montpelier,-VA-23192",37.840949,-77.6195,,
255,4.0,465564,Hanover County,Single Family,14983 Bethany Estates Way,Montpelier,VA,23192,"14983 Bethany Estates Way, Montpelier, VA 23192",2021-01-16T07:33:47.621Z,2020-09-17T15:42:02.694Z,Inactive,2022-08-08T15:23:42.526Z,690,2020-09-17T15:42:02.694Z,3.5,3000.0,,"14983-Bethany-Estates-Way,-Montpelier,-VA-23192",37.81066,-77.665969,,
256,,39900,Louisa County,Land,Jones Farm Rd,Montpelier,VA,23192,"Jones Farm Rd, Montpelier, VA 23192",2021-01-11T05:11:26.486Z,2020-09-15T04:13:05.968Z,Inactive,2022-08-08T15:08:02.180Z,693,2020-09-15T04:13:05.968Z,,,,"Jones-Farm-Rd,-Montpelier,-VA-23192",37.85998,-77.74857,,
257,2.0,99000,Hanover County,Single Family,16093 W Patrick Henry Rd,Montpelier,VA,23192,"16093 W Patrick Henry Rd, Montpelier, VA 23192",2021-01-09T05:05:12.345Z,2020-09-15T03:38:04.360Z,Inactive,2022-08-08T15:06:45.761Z,693,2020-09-15T03:38:04.360Z,1.0,886.0,,"16093-W-Patrick-Henry-Rd,-Montpelier,-VA-23192",37.821419,-77.648556,,
258,2.0,82000,Hanover County,Single Family,16088 Hatch Thompson Rd,Montpelier,VA,23192,"16088 Hatch Thompson Rd, Montpelier, VA 23192",2021-01-09T05:05:12.345Z,2020-10-03T08:29:28.251Z,Inactive,2022-08-08T15:06:45.761Z,675,2020-10-03T08:29:28.251Z,,750.0,,"16088-Hatch-Thompson-Rd,-Montpelier,-VA-23192",37.798153,-77.650129,,
259,3.0,305000,Hanover County,Single Family,16283 Bent Barrel Rd,Montpelier,VA,23192,"16283 Bent Barrel Rd, Montpelier, VA 23192",2021-01-04T09:16:52.219Z,2020-11-05T10:07:13.552Z,Inactive,2022-08-08T15:06:45.761Z,642,2020-11-05T10:07:13.552Z,2.5,1836.0,,"16283-Bent-Barrel-Rd,-Montpelier,-VA-23192",37.853407,-77.740529,,
260,5.0,824950,Hanover County,Single Family,16318 Tavern Estates Rd,Montpelier,VA,23192,"16318 Tavern Estates Rd, Montpelier, VA 23192",2020-12-28T11:56:55.150Z,2020-09-20T02:54:00.239Z,Inactive,2022-08-07T23:25:55.106Z,687,2020-09-20T02:54:00.239Z,,5050.0,,"16318-Tavern-Estates-Rd,-Montpelier,-VA-23192",37.779511,-77.665382,,
261,3.0,599950,Hanover County,Single Family,16342 Mountain Rd,Montpelier,VA,23192,"16342 Mountain Rd, Montpelier, VA 23192",2020-12-28T11:40:05.015Z,2020-09-20T02:49:24.104Z,Inactive,2022-08-07T23:24:45.795Z,687,2020-09-20T02:49:24.104Z,2.0,1827.0,,"16342-Mountain-Rd,-Montpelier,-VA-23192",37.804547,-77.654054,,
262,4.0,579000,Hanover County,Single Family,15250 Whispering Wind Cir,Montpelier,VA,23192,"15250 Whispering Wind Cir, Montpelier, VA 23192",2020-12-28T11:40:05.015Z,2020-11-06T11:25:32.360Z,Inactive,2022-08-07T23:24:45.795Z,640,2020-11-06T11:25:32.360Z,4.5,4960.0,,"15250-Whispering-Wind-Cir,-Montpelier,-VA-23192",37.820195,-77.643785,,
263,3.0,573108,Hanover County,Single Family,Hopeful Rd,Montpelier,VA,23192,"Hopeful Rd, Montpelier, VA 23192",2020-12-28T11:40:05.013Z,2020-09-20T02:49:24.102Z,Inactive,2022-08-07T23:24:45.795Z,687,2020-09-20T02:49:24.102Z,2.0,2621.0,,"Hopeful-Rd,-Montpelier,-VA-23192",37.825394,-77.752622,,
264,4.0,553443,Hanover County,Single Family,16142 Grove View Rd,Montpelier,VA,23192,"16142 Grove View Rd, Montpelier, VA 23192",2020-12-28T11:40:05.009Z,2020-09-17T15:42:44.160Z,Inactive,2022-08-07T23:24:45.795Z,690,2020-09-17T15:42:44.160Z,3.0,3541.0,,"16142-Grove-View-Rd,-Montpelier,-VA-23192",37.796902,-77.657021,,
265,4.0,547950,Hanover County,Single Family,15506 Long Row Dr,Montpelier,VA,23192,"15506 Long Row Dr, Montpelier, VA 23192",2020-12-28T11:40:05.007Z,2020-11-01T10:59:00.841Z,Inactive,2022-08-07T23:24:45.795Z,645,2020-11-01T10:59:00.841Z,3.5,2560.0,,"15506-Long-Row-Dr,-Montpelier,-VA-23192",37.859151,-77.645757,,
266,4.0,524950,Hanover County,Single Family,14995 Patrick Meadows Way,Montpelier,VA,23192,"14995 Patrick Meadows Way, Montpelier, VA 23192",2020-12-28T11:40:05.005Z,2020-09-20T02:49:24.099Z,Inactive,2022-08-07T23:24:45.795Z,687,2020-09-20T02:49:24.099Z,2.5,3388.0,,"14995-Patrick-Meadows-Way,-Montpelier,-VA-23192",37.808083,-77.61683,,
267,4.0,482000,Hanover County,Single Family,15029 Bethany Estates Way,Montpelier,VA,23192,"15029 Bethany Estates Way, Montpelier, VA 23192",2020-12-28T11:34:21.902Z,2020-09-25T12:33:34.942Z,Inactive,2022-08-07T23:24:45.795Z,682,2020-09-25T12:33:34.942Z,3.0,2541.0,,"15029-Bethany-Estates-Way,-Montpelier,-VA-23192",37.8138,-77.666477,,
268,4.0,400000,Hanover County,Single Family,13377 Spring Rd,Montpelier,VA,23192,"13377 Spring Rd, Montpelier, VA 23192",2020-12-28T09:45:51.442Z,2020-12-03T20:37:19.805Z,Inactive,2022-08-07T23:20:54.868Z,613,2020-12-03T20:37:19.805Z,3.0,3976.0,,"13377-Spring-Rd,-Montpelier,-VA-23192",37.777611,-77.750286,,
269,0.0,265000,Hanover County,Land,Broad Creek Ln,Montpelier,VA,23192,"Broad Creek Ln, Montpelier, VA 23192",2020-12-28T08:54:35.438Z,2020-09-15T14:26:51.662Z,Inactive,2022-08-07T23:19:37.402Z,692,2020-09-15T14:26:51.662Z,,,,"Broad-Creek-Ln,-Montpelier,-VA-23192",37.837001,-77.624197,,
270,0.0,72000,Hanover County,Land,Bethany Estates-15005 Way,Montpelier,VA,23192,"Bethany Estates-15005 Way, Lot 4, Montpelier, VA 23192",2020-12-19T07:00:56.998Z,2020-09-15T03:38:04.365Z,Inactive,2022-08-07T23:07:18.202Z,692,2020-09-15T03:38:04.365Z,,,,"Bethany-Estates-15005-Way,-Lot-4,-Montpelier,-VA-23192",37.811563,-77.667242,,Lot 4
271,1.0,195000,Hanover County,Single Family,18210 Mabelton Rd,Montpelier,VA,23192,"18210 Mabelton Rd, Montpelier, VA 23192",2020-12-18T10:47:30.105Z,2020-09-15T03:38:04.362Z,Inactive,2022-08-07T23:04:35.011Z,692,2020-09-15T03:38:04.362Z,1.5,1258.0,,"18210-Mabelton-Rd,-Montpelier,-VA-23192",37.848949,-77.727481,,
272,4.0,584950,Hanover County,Single Family,12977 Old Aldingham Ln,Montpelier,VA,23192,"12977 Old Aldingham Ln, Montpelier, VA 23192",2020-12-15T09:12:47.130Z,2020-09-21T15:20:00.368Z,Inactive,2022-08-07T22:58:27.295Z,686,2020-09-21T15:20:00.368Z,3.0,3070.0,,"12977-Old-Aldingham-Ln,-Montpelier,-VA-23192",37.753671,-77.670789,,
273,3.0,524950,Hanover County,Single Family,14053 Sir Walker Dr,Montpelier,VA,23192,"14053 Sir Walker Dr, Montpelier, VA 23192",2020-12-11T10:06:33.215Z,2020-09-20T02:49:24.098Z,Inactive,2022-08-07T22:51:13.317Z,687,2020-09-20T02:49:24.098Z,2.5,3438.0,,"14053-Sir-Walker-Dr,-Montpelier,-VA-23192",37.790313,-77.644257,,
274,4.0,550000,Hanover County,Single Family,19058 Bent Oak Ln,Montpelier,VA,23192,"19058 Bent Oak Ln, Montpelier, VA 23192",2020-12-11T10:06:33.215Z,2020-09-23T12:13:09.437Z,Inactive,2022-08-07T22:51:13.317Z,684,2020-09-23T12:13:09.437Z,3.5,3010.0,,"19058-Bent-Oak-Ln,-Montpelier,-VA-23192",37.838841,-77.751068,,
275,4.0,589000,Hanover County,Single Family,14460 Cedar Creek Farm Ln,Montpelier,VA,23192,"14460 Cedar Creek Farm Ln, Montpelier, VA 23192",2020-12-04T10:09:30.479Z,2020-10-23T11:38:08.057Z,Inactive,2022-08-07T22:40:04.297Z,654,2020-10-23T11:38:08.057Z,3.5,3422.0,,"14460-Cedar-Creek-Farm-Ln,-Montpelier,-VA-23192",37.777513,-77.605801,,
276,5.0,559000,Hanover County,Single Family,15388 Henry Forest Way,Montpelier,VA,23192,"15388 Henry Forest Way, Montpelier, VA 23192",2020-12-04T10:09:30.477Z,2020-09-20T02:49:24.104Z,Inactive,2022-08-07T22:40:04.297Z,687,2020-09-20T02:49:24.104Z,3.5,3840.0,,"15388-Henry-Forest-Way,-Montpelier,-VA-23192",37.810779,-77.622094,,
277,4.0,645000,Hanover County,Single Family,14236 Three Oaks Ln,Montpelier,VA,23192,"14236 Three Oaks Ln, Montpelier, VA 23192",2020-12-03T22:51:15.772Z,2020-09-20T02:54:00.238Z,Inactive,2022-08-07T22:38:49.983Z,687,2020-09-20T02:54:00.238Z,,3764.0,,"14236-Three-Oaks-Ln,-Montpelier,-VA-23192",37.813308,-77.593412,,
278,3.0,645000,Hanover County,Single Family,13503 Spring Rd,Montpelier,VA,23192,"13503 Spring Rd, Montpelier, VA 23192",2020-11-27T10:48:37.087Z,2020-09-20T02:54:00.236Z,Inactive,2022-08-07T22:29:58.377Z,687,2020-09-20T02:54:00.236Z,3.5,3500.0,,"13503-Spring-Rd,-Montpelier,-VA-23192",37.783815,-77.748708,,
279,3.0,384950,Hanover County,Single Family,17084 Sweet William Ln,Montpelier,VA,23192,"17084 Sweet William Ln, Montpelier, VA 23192",2020-11-27T10:05:52.908Z,2020-11-06T10:51:51.173Z,Inactive,2022-08-07T22:29:58.377Z,640,2020-11-06T10:51:51.173Z,2.5,2126.0,,"17084-Sweet-William-Ln,-Montpelier,-VA-23192",37.871577,-77.710521,,
280,2.0,200000,Hanover County,Single Family,16112 Greenwood Church Rd,Montpelier,VA,23192,"16112 Greenwood Church Rd, Montpelier, VA 23192",2020-11-27T07:15:38.139Z,2020-10-11T05:17:14.598Z,Inactive,2022-08-07T22:27:32.868Z,666,2020-10-11T05:17:14.598Z,2.0,960.0,,"16112-Greenwood-Church-Rd,-Montpelier,-VA-23192",37.812317,-77.651745,,
281,2.0,245000,Hanover County,Single Family,18352 Mountain Rd,Montpelier,VA,23192,"18352 Mountain Rd, Montpelier, VA 23192",2020-11-25T09:22:29.496Z,2020-09-15T14:26:51.661Z,Inactive,2022-08-07T22:25:01.064Z,692,2020-09-15T14:26:51.661Z,2.0,1636.0,,"18352-Mountain-Rd,-Montpelier,-VA-23192",37.838918,-77.735087,,
282,3.0,359000,Hanover County,Single Family,16341 Kelli Ashley Ct,Montpelier,VA,23192,"16341 Kelli Ashley Ct, Montpelier, VA 23192",2020-11-24T09:07:07.615Z,2020-10-20T12:21:42.908Z,Inactive,2022-08-07T22:21:01.781Z,657,2020-10-20T12:21:42.908Z,2.5,1851.0,,"16341-Kelli-Ashley-Ct,-Montpelier,-VA-23192",37.79823,-77.670348,,
283,5.0,429500,Hanover County,Single Family,15127 Quaker Church Rd,Montpelier,VA,23192,"15127 Quaker Church Rd, Montpelier, VA 23192",2020-11-23T11:21:45.017Z,2020-09-17T15:41:50.187Z,Inactive,2022-08-07T22:19:42.219Z,690,2020-09-17T15:41:50.187Z,3.5,3268.0,,"15127-Quaker-Church-Rd,-Montpelier,-VA-23192",37.817495,-77.63341,,
284,4.0,170000,Hanover County,Single Family,15354 Saint Peters Church Rd,Montpelier,VA,23192,"15354 Saint Peters Church Rd, Montpelier, VA 23192",2020-11-17T07:29:48.780Z,2020-10-02T09:22:54.305Z,Inactive,2022-08-07T22:07:11.249Z,675,2020-10-02T09:22:54.305Z,1.0,1104.0,,"15354-Saint-Peters-Church-Rd,-Montpelier,-VA-23192",37.784175,-77.634904,,
285,3.0,189950,Hanover County,Single Family,16146 W Patrick Henry Rd,Montpelier,VA,23192,"16146 W Patrick Henry Rd, Montpelier, VA 23192",2020-11-06T08:12:36.738Z,2020-10-12T05:37:55.441Z,Inactive,2022-08-07T21:48:55.330Z,665,2020-10-12T05:37:55.441Z,1.5,960.0,,"16146-W-Patrick-Henry-Rd,-Montpelier,-VA-23192",37.821158,-77.653174,,
286,4.0,589000,Hanover County,Single Family,16205 Iron Hill Dr,Montpelier,VA,23192,"16205 Iron Hill Dr, Montpelier, VA 23192",2020-11-02T12:36:33.361Z,2020-09-20T02:49:24.103Z,Inactive,2022-08-07T21:41:39.761Z,687,2020-09-20T02:49:24.103Z,3.5,3132.0,,"16205-Iron-Hill-Dr,-Montpelier,-VA-23192",37.772081,-77.649643,,
287,3.0,94000,Hanover County,Single Family,16058 Lone Oak Rd,Montpelier,VA,23192,"16058 Lone Oak Rd, Montpelier, VA 23192",2020-11-01T07:01:00.430Z,2020-09-22T13:20:33.235Z,Inactive,2022-08-07T21:39:16.950Z,685,2020-09-22T13:20:33.235Z,1.5,1544.0,,"16058-Lone-Oak-Rd,-Montpelier,-VA-23192",37.813148,-77.648503,,
288,3.0,175000,Hanover County,Single Family,13096 Auburn Mill Rd,Montpelier,VA,23192,"13096 Auburn Mill Rd, Montpelier, VA 23192",2020-10-30T08:00:13.776Z,2020-09-19T06:08:52.115Z,Inactive,2022-08-07T21:34:09.998Z,688,2020-09-19T06:08:52.115Z,2.0,1056.0,,"13096-Auburn-Mill-Rd,-Montpelier,-VA-23192",37.759631,-77.643208,,
289,4.0,898000,Hanover County,Single Family,16484 W Crescent Ln,Montpelier,VA,23192,"16484 W Crescent Ln, Montpelier, VA 23192",2020-10-29T13:31:39.691Z,2020-09-20T02:54:00.239Z,Inactive,2022-08-07T21:32:56.510Z,687,2020-09-20T02:54:00.239Z,4.0,6632.0,,"16484-W-Crescent-Ln,-Montpelier,-VA-23192",37.804584,-77.678546,,
290,3.0,374500,Hanover County,Single Family,15402 Goshen Rd,Montpelier,VA,23192,"15402 Goshen Rd, Montpelier, VA 23192",2020-10-28T10:34:59.043Z,2020-09-15T23:15:20.190Z,Inactive,2022-08-07T21:30:30.450Z,691,2020-09-15T23:15:20.190Z,2.0,2650.0,,"15402-Goshen-Rd,-Montpelier,-VA-23192",37.83283,-77.645745,,
291,5.0,494900,Hanover County,Single Family,14177 Jakes Cir,Montpelier,VA,23192,"14177 Jakes Cir, Montpelier, VA 23192",2020-10-22T11:00:38.846Z,2020-09-20T02:49:24.095Z,Inactive,2022-08-07T21:19:18.325Z,687,2020-09-20T02:49:24.095Z,3.5,3577.0,,"14177-Jakes-Cir,-Montpelier,-VA-23192",37.792871,-77.600401,,
292,6.0,479500,Hanover County,Single Family,14104 Big Bear Ct,Montpelier,VA,23192,"14104 Big Bear Ct, Montpelier, VA 23192",2020-10-21T10:26:04.535Z,2020-10-04T09:35:14.662Z,Inactive,2022-08-07T21:18:04.350Z,673,2020-10-04T09:35:14.662Z,3.5,2970.0,,"14104-Big-Bear-Ct,-Montpelier,-VA-23192",37.78778,-77.603366,,
293,4.0,479900,Hanover County,Single Family,15434 W Patrick Henry Rd,Montpelier,VA,23192,"15434 W Patrick Henry Rd, Montpelier, VA 23192",2020-10-16T12:48:41.188Z,2020-09-20T02:30:19.181Z,Inactive,2022-08-07T21:09:33.928Z,687,2020-09-20T02:30:19.181Z,3.5,4131.0,,"15434-W-Patrick-Henry-Rd,-Montpelier,-VA-23192",37.824801,-77.638862,,
294,3.0,260000,Louisa County,Single Family,140 Crescent Way,Montpelier,VA,23192,"140 Crescent Way, Montpelier, VA 23192",2020-10-16T09:47:11.051Z,2020-09-15T20:36:45.274Z,Inactive,2022-08-07T21:09:33.928Z,692,2020-09-15T20:36:45.274Z,2.0,1646.0,,"140-Crescent-Way,-Montpelier,-VA-23192",37.868181,-77.757051,,
295,0.0,130000,Hanover County,Land,Old Ridge Rd,Montpelier,VA,23192,"Old Ridge Rd, Montpelier, VA 23192",2020-10-14T07:52:58.797Z,2020-10-10T05:48:44.587Z,Inactive,2022-08-07T21:03:02.025Z,667,2020-10-10T05:48:44.587Z,,,,"Old-Ridge-Rd,-Montpelier,-VA-23192",37.854556,-77.680879,,
296,0.0,1690000,Hanover County,Land,15000 Greenwood Church Rd,Montpelier,VA,23192,"15000 Greenwood Church Rd, Montpelier, VA 23192",2020-10-12T12:08:13.740Z,2020-09-20T02:54:00.239Z,Inactive,2022-08-07T21:00:40.317Z,687,2020-09-20T02:54:00.239Z,,,,"15000-Greenwood-Church-Rd,-Montpelier,-VA-23192",37.796307,-77.61198,,
297,0.0,67500,Hanover County,Land,Bethany Estates-15013 Way,Montpelier,VA,23192,"Bethany Estates-15013 Way, Lot 3, Montpelier, VA 23192",2020-10-11T05:17:14.582Z,2020-09-15T03:38:04.357Z,Inactive,2022-08-07T20:58:16.955Z,692,2020-09-15T03:38:04.357Z,,,,"Bethany-Estates-15013-Way,-Lot-3,-Montpelier,-VA-23192",37.812338,-77.666922,,Lot 3
298,4.0,364950,Hanover County,Single Family,16283 Hennessy Way,Montpelier,VA,23192,"16283 Hennessy Way, Montpelier, VA 23192",2020-10-09T10:14:03.759Z,2020-09-15T23:07:25.144Z,Inactive,2022-08-07T20:55:51.757Z,691,2020-09-15T23:07:25.144Z,3.5,2098.0,,"16283-Hennessy-Way,-Montpelier,-VA-23192",37.855835,-77.657085,,
299,2.0,70000,Hanover County,Single Family,15072 Bourne Rd,Montpelier,VA,23192,"15072 Bourne Rd, Montpelier, VA 23192",2020-10-01T05:54:37.766Z,2020-09-15T03:38:04.357Z,Inactive,2022-08-07T20:38:58.840Z,692,2020-09-15T03:38:04.357Z,1.0,512.0,,"15072-Bourne-Rd,-Montpelier,-VA-23192",37.8157,-77.724785,,
300,3.0,249950,Hanover County,Single Family,14515 Bethany Church Rd,Montpelier,VA,23192,"14515 Bethany Church Rd, Montpelier, VA 23192",2020-09-29T07:26:58.018Z,2020-09-15T14:26:51.663Z,Inactive,2022-08-07T20:32:40.107Z,692,2020-09-15T14:26:51.663Z,2.0,1304.0,,"14515-Bethany-Church-Rd,-Montpelier,-VA-23192",37.802147,-77.687653,,
301,3.0,369950,Hanover County,Single Family,15150 Clazemont Rd,Montpelier,VA,23192,"15150 Clazemont Rd, Montpelier, VA 23192",2020-09-28T09:26:57.586Z,2020-09-15T23:07:25.141Z,Inactive,2022-08-07T20:31:24.685Z,691,2020-09-15T23:07:25.141Z,3.5,2860.0,,"15150-Clazemont-Rd,-Montpelier,-VA-23192",37.817038,-77.697082,,
302,0.0,63000,Hanover County,Land,Bethany Estates-15021 Way,Montpelier,VA,23192,"Bethany Estates-15021 Way, Lot 2, Montpelier, VA 23192",2020-09-27T05:36:25.498Z,2020-09-15T03:38:04.359Z,Inactive,2022-08-07T20:30:10.799Z,692,2020-09-15T03:38:04.359Z,,,,"Bethany-Estates-15021-Way,-Lot-2,-Montpelier,-VA-23192",37.813113,-77.666696,,Lot 2
303,5.0,925000,Hanover County,Single Family,14491 Three Oaks Ter,Montpelier,VA,23192,"14491 Three Oaks Ter, Montpelier, VA 23192",2020-09-25T13:45:22.089Z,2020-09-20T02:54:00.241Z,Inactive,2022-08-07T20:27:45.361Z,687,2020-09-20T02:54:00.241Z,4.5,5714.0,,"14491-Three-Oaks-Ter,-Montpelier,-VA-23192",37.809449,-77.594621,,
304,3.0,386384,Hanover County,Single Family,16301 Mountain Rd,Montpelier,VA,23192,"16301 Mountain Rd, Montpelier, VA 23192",2020-09-17T14:59:37.542Z,2020-09-15T23:15:20.179Z,Inactive,2022-08-07T20:16:19.207Z,691,2020-09-15T23:15:20.179Z,2.5,2066.0,,"16301-Mountain-Rd,-Montpelier,-VA-23192",37.802066,-77.656918,,
305,2.0,142900,Hanover County,Single Family,16284 Jones Farm Rd,Montpelier,VA,23192,"16284 Jones Farm Rd, Montpelier, VA 23192",2020-09-16T12:43:36.017Z,2020-09-15T03:38:04.366Z,Inactive,2022-08-07T20:13:32.241Z,692,2020-09-15T03:38:04.366Z,1.0,864.0,,"16284-Jones-Farm-Rd,-Montpelier,-VA-23192",37.854328,-77.747245,,
