,county,bedrooms,bathrooms,squareFootage,yearBuilt,lotSize,propertyType,price,listedDate,addressLine1,addressLine2,city,state,zipCode,formattedAddress,lastSeen,status,removedDate,daysOnMarket,createdDate,id,latitude,longitude
0,Richmond,2.0,2.0,1430.0,2007.0,1350.0,Condo,589500,2022-10-14T00:47:35.000Z,301 Virginia St,Unit 1205,Richmond,VA,23219,"301 Virginia St, Unit 1205, Richmond, VA 23219",2022-11-17T10:39:47.575Z,Active,,35,2022-10-14T08:46:34.692Z,"301-Virginia-St,-Unit-1205,-Richmond,-VA-23219",37.53267,-77.433435
1,Richmond,2.0,2.0,1200.0,1914.0,1202.0,Condo,275000,2022-10-28T01:02:11.000Z,6 N 6th St,Apt 4D,Richmond,VA,23219,"6 N 6th St, Apt 4D, Richmond, VA 23219",2022-11-17T10:32:43.805Z,Active,,21,2022-10-28T09:32:05.854Z,"6-N-6th-St,-Apt-4D,-Richmond,-VA-23219",37.540307,-77.438858
2,Richmond,2.0,2.0,1423.0,1908.0,1424.0,Condo,310000,2022-09-11T16:22:37.000Z,212 E Clay St,Unit U2A,Richmond,VA,23219,"212 E Clay St, Unit U2A, Richmond, VA 23219",2022-10-27T10:06:17.107Z,Inactive,2022-11-03T14:52:22.132Z,53,2022-09-12T08:19:39.958Z,"212-E-Clay-St,-Unit-U2A,-Richmond,-VA-23219",37.546087,-77.437576
3,Richmond,2.0,2.0,1087.0,2006.0,1045.0,Condo,352500,2022-08-25T04:32:51.000Z,301 Virginia St,Unit U702,Richmond,VA,23219,"301 Virginia St, Unit U702, Richmond, VA 23219",2022-10-18T12:08:25.715Z,Inactive,2022-10-25T14:57:08.694Z,62,2022-08-25T08:38:49.720Z,"301-Virginia-St,-Unit-U702,-Richmond,-VA-23219",37.53267,-77.433435
4,Richmond,2.0,2.0,1135.0,2007.0,51057.0,Condo,379000,2022-10-09T13:44:39.000Z,301 Virginia St,Unit 1506,Richmond,VA,23219,"301 Virginia St, Unit 1506, Richmond, VA 23219",2022-10-13T09:40:30.859Z,Inactive,2022-10-20T14:56:06.220Z,12,2022-10-10T11:45:16.592Z,"301-Virginia-St,-Unit-1506,-Richmond,-VA-23219",37.53267,-77.433435
5,Richmond,2.0,1.0,700.0,1910.0,5454.0,Condo,170000,2022-07-11T23:28:42.000Z,321 N 2nd St,Unit Ub,Richmond,VA,23219,"321 N 2nd St, Unit Ub, Richmond, VA 23219",2022-10-08T12:24:54.270Z,Inactive,2022-10-15T14:55:20.682Z,96,2022-08-07T10:49:24.988Z,"321-N-2nd-St,-Unit-Ub,-Richmond,-VA-23219",37.545138,-77.439353
6,Richmond,1.0,1.0,693.0,2005.0,693.0,Condo,300000,2022-08-20T04:33:28.000Z,1101 Haxall Pt,Unit U706,Richmond,VA,23219,"1101 Haxall Pt, Unit U706, Richmond, VA 23219",2022-09-24T11:55:46.472Z,Inactive,2022-10-01T14:54:19.053Z,43,2022-08-20T09:14:31.550Z,"1101-Haxall-Pt,-Unit-U706,-Richmond,-VA-23219",37.533129,-77.436622
7,Richmond,,,,,3267.0,Land,33000,2022-09-19T13:55:25.000Z,913 N 2nd St,,Richmond,VA,23219,"913 N 2nd St, Richmond, VA 23219",2022-09-21T08:31:05.876Z,Inactive,2022-09-28T14:54:15.745Z,10,2022-09-20T09:56:03.677Z,"913-N-2nd-St,-Richmond,-VA-23219",37.550426,-77.434203
8,Richmond,,,,,2958.0,Land,33000,2022-09-19T13:55:25.000Z,915 N 2nd St,,Richmond,VA,23219,"915 N 2nd St, Richmond, VA 23219",2022-09-21T08:31:05.875Z,Inactive,2022-09-28T14:54:15.745Z,10,2022-09-20T09:56:03.678Z,"915-N-2nd-St,-Richmond,-VA-23219",37.550483,-77.434148
9,Richmond,,,,,2365.0,Land,33000,2022-09-19T14:02:59.000Z,908 N 2nd St,,Richmond,VA,23219,"908 N 2nd St, Richmond, VA 23219",2022-09-21T08:31:05.874Z,Inactive,2022-09-28T14:54:15.745Z,10,2022-09-20T09:56:03.675Z,"908-N-2nd-St,-Richmond,-VA-23219",37.550642,-77.434806
10,Richmond,,,,,4970.0,Land,33000,2022-09-19T14:02:59.000Z,906 N 2nd St,,Richmond,VA,23219,"906 N 2nd St, Richmond, VA 23219",2022-09-21T08:31:05.874Z,Inactive,2022-09-28T14:54:15.745Z,10,2022-09-20T09:56:03.677Z,"906-N-2nd-St,-Richmond,-VA-23219",37.550574,-77.434862
11,Richmond,2.0,1.0,700.0,1910.0,5454.0,Condo,184900,2022-08-19T23:28:48.000Z,325 N 2nd St,Unit B,Richmond,VA,23219,"325 N 2nd St, Unit B, Richmond, VA 23219",2022-09-20T11:10:06.321Z,Inactive,2022-09-27T14:53:53.541Z,39,2022-08-20T09:14:31.548Z,"325-N-2nd-St,-Unit-B,-Richmond,-VA-23219",37.545195,-77.439293
12,Richmond,2.0,2.0,1466.0,2005.0,771.0,Condo,505000,2022-08-23T04:32:31.000Z,1101 Haxall Pt,Unit U608,Richmond,VA,23219,"1101 Haxall Pt, Unit U608, Richmond, VA 23219",2022-09-19T10:29:08.693Z,Inactive,2022-09-26T14:55:09.162Z,35,2022-08-23T08:15:45.042Z,"1101-Haxall-Pt,-Unit-U608,-Richmond,-VA-23219",37.533129,-77.436622
13,Richmond,2.0,2.0,1243.0,1914.0,126.0,Condo,274900,2022-08-18T18:34:32.000Z,6 N 6th St,Unit U4B,Richmond,VA,23219,"6 N 6th St, Unit U4B, Richmond, VA 23219",2022-09-13T09:53:16.535Z,Inactive,2022-09-20T14:53:00.007Z,33,2022-08-19T08:34:27.727Z,"6-N-6th-St,-Unit-U4B,-Richmond,-VA-23219",37.540335,-77.438905
14,Richmond,2.0,2.0,1388.0,1870.0,1525.0,Condo,315000,2022-07-28T11:13:54.000Z,1205 E Main St,Unit U3W,Richmond,VA,23219,"1205 E Main St, Unit U3W, Richmond, VA 23219",2022-09-06T10:15:26.911Z,Inactive,2022-09-13T14:52:07.920Z,48,2022-08-07T09:08:33.151Z,"1205-E-Main-St,-Unit-U3W,-Richmond,-VA-23219",37.536448,-77.433794
15,Richmond,2.0,2.0,929.0,2007.0,915.0,Condo,235000,2022-08-17T00:43:31.000Z,9 E Clay St,Unit 5,Richmond,VA,23219,"9 E Clay St, Unit 5, Richmond, VA 23219",2022-08-25T08:38:49.761Z,Inactive,2022-09-01T14:49:32.984Z,16,2022-08-17T08:03:55.133Z,"9-E-Clay-St,-Unit-5,-Richmond,-VA-23219",37.54691,-77.440195
16,Richmond,3.0,4.0,4525.0,1910.0,5066.0,Condo,1595000,2022-07-14T00:17:12.000Z,405 E Grace St,Unit A,Richmond,VA,23219,"405 E Grace St, Unit A, Richmond, VA 23219",2022-08-22T10:30:13.510Z,Inactive,2022-08-29T14:51:30.396Z,47,2022-08-07T10:49:24.983Z,"405-E-Grace-St,-Unit-A,-Richmond,-VA-23219",37.542245,-77.439075
17,Richmond,,,,,3703.0,Land,39500,2022-07-25T23:50:09.000Z,1016 N 2nd St,,Richmond,VA,23219,"1016 N 2nd St, Richmond, VA 23219",2022-08-16T10:45:38.177Z,Inactive,2022-08-24T14:52:39.203Z,30,2022-08-07T09:08:33.157Z,"1016-N-2nd-St,-Richmond,-VA-23219",37.551518,-77.433991
18,Richmond,2.0,2.0,1413.0,2009.0,1381.0,Condo,635000,2022-07-28T11:13:54.000Z,230 N 6th St,Unit U806,Richmond,VA,23219,"230 N 6th St, Unit U806, Richmond, VA 23219",2022-08-12T10:02:23.702Z,Inactive,2022-08-19T14:53:04.484Z,23,2022-08-07T09:08:33.151Z,"230-N-6th-St,-Unit-U806,-Richmond,-VA-23219",37.542213,-77.437449
19,Richmond,,,3236.0,1900.0,3520.0,Duplex-Triplex,75000,2022-05-26T15:49:40.000Z,1006 N 3rd St,,Richmond,VA,23219,"1006 N 3rd St, Richmond, VA 23219",2022-08-11T11:07:20.966Z,Inactive,2022-08-18T14:49:14.021Z,84,2022-08-10T12:44:24.554Z,"1006-N-3rd-St,-Richmond,-VA-23219",37.5507,-77.433339
20,Richmond,6.0,6.0,11440.0,1915.0,2849.0,Duplex-Triplex,1295000,2022-03-03T22:07:40.000Z,105 E Broad St,,Richmond,VA,23219,"105 E Broad St, Richmond, VA 23219",2022-08-07T11:03:57.709Z,Inactive,2022-08-14T18:47:09.680Z,164,2022-05-02T15:41:42.717Z,"105-E-Broad-St,-Richmond,-VA-23219",37.54468,-77.44106
21,Richmond,2.0,2.0,1173.0,2005.0,1172.0,Condo,495000,2022-05-10T19:43:25.000Z,1101 Haxall Pt,Unit 802,Richmond,VA,23219,"1101 Haxall Pt, Unit 802, Richmond, VA 23219",2022-08-07T11:02:23.808Z,Inactive,2022-08-14T18:47:09.680Z,96,2022-08-07T11:02:23.808Z,"1101-Haxall-Pt,-Unit-802,-Richmond,-VA-23219",37.533129,-77.436622
22,Chesterfield County,2.0,2.0,2145.0,,,Apartment,1250000,2022-05-02T15:41:42.690Z,512 N 3rd St,,Richmond,VA,23219,"512 N 3rd St, Richmond, VA 23219",2022-05-02T15:41:42.690Z,Inactive,2022-08-10T16:17:08.526Z,101,2022-05-02T15:41:42.690Z,"512-N-3rd-St,-Richmond,-VA-23219",37.546391,-77.437362
23,Chesterfield County,2.0,2.5,2247.0,,,Condo,924950,2022-05-02T15:34:41.959Z,301 Virginia St,Unit U1706,Richmond,VA,23219,"301 Virginia St, Unit U1706, Richmond, VA 23219",2022-05-02T15:34:41.959Z,Inactive,2022-08-10T16:17:08.526Z,101,2022-05-02T15:34:41.959Z,"301-Virginia-St,-Unit-U1706,-Richmond,-VA-23219",37.53267,-77.433435
24,Chesterfield County,3.0,3.0,1790.0,,,Apartment,465000,2022-05-02T14:54:46.818Z,2 N 1st St,,Richmond,VA,23219,"2 N 1st St, Richmond, VA 23219",2022-05-02T14:54:46.818Z,Inactive,2022-08-10T16:15:39.326Z,101,2022-05-02T14:54:46.818Z,"2-N-1st-St,-Richmond,-VA-23219",37.542894,-77.443406
25,Chesterfield County,2.0,2.5,1586.0,,,Condo,439000,2022-05-02T14:39:20.512Z,1205 E Main St,Apt Pe,Richmond,VA,23219,"1205 E Main St, Apt Pe, Richmond, VA 23219",2022-05-02T14:39:20.512Z,Inactive,2022-08-10T16:15:39.326Z,101,2022-05-02T14:39:20.512Z,"1205-E-Main-St,-Apt-Pe,-Richmond,-VA-23219",37.536425,-77.433762
26,Chesterfield County,2.0,2.0,969.0,,,Condo,349950,2022-05-02T14:15:57.235Z,301 Virginia St,Unit U1110,Richmond,VA,23219,"301 Virginia St, Unit U1110, Richmond, VA 23219",2022-05-02T14:15:57.235Z,Inactive,2022-08-10T16:15:39.326Z,101,2022-05-02T14:15:57.235Z,"301-Virginia-St,-Unit-U1110,-Richmond,-VA-23219",37.53267,-77.433435
27,Prince George County,2.0,2.5,2197.0,,,Condo,930000,2022-03-01T12:45:27.259Z,1101 Haxall Pt,Unit U914,Richmond,VA,23219,"1101 Haxall Pt, Unit U914, Richmond, VA 23219",2022-03-01T12:45:27.259Z,Inactive,2022-08-09T20:47:40.387Z,162,2022-03-01T12:45:27.259Z,"1101-Haxall-Pt,-Unit-U914,-Richmond,-VA-23219",37.533129,-77.436622
28,Prince George County,1.0,2.0,969.0,,,Condo,365000,2022-03-01T12:19:57.531Z,301 Virginia St,Unit U1510,Richmond,VA,23219,"301 Virginia St, Unit U1510, Richmond, VA 23219",2022-03-01T12:19:57.531Z,Inactive,2022-08-09T20:47:40.387Z,162,2022-03-01T12:19:57.531Z,"301-Virginia-St,-Unit-U1510,-Richmond,-VA-23219",37.53267,-77.433435
29,Prince George County,1.0,1.0,729.0,,,Condo,249950,2022-03-01T10:52:37.895Z,301 Virginia St,Unit U1111,Richmond,VA,23219,"301 Virginia St, Unit U1111, Richmond, VA 23219",2022-03-01T10:52:37.895Z,Inactive,2022-08-09T20:47:40.387Z,162,2022-03-01T10:52:37.895Z,"301-Virginia-St,-Unit-U1111,-Richmond,-VA-23219",37.53267,-77.433435
30,Mecklenburg County,3.0,2.0,960.0,,,,119000,2021-07-11T12:01:12.156Z,18 Sycamore St,,Bracey,VA,23219,"18 Sycamore St, Bracey, VA 23219",2021-08-12T12:59:13.878Z,Inactive,2022-08-08T18:43:52.509Z,394,2021-07-11T12:01:12.156Z,"18-Sycamore-St,-Bracey,-VA-23219",36.58229,-78.057742
