,county,lotSize,propertyType,price,listedDate,addressLine1,city,state,zipCode,formattedAddress,lastSeen,status,removedDate,daysOnMarket,createdDate,id,latitude,longitude,bedrooms,bathrooms,squareFootage,yearBuilt,addressLine2
0,Richmond,871.0,Land,160000,2021-12-02T18:24:38.000Z,405 Catherine St,Richmond,VA,23220,"405 Catherine St, Richmond, VA 23220",2022-11-17T10:41:41.286Z,Active,,350,2022-08-07T11:03:57.716Z,"405-Catherine-St,-Richmond,-VA-23220",37.550108,-77.443664,,,,,
1,Richmond,,Condo,508235,2022-07-06T18:50:23.000Z,1109 N Lombardy St,Richmond,VA,23220,"1109 N Lombardy St, Unit B, Richmond, VA 23220",2022-11-17T10:41:41.268Z,Active,,134,2022-08-07T10:49:24.999Z,"1109-N-Lombardy-St,-Unit-B,-Richmond,-VA-23220",37.557882,-77.452443,3.0,2.5,2451.0,2022.0,Unit B
2,Richmond,1677.0,Single Family,379950,2022-07-01T17:04:24.000Z,3 S Shields Ave,Richmond,VA,23220,"3 S Shields Ave, Richmond, VA 23220",2022-11-17T10:41:41.268Z,Active,,139,2022-08-07T10:49:25.006Z,"3-S-Shields-Ave,-Richmond,-VA-23220",37.549588,-77.468329,4.0,2.0,1548.0,1910.0,
3,Richmond,4840.0,Duplex-Triplex,300000,2022-07-11T11:13:43.000Z,817 Albemarle St,Richmond,VA,23220,"817 Albemarle St, Richmond, VA 23220",2022-11-17T10:41:41.263Z,Active,,129,2022-08-07T10:49:24.990Z,"817-Albemarle-St,-Richmond,-VA-23220",37.540264,-77.45255,4.0,2.0,1940.0,1910.0,
4,Richmond,1407.0,Townhouse,320000,2022-07-30T04:32:27.000Z,725 W Clay St,Richmond,VA,23220,"725 W Clay St, Richmond, VA 23220",2022-11-17T10:41:41.257Z,Active,,111,2022-08-07T09:08:33.144Z,"725-W-Clay-St,-Richmond,-VA-23220",37.551142,-77.447098,3.0,1.5,1634.0,1900.0,
5,Richmond,3480.0,Duplex-Triplex,379000,2022-07-27T20:38:39.000Z,313 S Pine St,Richmond,VA,23220,"313 S Pine St, Richmond, VA 23220",2022-11-17T10:41:41.257Z,Active,,113,2022-08-07T09:08:33.151Z,"313-S-Pine-St,-Richmond,-VA-23220",37.541265,-77.450072,4.0,2.0,2448.0,1900.0,
6,Richmond,1664.0,Single Family,719950,2022-08-05T19:25:38.000Z,115 N Morris St,Richmond,VA,23220,"115 N Morris St, Richmond, VA 23220",2022-11-17T10:41:41.246Z,Active,,104,2022-08-07T08:28:24.360Z,"115-N-Morris-St,-Richmond,-VA-23220",37.548124,-77.456327,3.0,2.5,2696.0,1892.0,
7,Richmond,7253.0,Single Family,650000,2022-08-10T17:13:28.000Z,122 W Clay St,Richmond,VA,23220,"122 W Clay St, Richmond, VA 23220",2022-11-17T10:41:35.234Z,Active,,99,2022-08-11T08:18:03.299Z,"122-W-Clay-St,-Richmond,-VA-23220",37.548463,-77.441583,6.0,4.0,3581.0,1890.0,
8,Richmond,2056.0,Single Family,549000,2022-08-09T22:43:37.000Z,8 S Mulberry St,Richmond,VA,23220,"8 S Mulberry St, Richmond, VA 23220",2022-11-17T10:41:35.228Z,Active,,100,2022-08-10T09:57:01.167Z,"8-S-Mulberry-St,-Richmond,-VA-23220",37.551791,-77.475112,3.0,2.0,1880.0,1911.0,
9,Richmond,1298.0,Duplex-Triplex,499900,2022-08-12T00:55:30.000Z,1.5 S Vine St,Richmond,VA,23220,"1.5 S Vine St, Richmond, VA 23220",2022-11-17T10:41:35.225Z,Active,,98,2022-08-12T09:30:48.869Z,"1-5-S-Vine-St,-Richmond,-VA-23220",37.54752,-77.462218,4.0,2.0,1860.0,1900.0,
10,Richmond,35654.0,Condo,750000,2022-08-12T01:25:44.000Z,612 W Franklin St,Richmond,VA,23220,"612 W Franklin St, Unit U4B, Richmond, VA 23220",2022-11-17T10:41:35.224Z,Active,,98,2022-08-12T09:30:48.870Z,"612-W-Franklin-St,-Unit-U4B,-Richmond,-VA-23220",37.547649,-77.449169,3.0,2.5,2272.0,1927.0,Unit U4B
11,Richmond,35654.0,Condo,750000,2022-08-12T01:28:42.000Z,612 W Franklin St,Richmond,VA,23220,"612 W Franklin St, Unit U4A, Richmond, VA 23220",2022-11-17T10:41:35.224Z,Active,,98,2022-08-12T09:30:48.869Z,"612-W-Franklin-St,-Unit-U4A,-Richmond,-VA-23220",37.547649,-77.449169,2.0,2.0,2207.0,1927.0,Unit U4A
12,Richmond,4051.0,Single Family,1148000,2022-08-16T18:55:31.000Z,2107 Grove Ave,Richmond,VA,23220,"2107 Grove Ave, Richmond, VA 23220",2022-11-17T10:41:35.223Z,Active,,93,2022-08-17T08:03:55.135Z,"2107-Grove-Ave,-Richmond,-VA-23220",37.551791,-77.466417,4.0,2.5,3340.0,1897.0,
13,Richmond,4831.0,Single Family,439000,2022-08-21T22:10:24.000Z,2605 Northumberland Ave,Richmond,VA,23220,"2605 Northumberland Ave, Richmond, VA 23220",2022-11-17T10:41:35.221Z,Active,,88,2022-08-22T09:42:03.433Z,"2605-Northumberland-Ave,-Richmond,-VA-23220",37.566715,-77.447116,5.0,3.5,2349.0,1933.0,
14,Richmond,35676.0,Condo,895000,2022-09-06T18:33:26.000Z,612 W Franklin St,Richmond,VA,23220,"612 W Franklin St, Unit U1C, Richmond, VA 23220",2022-11-17T10:41:35.213Z,Active,,72,2022-05-02T15:41:42.656Z,"612-W-Franklin-St,-Unit-U1C,-Richmond,-VA-23220",37.547649,-77.449169,4.0,4.0,3380.0,1927.0,Unit U1C
15,Richmond,,Condo,598570,2022-09-06T20:58:52.000Z,1467 Overbrook Rd,Richmond,VA,23220,"1467 Overbrook Rd, Unit A12, Richmond, VA 23220",2022-11-17T10:41:35.212Z,Active,,72,2022-08-07T11:02:23.798Z,"1467-Overbrook-Rd,-Unit-A12,-Richmond,-VA-23220",37.565238,-77.456561,3.0,2.5,2527.0,2022.0,Unit A12
16,Richmond,1612.0,Condo,399950,2022-09-06T13:40:33.000Z,1625 1/2 W Grace St,Richmond,VA,23220,"1625 1/2 W Grace St, Unit 2, Richmond, VA 23220",2022-11-17T10:41:35.211Z,Active,,72,2022-09-07T11:37:08.299Z,"1625-1-2-W-Grace-St,-Unit-2,-Richmond,-VA-23220",37.553647,-77.457998,2.0,2.0,1751.0,1915.0,Unit 2
17,Richmond,4421.0,Single Family,1250000,2022-09-07T14:55:30.000Z,2504 Monument Ave,Richmond,VA,23220,"2504 Monument Ave, Richmond, VA 23220",2022-11-17T10:41:35.209Z,Active,,71,2022-09-08T09:44:56.921Z,"2504-Monument-Ave,-Richmond,-VA-23220",37.558894,-77.467794,5.0,3.5,4778.0,1913.0,
18,Richmond,3093.0,Single Family,929950,2022-09-15T18:04:05.000Z,2417 Stuart Ave,Richmond,VA,23220,"2417 Stuart Ave, Richmond, VA 23220",2022-11-17T10:41:35.195Z,Active,,63,2022-09-16T08:16:04.642Z,"2417-Stuart-Ave,-Richmond,-VA-23220",37.55544,-77.46908,4.0,3.5,2654.0,1907.0,
19,Richmond,,Condo,389990,2022-09-20T17:25:24.000Z,1125 N Lombardy St,Richmond,VA,23220,"1125 N Lombardy St, Unit A, Richmond, VA 23220",2022-11-17T10:41:35.183Z,Active,,58,2022-09-21T08:31:05.869Z,"1125-N-Lombardy-St,-Unit-A,-Richmond,-VA-23220",37.558034,-77.452301,2.0,2.5,1573.0,2022.0,Unit A
20,Richmond,2348.0,Single Family,375000,2022-09-24T23:31:31.000Z,2100 Lakeview Ave,Richmond,VA,23220,"2100 Lakeview Ave, Richmond, VA 23220",2022-11-17T10:41:35.173Z,Active,,54,2022-09-25T10:15:24.958Z,"2100-Lakeview-Ave,-Richmond,-VA-23220",37.544164,-77.470289,3.0,2.0,1292.0,1924.0,
21,Richmond,3598.0,Single Family,315000,2022-10-04T16:58:35.000Z,1211 1/2 W Leigh St,Richmond,VA,23220,"1211 1/2 W Leigh St, Richmond, VA 23220",2022-11-17T10:39:47.597Z,Active,,44,2022-10-05T09:41:50.506Z,"1211-1-2-W-Leigh-St,-Richmond,-VA-23220",37.554897,-77.450389,3.0,1.5,1314.0,2007.0,
22,Richmond,2322.0,Duplex-Triplex,651000,2022-10-12T16:50:50.000Z,111 S Stafford Ave,Richmond,VA,23220,"111 S Stafford Ave, Richmond, VA 23220",2022-11-17T10:39:47.584Z,Active,,36,2022-10-13T09:40:30.846Z,"111-S-Stafford-Ave,-Richmond,-VA-23220",37.549336,-77.471499,8.0,4.0,3104.0,1921.0,
23,Richmond,2940.0,Duplex-Triplex,575000,2022-10-12T01:43:32.000Z,1621 W Grace St,Richmond,VA,23220,"1621 W Grace St, Richmond, VA 23220",2022-11-17T10:39:47.581Z,Active,,37,2022-10-12T08:02:38.222Z,"1621-W-Grace-St,-Richmond,-VA-23220",37.553543,-77.457824,5.0,2.0,2622.0,1910.0,
24,Richmond,3210.0,Single Family,1200000,2022-10-18T16:55:50.000Z,1700 Park Ave,Richmond,VA,23220,"1700 Park Ave, Richmond, VA 23220",2022-11-17T10:39:47.566Z,Active,,30,2022-10-19T08:17:19.310Z,"1700-Park-Ave,-Richmond,-VA-23220",37.5524,-77.459721,4.0,2.5,3419.0,1910.0,
25,Richmond,2601.0,Single Family,514950,2022-10-19T11:32:24.000Z,420 W Clay St,Richmond,VA,23220,"420 W Clay St, Richmond, VA 23220",2022-11-17T10:39:47.564Z,Active,,29,2022-10-20T08:16:30.742Z,"420-W-Clay-St,-Richmond,-VA-23220",37.550036,-77.444361,3.0,2.5,2692.0,1876.0,
26,Richmond,,Condo,489950,2022-10-19T14:52:31.000Z,1455 Overbrook Rd,Richmond,VA,23220,"1455 Overbrook Rd, Unit A5, Richmond, VA 23220",2022-11-17T10:39:47.563Z,Active,,29,2022-10-20T08:16:30.739Z,"1455-Overbrook-Rd,-Unit-A5,-Richmond,-VA-23220",37.565237,-77.456486,2.0,2.0,1517.0,2022.0,Unit A5
27,Richmond,,Condo,488900,2022-10-19T14:38:11.000Z,1471 Overbrook Rd,Richmond,VA,23220,"1471 Overbrook Rd, Unit A13, Richmond, VA 23220",2022-11-17T10:39:47.563Z,Active,,29,2022-10-20T08:16:30.740Z,"1471-Overbrook-Rd,-Unit-A13,-Richmond,-VA-23220",37.565238,-77.456586,3.0,2.5,1517.0,2022.0,Unit A13
28,Richmond,,Condo,403140,2022-10-27T19:43:47.000Z,1105 N Lombardy St,Richmond,VA,23220,"1105 N Lombardy St, Unit A, Richmond, VA 23220",2022-11-17T10:32:43.805Z,Active,,21,2022-10-28T09:32:05.858Z,"1105-N-Lombardy-St,-Unit-A,-Richmond,-VA-23220",37.557882,-77.452443,3.0,2.5,1573.0,2022.0,Unit A
29,Richmond,5092.0,Duplex-Triplex,485000,2022-10-27T18:05:02.000Z,2019 Floyd Ave,Richmond,VA,23220,"2019 Floyd Ave, Richmond, VA 23220",2022-11-17T10:32:43.805Z,Active,,21,2022-10-28T09:32:05.858Z,"2019-Floyd-Ave,-Richmond,-VA-23220",37.550351,-77.466342,3.0,2.0,2063.0,1910.0,
30,Richmond,3228.0,Single Family,535000,2022-10-30T23:52:26.000Z,2422 W Main St,Richmond,VA,23220,"2422 W Main St, Richmond, VA 23220",2022-11-17T10:32:43.799Z,Active,,18,2022-10-31T09:23:24.514Z,"2422-W-Main-St,-Richmond,-VA-23220",37.551567,-77.471627,3.0,1.5,2026.0,1899.0,
31,Richmond,1821.0,Single Family,479900,2022-11-04T04:32:03.000Z,106 N Lombardy St,Richmond,VA,23220,"106 N Lombardy St, Richmond, VA 23220",2022-11-17T10:32:43.785Z,Active,,14,2022-11-04T09:14:35.857Z,"106-N-Lombardy-St,-Richmond,-VA-23220",37.548897,-77.4604,3.0,1.5,1458.0,1893.0,
32,Richmond,3703.0,Single Family,455000,2022-11-04T17:40:43.000Z,116 W Leigh St,Richmond,VA,23220,"116 W Leigh St, Richmond, VA 23220",2022-11-17T10:32:43.781Z,Active,,13,2022-11-05T10:22:32.645Z,"116-W-Leigh-St,-Richmond,-VA-23220",37.549975,-77.441058,5.0,3.5,3174.0,1900.0,
33,Richmond,2940.0,Duplex-Triplex,868950,2022-11-05T02:28:48.000Z,1627 W Grace St,Richmond,VA,23220,"1627 W Grace St, Richmond, VA 23220",2022-11-17T10:32:43.777Z,Active,,13,2022-11-05T10:22:32.639Z,"1627-W-Grace-St,-Richmond,-VA-23220",37.553682,-77.458056,7.0,5.0,3585.0,1904.0,
34,Richmond,5158.0,Land,550000,2022-11-05T13:13:37.000Z,5 And 7 W Main St,Richmond,VA,23220,"5 And 7 W Main St, Richmond, VA 23220",2022-11-17T09:30:50.308Z,Active,,12,2022-11-06T09:49:37.244Z,"5-And-7-W-Main-St,-Richmond,-VA-23220",37.543009,-77.444952,,,,,
35,Richmond,12441.0,Single Family,1999000,2022-11-05T13:13:37.000Z,1 W Main St,Richmond,VA,23220,"1 W Main St, Richmond, VA 23220",2022-11-17T09:30:50.307Z,Active,,12,2022-05-02T15:42:29.062Z,"1-W-Main-St,-Richmond,-VA-23220",37.542915,-77.444794,6.0,5.5,10265.0,1845.0,
36,Richmond,3040.0,Single Family,350000,2022-11-08T23:37:30.000Z,2211 Idlewood Ave,Richmond,VA,23220,"2211 Idlewood Ave, Richmond, VA 23220",2022-11-17T09:30:50.301Z,Active,,9,2022-11-09T08:22:51.139Z,"2211-Idlewood-Ave,-Richmond,-VA-23220",37.546614,-77.470828,3.0,2.0,1808.0,1910.0,
37,Richmond,,Single Family,403140,2022-11-10T11:15:40.000Z,1105 N Lombardy,Richmond,VA,23220,"1105 N Lombardy, Unit A, Richmond, VA 23220",2022-11-17T09:30:50.293Z,Active,,7,2022-10-28T09:32:05.895Z,"1105-N-Lombardy,-Unit-A,-Richmond,-VA-23220",37.557364,-77.453152,2.0,2.5,1573.0,,Unit A
38,Richmond,2030.0,Condo,459900,2022-11-11T14:46:26.000Z,711 Holly St,Richmond,VA,23220,"711 Holly St, Richmond, VA 23220",2022-11-17T09:30:50.285Z,Active,,6,2022-11-12T08:07:54.073Z,"711-Holly-St,-Richmond,-VA-23220",37.536302,-77.450975,3.0,3.5,1358.0,2005.0,
39,Richmond,5502.0,Single Family,174000,2022-11-11T15:46:27.000Z,1134 Meade St,Richmond,VA,23220,"1134 Meade St, Richmond, VA 23220",2022-11-17T09:30:50.283Z,Active,,6,2022-11-12T08:07:54.070Z,"1134-Meade-St,-Richmond,-VA-23220",37.537513,-77.464263,2.0,1.0,988.0,1915.0,
40,Richmond,,Single Family,389990,2022-11-12T11:15:32.000Z,1125 N Lombardy,Richmond,VA,23220,"1125 N Lombardy, Unit A, Richmond, VA 23220",2022-11-17T09:30:50.279Z,Active,,5,2022-09-11T08:49:48.246Z,"1125-N-Lombardy,-Unit-A,-Richmond,-VA-23220",37.557364,-77.453152,2.0,2.5,1573.0,,Unit A
41,Richmond,6717.0,Single Family,289000,2022-11-13T18:13:27.000Z,2217 Northumberland Ave,Richmond,VA,23220,"2217 Northumberland Ave, Richmond, VA 23220",2022-11-17T09:30:50.264Z,Active,,4,2022-11-14T09:00:40.025Z,"2217-Northumberland-Ave,-Richmond,-VA-23220",37.563459,-77.445994,3.0,1.0,1007.0,1955.0,
42,Richmond,706.0,Condo,215000,2022-11-15T17:10:32.000Z,1657 W Broad St,Richmond,VA,23220,"1657 W Broad St, Unit U2, Richmond, VA 23220",2022-11-17T09:30:50.245Z,Active,,2,2022-11-16T08:46:23.690Z,"1657-W-Broad-St,-Unit-U2,-Richmond,-VA-23220",37.55505,-77.458365,1.0,1.0,704.0,1920.0,Unit U2
43,Richmond,2731.0,Single Family,475000,2022-11-16T12:55:29.000Z,2402 Maplewood Ave,Richmond,VA,23220,"2402 Maplewood Ave, Richmond, VA 23220",2022-11-17T09:30:50.240Z,Active,,1,2022-11-17T09:30:50.240Z,"2402-Maplewood-Ave,-Richmond,-VA-23220",37.54629,-77.473638,3.0,2.0,1713.0,1922.0,
44,Richmond,,Single Family,499990,2022-11-16T11:16:03.000Z,1109 N Lombardy,Richmond,VA,23220,"1109 N Lombardy, Unit B, Richmond, VA 23220",2022-11-17T09:30:50.239Z,Active,,1,2022-08-07T10:49:25.012Z,"1109-N-Lombardy,-Unit-B,-Richmond,-VA-23220",37.557364,-77.453152,3.0,2.5,2345.0,,Unit B
45,Richmond,4186.0,Single Family,320000,2022-11-17T04:38:02.000Z,1209.5 W Leigh St,Richmond,VA,23220,"1209.5 W Leigh St, Richmond, VA 23220",2022-11-17T09:30:50.228Z,Active,,1,2022-11-17T09:30:50.228Z,"1209-5-W-Leigh-St,-Richmond,-VA-23220",37.554754,-77.450396,2.0,2.5,1456.0,2019.0,
46,Richmond,4034.0,Single Family,1249950,2022-06-18T10:32:57.000Z,1209 W Franklin St,Richmond,VA,23220,"1209 W Franklin St, Richmond, VA 23220",2022-11-16T13:09:48.558Z,Active,,152,2022-08-07T10:49:25.027Z,"1209-W-Franklin-St,-Richmond,-VA-23220",37.551761,-77.457227,5.0,4.5,6519.0,1910.0,
47,Richmond,,Condo,529990,2022-05-04T00:04:33.000Z,1033 N Lombardy St,Richmond,VA,23220,"1033 N Lombardy St, Unit B, Richmond, VA 23220",2022-11-15T12:06:52.082Z,Active,,196,2022-08-07T11:02:23.809Z,"1033-N-Lombardy-St,-Unit-B,-Richmond,-VA-23220",37.55772,-77.452651,3.0,2.5,2518.0,2022.0,Unit B
48,Richmond,2500.0,Single Family,800000,2022-09-13T04:33:17.000Z,1125 Grove Ave,Richmond,VA,23220,"1125 Grove Ave, Richmond, VA 23220",2022-11-15T12:06:35.099Z,Active,,64,2022-09-13T08:03:06.253Z,"1125-Grove-Ave,-Richmond,-VA-23220",37.54832,-77.456416,6.0,3.5,4209.0,1894.0,
49,Richmond,871.0,Condo,213000,2022-10-14T14:40:44.000Z,212 W Franklin St,Richmond,VA,23220,"212 W Franklin St, Unit U107, Richmond, VA 23220",2022-11-15T11:07:26.878Z,Active,,32,2022-10-15T09:29:50.251Z,"212-W-Franklin-St,-Unit-U107,-Richmond,-VA-23220",37.545553,-77.445668,1.0,1.0,884.0,1916.0,Unit U107
50,Richmond,4099.0,Single Family,425000,2022-10-25T17:53:00.000Z,2401 Floyd Ave,Richmond,VA,23220,"2401 Floyd Ave, Richmond, VA 23220",2022-11-14T10:18:37.392Z,Active,,20,2022-10-26T10:31:30.248Z,"2401-Floyd-Ave,-Richmond,-VA-23220",37.551933,-77.470425,3.0,3.5,3026.0,1910.0,
51,Richmond,11962.0,Condo,149950,2022-11-11T00:07:25.000Z,210 N Stafford Ave,Richmond,VA,23220,"210 N Stafford Ave, Unit U6, Richmond, VA 23220",2022-11-14T09:00:40.036Z,Active,,4,2022-11-11T11:09:32.474Z,"210-N-Stafford-Ave,-Unit-U6,-Richmond,-VA-23220",37.55388,-77.469528,1.0,1.0,552.0,1927.0,Unit U6
52,Richmond,3232.0,Single Family,1050000,2022-10-19T20:18:46.000Z,1702 Park Ave,Richmond,VA,23220,"1702 Park Ave, Richmond, VA 23220",2022-11-13T11:46:39.782Z,Active,,25,2022-10-20T08:16:30.737Z,"1702-Park-Ave,-Richmond,-VA-23220",37.552441,-77.459791,3.0,2.5,3286.0,1904.0,
53,Richmond,5942.0,Single Family,349500,2022-10-24T19:26:07.000Z,1315 W Leigh St,Richmond,VA,23220,"1315 W Leigh St, Richmond, VA 23220",2022-11-10T11:43:50.403Z,Inactive,2022-11-17T14:52:28.101Z,24,2022-10-25T08:40:39.587Z,"1315-W-Leigh-St,-Richmond,-VA-23220",37.555415,-77.451627,1.0,1.0,400.0,1910.0,
54,Richmond,2949.0,Duplex-Triplex,575000,2022-11-01T19:19:44.000Z,2103 Hanover Ave,Richmond,VA,23220,"2103 Hanover Ave, Richmond, VA 23220",2022-11-08T08:02:50.775Z,Inactive,2022-11-15T14:53:25.507Z,14,2022-11-02T09:19:43.881Z,"2103-Hanover-Ave,-Richmond,-VA-23220",37.552841,-77.465552,2.0,2.0,2720.0,1910.0,
55,Richmond,2065.0,Single Family,689950,2022-11-01T18:32:22.000Z,413 N Davis Ave,Richmond,VA,23220,"413 N Davis Ave, Richmond, VA 23220",2022-11-07T08:56:45.372Z,Inactive,2022-11-14T14:55:10.953Z,13,2022-11-02T09:19:43.881Z,"413-N-Davis-Ave,-Richmond,-VA-23220",37.55642,-77.468949,3.0,2.5,1532.0,1914.0,
56,Richmond,2256.0,Single Family,549000,2022-11-02T23:31:42.000Z,601 S Laurel St,Richmond,VA,23220,"601 S Laurel St, Richmond, VA 23220",2022-11-07T08:56:45.366Z,Inactive,2022-11-14T14:55:10.953Z,12,2022-11-03T08:03:46.546Z,"601-S-Laurel-St,-Richmond,-VA-23220",37.537693,-77.451514,5.0,3.5,2580.0,1910.0,
57,Richmond,6930.0,Single Family,205000,2022-11-04T11:31:55.000Z,1147 S Lombardy St,Richmond,VA,23220,"1147 S Lombardy St, Richmond, VA 23220",2022-11-05T10:22:32.652Z,Inactive,2022-11-12T15:32:59.593Z,9,2022-11-05T10:22:32.652Z,"1147-S-Lombardy-St,-Richmond,-VA-23220",37.537518,-77.465787,2.0,2.0,939.0,1950.0,
58,Richmond,976.0,Condo,239900,2022-11-03T02:13:53.000Z,1333 W Broad St,Richmond,VA,23220,"1333 W Broad St, Apt 509, Richmond, VA 23220",2022-11-03T08:03:46.547Z,Inactive,2022-11-10T14:51:50.740Z,8,2022-11-03T08:03:46.547Z,"1333-W-Broad-St,-Apt-509,-Richmond,-VA-23220",37.552985,-77.454901,2.0,2.0,973.0,1915.0,Apt 509
59,Richmond,2953.0,Duplex-Triplex,550000,2022-10-26T01:52:26.000Z,317 N Shields Ave,Richmond,VA,23220,"317 N Shields Ave, Richmond, VA 23220",2022-11-02T09:19:43.906Z,Inactive,2022-11-09T14:55:09.668Z,15,2022-10-26T10:31:30.242Z,"317-N-Shields-Ave,-Richmond,-VA-23220",37.553995,-77.46579,4.0,2.0,2520.0,1910.0,
60,Richmond,1620.0,Single Family,425000,2022-09-20T21:34:43.000Z,2615 Grayland Ave,Richmond,VA,23220,"2615 Grayland Ave, Richmond, VA 23220",2022-11-01T12:00:36.535Z,Inactive,2022-11-08T14:55:10.423Z,49,2022-09-21T08:31:05.867Z,"2615-Grayland-Ave,-Richmond,-VA-23220",37.549202,-77.475404,3.0,3.5,1466.0,1921.0,
61,Richmond,758.0,Condo,300000,2022-10-28T04:32:27.000Z,507 S Davis Ave,Richmond,VA,23220,"507 S Davis Ave, Unit U5, Richmond, VA 23220",2022-11-01T10:34:03.608Z,Inactive,2022-11-08T14:53:46.467Z,12,2022-10-28T09:32:05.850Z,"507-S-Davis-Ave,-Unit-U5,-Richmond,-VA-23220",37.546524,-77.4746,2.0,1.0,760.0,1923.0,Unit U5
62,Richmond,5040.0,Single Family,265000,2022-09-23T00:55:31.000Z,1130 Sumpter St,Richmond,VA,23220,"1130 Sumpter St, Richmond, VA 23220",2022-10-31T10:35:29.057Z,Inactive,2022-11-07T14:53:19.069Z,46,2022-09-23T10:53:13.741Z,"1130-Sumpter-St,-Richmond,-VA-23220",37.538084,-77.467147,2.0,1.0,828.0,1946.0,
63,Richmond,,Townhouse,399990,2022-05-06T11:15:21.000Z,1029 N Lombardy St,Richmond,VA,23220,"1029 N Lombardy St, Unit A, Richmond, VA 23220",2022-10-27T10:15:36.101Z,Inactive,2022-11-03T14:52:22.132Z,182,2022-08-07T11:02:23.811Z,"1029-N-Lombardy-St,-Unit-A,-Richmond,-VA-23220",37.557364,-77.453152,2.0,2.5,1573.0,2022.0,Unit A
64,Richmond,6303.0,Single Family,285000,2022-10-17T10:07:33.000Z,1302 Blair St,Richmond,VA,23220,"1302 Blair St, Richmond, VA 23220",2022-10-27T09:26:06.654Z,Inactive,2022-11-03T14:52:22.132Z,18,2022-10-17T11:15:58.918Z,"1302-Blair-St,-Richmond,-VA-23220",37.538913,-77.460796,3.0,2.0,1312.0,1990.0,
65,Richmond,1899.0,Duplex-Triplex,459000,2022-09-26T22:50:39.000Z,2123 W Main St,Richmond,VA,23220,"2123 W Main St, Richmond, VA 23220",2022-10-26T12:04:02.854Z,Inactive,2022-11-02T14:52:11.026Z,37,2022-09-27T09:26:10.371Z,"2123-W-Main-St,-Richmond,-VA-23220",37.549776,-77.468132,4.0,2.0,1778.0,1910.0,
66,Richmond,741.0,Condo,149900,2022-06-07T16:38:34.000Z,212 W Franklin St,Richmond,VA,23220,"212 W Franklin St, Unit UG01, Richmond, VA 23220",2022-10-24T11:54:24.539Z,Inactive,2022-10-31T14:57:54.897Z,146,2022-08-07T11:02:23.786Z,"212-W-Franklin-St,-Unit-UG01,-Richmond,-VA-23220",37.545553,-77.445668,1.0,1.0,772.0,1916.0,Unit UG01
67,Richmond,3598.0,Single Family,1295000,2022-09-09T20:35:22.000Z,1211 W Franklin St,Richmond,VA,23220,"1211 W Franklin St, Richmond, VA 23220",2022-10-24T11:28:17.395Z,Inactive,2022-10-31T14:56:20.840Z,52,2022-09-10T08:20:28.958Z,"1211-W-Franklin-St,-Richmond,-VA-23220",37.551811,-77.457315,4.0,3.5,4225.0,1914.0,
68,Richmond,2749.0,Single Family,319000,2022-10-17T20:28:46.000Z,1705 Idlewood Ave,Richmond,VA,23220,"1705 Idlewood Ave, Richmond, VA 23220",2022-10-24T09:39:45.860Z,Inactive,2022-10-31T14:56:20.840Z,14,2022-10-18T09:18:26.487Z,"1705-Idlewood-Ave,-Richmond,-VA-23220",37.54417,-77.463836,3.0,2.5,1694.0,2006.0,
69,Richmond,1002.0,Condo,279950,2022-10-20T15:49:40.000Z,1610 Grove Ave,Richmond,VA,23220,"1610 Grove Ave, Unit U12, Richmond, VA 23220",2022-10-24T09:39:45.841Z,Inactive,2022-10-31T14:56:20.840Z,11,2022-10-21T08:08:17.458Z,"1610-Grove-Ave,-Unit-U12,-Richmond,-VA-23220",37.550219,-77.460119,2.0,1.5,1001.0,1919.0,Unit U12
70,Richmond,35654.0,Condo,599950,2022-01-17T13:41:12.000Z,612 W Franklin St,Richmond,VA,23220,"612 W Franklin St, Unit U1D, Richmond, VA 23220",2022-10-23T11:38:25.531Z,Inactive,2022-10-30T14:57:08.905Z,287,2022-05-02T15:21:01.435Z,"612-W-Franklin-St,-Unit-U1D,-Richmond,-VA-23220",37.547649,-77.449169,2.0,2.5,2678.0,1927.0,Unit U1D
71,Richmond,906.0,Single Family,189000,2022-10-20T10:50:27.000Z,504 St James St,Richmond,VA,23220,"504 St James St, Richmond, VA 23220",2022-10-23T09:23:46.802Z,Inactive,2022-10-30T14:57:08.905Z,11,2022-10-21T08:08:17.464Z,"504-St-James-St,-Richmond,-VA-23220",37.547811,-77.440152,3.0,2.0,1605.0,1900.0,
72,Richmond,7562.0,Single Family,1295000,2022-09-01T04:33:25.000Z,2204 Monument Ave,Richmond,VA,23220,"2204 Monument Ave, Richmond, VA 23220",2022-10-21T12:34:21.602Z,Inactive,2022-10-28T14:59:35.331Z,58,2022-09-01T09:23:31.285Z,"2204-Monument-Ave,-Richmond,-VA-23220",37.556666,-77.464063,6.0,5.5,5780.0,1910.0,
73,Richmond,2953.0,Single Family,939000,2022-09-09T04:32:33.000Z,508 N Meadow St,Richmond,VA,23220,"508 N Meadow St, Richmond, VA 23220",2022-10-20T09:54:05.900Z,Inactive,2022-10-27T14:56:36.262Z,49,2022-09-09T08:36:30.165Z,"508-N-Meadow-St,-Richmond,-VA-23220",37.554642,-77.463033,3.0,2.5,2642.0,1907.0,
74,Richmond,6734.0,Single Family,265000,2022-10-16T14:38:44.000Z,1710 Dakota Ave,Richmond,VA,23220,"1710 Dakota Ave, Richmond, VA 23220",2022-10-19T08:17:19.320Z,Inactive,2022-10-26T14:55:18.497Z,11,2022-10-17T11:15:58.920Z,"1710-Dakota-Ave,-Richmond,-VA-23220",37.535969,-77.468497,2.0,1.5,1164.0,1949.0,
75,Richmond,2695.0,Single Family,749000,2022-09-15T10:59:21.000Z,2103 Stuart Ave,Richmond,VA,23220,"2103 Stuart Ave, Richmond, VA 23220",2022-10-18T11:45:29.421Z,Inactive,2022-10-25T14:55:39.766Z,41,2022-09-16T08:16:04.648Z,"2103-Stuart-Ave,-Richmond,-VA-23220",37.553953,-77.464919,3.0,2.0,2044.0,1910.0,
76,Richmond,1307.0,Single Family,310000,2022-09-23T00:49:33.000Z,200 S Addison St,Richmond,VA,23220,"200 S Addison St, Richmond, VA 23220",2022-10-18T09:23:29.706Z,Inactive,2022-10-25T14:55:39.766Z,33,2022-09-01T09:23:31.289Z,"200-S-Addison-St,-Richmond,-VA-23220",37.548619,-77.470835,3.0,1.5,1348.0,1921.0,
77,Richmond,1599.0,Single Family,500000,2022-10-14T15:50:23.000Z,9 S Davis Ave,Richmond,VA,23220,"9 S Davis Ave, Richmond, VA 23220",2022-10-17T11:15:58.931Z,Inactive,2022-10-24T14:57:03.938Z,10,2022-10-15T09:29:50.250Z,"9-S-Davis-Ave,-Richmond,-VA-23220",37.551048,-77.471953,3.0,1.5,1520.0,1920.0,
78,Richmond,4800.0,Single Family,314950,2022-10-14T21:13:50.000Z,1714 Southampton Ave,Richmond,VA,23220,"1714 Southampton Ave, Richmond, VA 23220",2022-10-17T11:15:58.927Z,Inactive,2022-10-24T14:57:03.938Z,10,2022-10-15T09:29:50.247Z,"1714-Southampton-Ave,-Richmond,-VA-23220",37.533148,-77.468501,3.0,1.0,900.0,1951.0,
79,Richmond,2701.0,Single Family,935000,2022-10-05T14:02:50.000Z,2115 Grove Ave,Richmond,VA,23220,"2115 Grove Ave, Richmond, VA 23220",2022-10-15T11:22:09.231Z,Inactive,2022-10-22T14:57:40.815Z,18,2022-10-06T08:06:17.665Z,"2115-Grove-Ave,-Richmond,-VA-23220",37.551903,-77.466728,3.0,3.5,2656.0,1911.0,
80,Richmond,3811.0,Single Family,1495000,2022-10-13T04:31:59.000Z,1812 Park Ave,Richmond,VA,23220,"1812 Park Ave, Richmond, VA 23220",2022-10-15T09:29:50.264Z,Inactive,2022-10-22T14:57:40.815Z,10,2022-10-13T09:40:30.841Z,"1812-Park-Ave,-Richmond,-VA-23220",37.55361,-77.461826,3.0,3.5,3794.0,1911.0,
81,Richmond,1594.0,Single Family,399999,2022-08-17T14:19:45.000Z,7 N Granby St,Richmond,VA,23220,"7 N Granby St, Richmond, VA 23220",2022-10-14T12:30:12.907Z,Inactive,2022-10-21T14:57:09.664Z,66,2022-05-02T14:35:46.258Z,"7-N-Granby-St,-Richmond,-VA-23220",37.548958,-77.464276,3.0,1.5,1428.0,1904.0,
82,Richmond,,Condo,486500,2022-05-09T19:33:24.000Z,1469 Overbrook Rd,Richmond,VA,23220,"1469 Overbrook Rd, Unit A11, Richmond, VA 23220",2022-10-13T12:13:10.667Z,Inactive,2022-10-20T14:56:06.220Z,164,2022-08-07T11:02:23.809Z,"1469-Overbrook-Rd,-Unit-A11,-Richmond,-VA-23220",37.565238,-77.456573,2.0,2.5,1528.0,2022.0,Unit A11
83,Richmond,,Townhouse,489080,2022-05-09T20:01:29.000Z,1461 Overbrook Rd,Richmond,VA,23220,"1461 Overbrook Rd, Unit A7, Richmond, VA 23220",2022-10-13T12:13:10.667Z,Inactive,2022-10-20T14:56:06.220Z,164,2022-08-07T11:02:23.811Z,"1461-Overbrook-Rd,-Unit-A7,-Richmond,-VA-23220",37.565237,-77.456523,3.0,2.5,1517.0,2022.0,Unit A7
84,Richmond,3219.0,Single Family,349000,2022-07-05T05:10:30.000Z,1838 Idlewood Ave,Richmond,VA,23220,"1838 Idlewood Ave, Richmond, VA 23220",2022-10-13T11:59:46.702Z,Inactive,2022-10-20T14:56:06.220Z,108,2022-08-07T10:49:25.006Z,"1838-Idlewood-Ave,-Richmond,-VA-23220",37.545402,-77.466272,3.0,2.0,1280.0,1924.0,
85,Richmond,4373.0,Single Family,999950,2022-10-01T04:32:48.000Z,2602 Park Ave,Richmond,VA,23220,"2602 Park Ave, Richmond, VA 23220",2022-10-13T10:25:42.458Z,Inactive,2022-10-20T14:56:06.220Z,20,2022-10-01T08:04:19.659Z,"2602-Park-Ave,-Richmond,-VA-23220",37.558464,-77.469539,4.0,4.0,3808.0,1910.0,
86,Richmond,2801.0,Single Family,439000,2022-08-23T06:22:37.000Z,316 S Laurel St,Richmond,VA,23220,"316 S Laurel St, Richmond, VA 23220",2022-10-12T12:03:15.552Z,Inactive,2022-10-19T14:54:44.336Z,58,2022-08-23T08:15:45.046Z,"316-S-Laurel-St,-Richmond,-VA-23220",37.541273,-77.451989,3.0,2.5,2250.0,1910.0,
87,Richmond,,Townhouse,403490,2022-09-22T11:15:36.000Z,1025 N Lombardy St,Richmond,VA,23220,"1025 N Lombardy St, Unit A, Richmond, VA 23220",2022-10-12T08:55:02.376Z,Inactive,2022-10-19T14:54:44.336Z,28,2022-09-23T10:53:13.801Z,"1025-N-Lombardy-St,-Unit-A,-Richmond,-VA-23220",37.557364,-77.453152,2.0,2.5,1573.0,,Unit A
88,Richmond,1355.0,Single Family,599500,2022-10-06T04:32:32.000Z,410 N Meadow St,Richmond,VA,23220,"410 N Meadow St, Richmond, VA 23220",2022-10-11T09:31:20.173Z,Inactive,2022-10-18T14:55:53.359Z,13,2022-10-06T08:06:17.661Z,"410-N-Meadow-St,-Richmond,-VA-23220",37.55412,-77.463346,3.0,2.5,2024.0,1908.0,
89,Richmond,2962.0,Townhouse,199000,2022-09-23T18:55:25.000Z,1203 Moore St,Richmond,VA,23220,"1203 Moore St, Richmond, VA 23220",2022-10-10T11:45:18.632Z,Inactive,2022-10-17T14:56:20.003Z,24,2022-09-24T11:26:18.859Z,"1203-Moore-St,-Richmond,-VA-23220",37.555742,-77.44934,3.0,1.5,932.0,1962.0,
90,Richmond,3772.0,Single Family,350000,2022-10-06T01:37:44.000Z,1704 Lakeview Ave,Richmond,VA,23220,"1704 Lakeview Ave, Richmond, VA 23220",2022-10-10T11:45:16.622Z,Inactive,2022-10-17T14:56:20.003Z,12,2022-10-06T08:06:17.660Z,"1704-Lakeview-Ave,-Richmond,-VA-23220",37.542299,-77.46526,3.0,2.5,1792.0,2006.0,
91,Richmond,2431.0,Single Family,425000,2022-08-25T01:02:16.000Z,2419 Rosewood Ave,Richmond,VA,23220,"2419 Rosewood Ave, Richmond, VA 23220",2022-10-09T09:57:16.684Z,Inactive,2022-10-16T14:57:24.919Z,53,2022-09-30T11:46:12.252Z,"2419-Rosewood-Ave,-Richmond,-VA-23220",37.546831,-77.47408,3.0,2.0,1708.0,1923.0,
92,Richmond,745.0,Condo,269500,2022-09-02T22:44:24.000Z,501 S Davis Ave,Richmond,VA,23220,"501 S Davis Ave, Unit U5, Richmond, VA 23220",2022-10-09T09:49:19.304Z,Inactive,2022-10-16T14:57:24.919Z,44,2022-09-03T09:24:55.258Z,"501-S-Davis-Ave,-Unit-U5,-Richmond,-VA-23220",37.547024,-77.474324,2.0,1.0,748.0,1923.0,Unit U5
93,Richmond,8712.0,Single Family,249000,2022-09-29T21:55:41.000Z,2228 Seminary Ave,Richmond,VA,23220,"2228 Seminary Ave, Richmond, VA 23220",2022-10-07T11:00:30.728Z,Inactive,2022-10-14T14:55:40.263Z,15,2022-09-30T10:37:04.482Z,"2228-Seminary-Ave,-Richmond,-VA-23220",37.56354,-77.445448,5.0,2.5,2001.0,1935.0,
94,Richmond,1825.0,Single Family,429950,2022-09-15T03:55:36.000Z,103 W Jackson St,Richmond,VA,23220,"103 W Jackson St, Richmond, VA 23220",2022-10-06T08:14:47.431Z,Inactive,2022-10-13T14:55:53.682Z,29,2022-09-15T09:48:38.509Z,"103-W-Jackson-St,-Richmond,-VA-23220",37.55016,-77.44018,3.0,2.5,1952.0,1865.0,
95,Richmond,1215.0,Single Family,386000,2022-07-19T00:49:47.000Z,13 1/2 W Leigh St,Richmond,VA,23220,"13 1/2 W Leigh St, Richmond, VA 23220",2022-10-05T10:58:58.096Z,Inactive,2022-10-12T14:53:59.455Z,86,2022-08-07T09:08:33.176Z,"13-1-2-W-Leigh-St,-Richmond,-VA-23220",37.548676,-77.439923,2.0,1.5,1490.0,1900.0,
96,Richmond,2801.0,Single Family,829000,2022-04-05T19:13:23.000Z,2309 W Grace St,Richmond,VA,23220,"2309 W Grace St, Richmond, VA 23220",2022-10-04T11:38:23.116Z,Inactive,2022-10-11T14:53:41.144Z,189,2022-05-02T15:34:41.946Z,"2309-W-Grace-St,-Richmond,-VA-23220",37.558037,-77.465478,4.0,2.0,2640.0,1912.0,
97,Richmond,,Single Family,869900,2022-09-30T11:43:47.000Z,1107 West Ave,Richmond,VA,23220,"1107 West Ave, Richmond, VA 23220",2022-10-04T09:16:08.517Z,Inactive,2022-10-11T14:53:41.144Z,12,2022-10-01T08:04:19.665Z,"1107-West-Ave,-Richmond,-VA-23220",37.549813,-77.455805,4.0,2.5,2768.0,1898.0,
98,Richmond,1059.0,Single Family,449000,2022-09-29T13:32:32.000Z,13 S Mulberry St,Richmond,VA,23220,"13 S Mulberry St, Richmond, VA 23220",2022-10-03T08:00:16.589Z,Inactive,2022-10-10T14:52:35.800Z,12,2022-09-30T10:37:04.494Z,"13-S-Mulberry-St,-Richmond,-VA-23220",37.55181,-77.474573,3.0,2.5,1960.0,1920.0,
99,Richmond,,Condo,249000,2022-09-27T23:55:26.000Z,511 N Arthur Ashe Blvd,Richmond,VA,23220,"511 N Arthur Ashe Blvd, Unit U24, Richmond, VA 23220",2022-10-02T08:07:08.658Z,Inactive,2022-10-09T14:55:29.679Z,12,2022-09-28T09:44:51.067Z,"511-N-Arthur-Ashe-Blvd,-Unit-U24,-Richmond,-VA-23220",37.558717,-77.471814,1.0,1.0,830.0,1928.0,Unit U24
100,Richmond,2400.0,Single Family,600000,2022-09-29T04:32:32.000Z,2700 Floyd Ave,Richmond,VA,23220,"2700 Floyd Ave, Richmond, VA 23220",2022-10-02T08:07:08.650Z,Inactive,2022-10-09T14:55:29.679Z,11,2022-09-29T08:04:27.613Z,"2700-Floyd-Ave,-Richmond,-VA-23220",37.553689,-77.473855,3.0,2.0,1988.0,1914.0,
101,Richmond,1725.0,Single Family,895000,2022-09-14T21:03:11.000Z,1529 West Ave,Richmond,VA,23220,"1529 West Ave, Richmond, VA 23220",2022-10-01T10:25:53.662Z,Inactive,2022-10-08T14:56:04.666Z,24,2022-08-07T10:49:24.987Z,"1529-West-Ave,-Richmond,-VA-23220",37.551255,-77.458082,4.0,3.5,3052.0,1915.0,
102,Richmond,2365.0,Single Family,600000,2022-09-28T17:08:26.000Z,2208 Stuart Ave,Richmond,VA,23220,"2208 Stuart Ave, Richmond, VA 23220",2022-10-01T08:04:19.679Z,Inactive,2022-10-08T14:56:04.666Z,10,2022-09-29T08:04:27.621Z,"2208-Stuart-Ave,-Richmond,-VA-23220",37.55493,-77.466112,3.0,2.0,1874.0,1904.0,
103,Richmond,,Condo,484700,2022-09-06T18:44:06.000Z,1453 Overbrook Rd,Richmond,VA,23220,"1453 Overbrook Rd, Unit A3, Richmond, VA 23220",2022-09-29T10:38:17.039Z,Inactive,2022-10-06T14:52:11.235Z,30,2022-08-07T11:02:23.800Z,"1453-Overbrook-Rd,-Unit-A3,-Richmond,-VA-23220",37.565237,-77.456473,2.0,2.5,1528.0,2022.0,Unit A3
104,Richmond,3001.0,Duplex-Triplex,850000,2022-09-27T23:38:37.000Z,1827 W Main St,Richmond,VA,23220,"1827 W Main St, Richmond, VA 23220",2022-09-29T08:04:27.626Z,Inactive,2022-10-06T14:52:11.235Z,9,2022-09-28T09:44:51.068Z,"1827-W-Main-St,-Richmond,-VA-23220",37.548463,-77.464548,3.0,4.0,3634.0,1900.0,
105,Richmond,1838.0,Single Family,499000,2022-09-01T14:33:31.000Z,113 N Morris St,Richmond,VA,23220,"113 N Morris St, Richmond, VA 23220",2022-09-28T11:19:02.330Z,Inactive,2022-10-05T14:51:43.139Z,35,2022-09-02T08:42:54.827Z,"113-N-Morris-St,-Richmond,-VA-23220",37.548061,-77.456329,4.0,2.5,2510.0,1892.0,
106,Richmond,4500.0,Single Family,995000,2022-06-20T04:33:12.000Z,1418 Grove Ave,Richmond,VA,23220,"1418 Grove Ave, Richmond, VA 23220",2022-09-27T11:17:05.982Z,Inactive,2022-10-04T14:51:12.156Z,107,2022-08-07T10:49:25.026Z,"1418-Grove-Ave,-Richmond,-VA-23220",37.549378,-77.457874,7.0,4.5,4652.0,1893.0,
107,Richmond,3624.0,Single Family,779950,2022-09-22T07:40:35.000Z,2205 W Grace St,Richmond,VA,23220,"2205 W Grace St, Richmond, VA 23220",2022-09-27T09:26:10.390Z,Inactive,2022-10-04T15:36:53.771Z,13,2022-09-22T08:12:46.897Z,"2205-W-Grace-St,-Richmond,-VA-23220",37.556965,-77.463682,4.0,2.5,2986.0,1910.0,
108,Richmond,1337.0,Single Family,595000,2022-09-22T15:13:28.000Z,404 N Meadow St,Richmond,VA,23220,"404 N Meadow St, Richmond, VA 23220",2022-09-27T09:26:10.387Z,Inactive,2022-10-04T15:36:53.771Z,13,2022-09-23T10:53:13.754Z,"404-N-Meadow-St,-Richmond,-VA-23220",37.553967,-77.463431,3.0,2.0,2040.0,1908.0,
109,Richmond,,Condo,395338,2022-05-02T20:49:38.000Z,1017 N Lombardy St,Richmond,VA,23220,"1017 N Lombardy St, Unit A, Richmond, VA 23220",2022-09-26T11:44:54.323Z,Inactive,2022-10-03T14:54:05.057Z,154,2022-08-07T11:02:23.801Z,"1017-N-Lombardy-St,-Unit-A,-Richmond,-VA-23220",37.557509,-77.452829,3.0,2.5,1573.0,2022.0,Unit A
110,Richmond,4099.0,Single Family,1200000,2022-08-22T17:34:41.000Z,2021 Lakeview Ave,Richmond,VA,23220,"2021 Lakeview Ave, Richmond, VA 23220",2022-09-26T11:28:16.860Z,Inactive,2022-10-03T14:54:05.057Z,42,2022-08-23T08:15:45.046Z,"2021-Lakeview-Ave,-Richmond,-VA-23220",37.543581,-77.470216,4.0,3.5,3750.0,2022.0,
111,Richmond,597.0,Condo,179900,2022-08-24T23:47:05.000Z,210 N Stafford Ave,Richmond,VA,23220,"210 N Stafford Ave, Apt 8, Richmond, VA 23220",2022-09-26T11:28:16.858Z,Inactive,2022-10-03T14:54:05.057Z,40,2022-08-25T08:38:49.722Z,"210-N-Stafford-Ave,-Apt-8,-Richmond,-VA-23220",37.55388,-77.469528,2.0,1.0,600.0,1927.0,Apt 8
112,Richmond,1111.0,Condo,234900,2022-08-13T04:33:00.000Z,1333 W Broad St,Richmond,VA,23220,"1333 W Broad St, Unit U404, Richmond, VA 23220",2022-09-25T11:24:39.654Z,Inactive,2022-10-02T14:53:07.877Z,51,2022-08-13T12:48:06.238Z,"1333-W-Broad-St,-Unit-U404,-Richmond,-VA-23220",37.552985,-77.454901,2.0,2.0,1109.0,1915.0,Unit U404
113,Richmond,,Single Family,280000,2022-09-20T04:33:19.000Z,1511 Carter St,Richmond,VA,23220,"1511 Carter St, Richmond, VA 23220",2022-09-25T10:15:24.998Z,Inactive,2022-10-02T14:53:07.877Z,13,2022-09-20T09:56:03.672Z,"1511-Carter-St,-Richmond,-VA-23220",37.534886,-77.469597,4.0,2.0,1624.0,1948.0,
114,Richmond,,Single Family,775000,2022-09-14T18:10:36.000Z,1922 Hanover Ave,Richmond,VA,23220,"1922 Hanover Ave, Richmond, VA 23220",2022-09-24T11:55:27.073Z,Inactive,2022-10-01T14:54:19.053Z,17,2022-09-15T09:48:38.510Z,"1922-Hanover-Ave,-Richmond,-VA-23220",37.552682,-77.463588,3.0,2.5,2366.0,1910.0,
115,Richmond,4382.0,Single Family,349950,2022-08-11T20:04:55.000Z,503 W Marshall St,Richmond,VA,23220,"503 W Marshall St, Richmond, VA 23220",2022-09-23T11:08:04.082Z,Inactive,2022-09-30T14:54:58.657Z,50,2022-08-12T09:30:48.876Z,"503-W-Marshall-St,-Richmond,-VA-23220",37.548965,-77.445856,3.0,1.5,1971.0,1857.0,
116,Richmond,5780.0,Single Family,1750000,2022-09-06T04:32:47.000Z,2113 Stuart Ave,Richmond,VA,23220,"2113 Stuart Ave, Richmond, VA 23220",2022-09-23T10:53:15.884Z,Inactive,2022-09-30T14:54:58.657Z,25,2022-09-06T09:08:51.491Z,"2113-Stuart-Ave,-Richmond,-VA-23220",37.554012,-77.465331,3.0,3.5,2552.0,2019.0,
117,Richmond,1028.0,Condo,243000,2022-09-14T00:55:35.000Z,1333 W Broad St,Richmond,VA,23220,"1333 W Broad St, Unit U414, Richmond, VA 23220",2022-09-23T10:53:15.855Z,Inactive,2022-09-30T14:54:58.657Z,17,2022-09-14T09:15:32.034Z,"1333-W-Broad-St,-Unit-U414,-Richmond,-VA-23220",37.552985,-77.454901,2.0,2.0,1027.0,1915.0,Unit U414
118,Richmond,2492.0,Townhouse,479000,2022-09-09T23:40:35.000Z,2110 Lakeview Ave,Richmond,VA,23220,"2110 Lakeview Ave, Richmond, VA 23220",2022-09-22T09:02:59.579Z,Inactive,2022-09-29T14:54:55.307Z,20,2022-09-10T08:20:28.957Z,"2110-Lakeview-Ave,-Richmond,-VA-23220",37.544276,-77.470617,3.0,2.0,1600.0,1924.0,
119,Richmond,3154.0,Townhouse,499000,2022-09-14T20:40:50.000Z,513 S Cherry St,Richmond,VA,23220,"513 S Cherry St, Richmond, VA 23220",2022-09-22T08:12:46.935Z,Inactive,2022-09-29T14:54:55.307Z,15,2022-09-15T09:48:38.509Z,"513-S-Cherry-St,-Richmond,-VA-23220",37.53837,-77.452619,3.0,2.5,2156.0,2009.0,
120,Richmond,3624.0,Single Family,1025000,2022-07-20T04:33:15.000Z,2217 W Grace St,Richmond,VA,23220,"2217 W Grace St, Richmond, VA 23220",2022-09-21T11:57:15.068Z,Inactive,2022-09-28T14:55:37.363Z,71,2022-08-07T09:08:33.172Z,"2217-W-Grace-St,-Richmond,-VA-23220",37.557211,-77.464097,3.0,2.5,3016.0,1905.0,
121,Richmond,10106.0,Single Family,419900,2022-08-11T12:10:23.000Z,2902 Seminary Ave,Richmond,VA,23220,"2902 Seminary Ave, Richmond, VA 23220",2022-09-19T10:29:08.711Z,Inactive,2022-09-26T14:55:09.162Z,47,2022-08-12T09:30:48.879Z,"2902-Seminary-Ave,-Richmond,-VA-23220",37.569195,-77.446983,4.0,2.0,2372.0,1928.0,
122,Richmond,6569.0,Single Family,300000,2022-09-13T14:38:32.000Z,1514 Georgia Ave,Richmond,VA,23220,"1514 Georgia Ave, Richmond, VA 23220",2022-09-19T08:58:04.729Z,Inactive,2022-09-26T14:55:09.162Z,14,2022-09-14T09:15:32.039Z,"1514-Georgia-Ave,-Richmond,-VA-23220",37.535346,-77.472162,3.0,1.5,1335.0,1942.0,
123,Richmond,3324.0,Duplex-Triplex,725000,2022-08-04T19:25:37.000Z,1719 Grove Ave,Richmond,VA,23220,"1719 Grove Ave, Richmond, VA 23220",2022-09-18T12:46:34.094Z,Inactive,2022-09-25T14:56:10.591Z,52,2022-08-07T08:28:24.373Z,"1719-Grove-Ave,-Richmond,-VA-23220",37.550175,-77.461898,6.0,3.0,4162.0,1913.0,
124,Richmond,3899.0,Land,225000,2022-06-08T12:02:30.000Z,214 W Marshall St,Richmond,VA,23220,"214 W Marshall St, Richmond, VA 23220",2022-09-17T13:28:38.428Z,Inactive,2022-09-24T14:55:51.956Z,109,2022-08-07T11:02:23.783Z,"214-W-Marshall-St,-Richmond,-VA-23220",37.548145,-77.443271,,,,,
125,Richmond,2540.0,Townhouse,599000,2022-09-09T17:13:31.000Z,2317 Floyd Ave,Richmond,VA,23220,"2317 Floyd Ave, Richmond, VA 23220",2022-09-13T08:03:06.268Z,Inactive,2022-09-20T14:53:00.007Z,11,2022-09-10T08:20:28.960Z,"2317-Floyd-Ave,-Richmond,-VA-23220",37.551661,-77.4698,3.0,2.5,2269.0,1916.0,
126,Richmond,1002.0,Condo,280000,2022-07-07T12:41:15.000Z,1610 Grove Ave,Richmond,VA,23220,"1610 Grove Ave, Unit U8, Richmond, VA 23220",2022-09-12T12:08:32.390Z,Inactive,2022-09-19T14:53:04.598Z,75,2022-08-07T10:49:24.996Z,"1610-Grove-Ave,-Unit-U8,-Richmond,-VA-23220",37.550219,-77.460119,2.0,1.5,1001.0,1919.0,Unit U8
127,Richmond,1228.0,Townhouse,300000,2022-08-31T13:25:27.000Z,411 Brook Rd,Richmond,VA,23220,"411 Brook Rd, Richmond, VA 23220",2022-09-12T10:42:33.626Z,Inactive,2022-09-19T14:54:29.738Z,20,2022-09-01T09:23:31.290Z,"411-Brook-Rd,-Richmond,-VA-23220",37.547984,-77.442633,2.0,1.5,1590.0,1900.0,
128,Richmond,,Condo,250000,2022-08-23T18:49:58.000Z,501 N Arthur Ashe Blvd,Richmond,VA,23220,"501 N Arthur Ashe Blvd, Unit U2, Richmond, VA 23220",2022-09-11T09:05:30.150Z,Inactive,2022-09-18T14:54:54.787Z,26,2022-08-24T08:25:49.673Z,"501-N-Arthur-Ashe-Blvd,-Unit-U2,-Richmond,-VA-23220",37.558717,-77.471814,2.0,1.0,708.0,1928.0,Unit U2
129,Richmond,1960.0,Townhouse,429900,2022-05-02T19:43:31.000Z,2 N Robinson St,Richmond,VA,23220,"2 N Robinson St, Richmond, VA 23220",2022-09-09T12:28:22.736Z,Inactive,2022-09-16T14:55:40.474Z,137,2022-08-07T11:02:23.812Z,"2-N-Robinson-St,-Richmond,-VA-23220",37.552367,-77.473216,3.0,2.0,1756.0,1931.0,
130,Richmond,2047.0,Single Family,285000,2022-08-20T01:03:29.000Z,1826 Idlewood Ave,Richmond,VA,23220,"1826 Idlewood Ave, Richmond, VA 23220",2022-09-07T11:40:13.304Z,Inactive,2022-09-14T14:51:58.596Z,26,2022-08-20T09:14:31.549Z,"1826-Idlewood-Ave,-Richmond,-VA-23220",37.545345,-77.465875,3.0,2.0,1280.0,1924.0,
131,Richmond,1220.0,Townhouse,389000,2022-09-01T14:10:35.000Z,209 N Plum St,Richmond,VA,23220,"209 N Plum St, Richmond, VA 23220",2022-09-05T09:35:36.187Z,Inactive,2022-09-12T14:53:18.601Z,12,2022-09-02T08:42:54.828Z,"209-N-Plum-St,-Richmond,-VA-23220",37.549728,-77.457975,3.0,1.5,1740.0,1901.0,
132,Richmond,3920.0,Duplex-Triplex,625000,2022-09-01T04:33:25.000Z,1814 W Grace St,Richmond,VA,23220,"1814 W Grace St, Richmond, VA 23220",2022-09-03T09:24:55.286Z,Inactive,2022-09-10T14:54:09.506Z,10,2022-09-01T09:23:31.284Z,"1814-W-Grace-St,-Richmond,-VA-23220",37.555417,-77.459804,3.0,3.0,2984.0,1915.0,
133,Richmond,1620.0,Single Family,428000,2022-08-30T01:34:36.000Z,2617 Parkwood Ave,Richmond,VA,23220,"2617 Parkwood Ave, Richmond, VA 23220",2022-09-02T08:42:54.839Z,Inactive,2022-09-09T14:50:53.995Z,11,2022-08-30T09:35:33.839Z,"2617-Parkwood-Ave,-Richmond,-VA-23220",37.549993,-77.475018,2.0,2.5,1314.0,1922.0,
134,Richmond,4060.0,Duplex-Triplex,655000,2022-08-23T22:07:44.000Z,2212 W Grace St,Richmond,VA,23220,"2212 W Grace St, Richmond, VA 23220",2022-09-01T09:23:31.318Z,Inactive,2022-09-08T14:52:37.419Z,16,2022-08-24T08:25:49.673Z,"2212-W-Grace-St,-Richmond,-VA-23220",37.55761,-77.463606,4.0,4.0,3064.0,1925.0,
135,Richmond,1041.0,Condo,245000,2022-07-14T16:52:28.000Z,1333 W Broad St,Richmond,VA,23220,"1333 W Broad St, Unit U313, Richmond, VA 23220",2022-08-30T10:00:45.332Z,Inactive,2022-09-06T14:49:14.194Z,54,2022-08-07T10:49:24.982Z,"1333-W-Broad-St,-Unit-U313,-Richmond,-VA-23220",37.552985,-77.454901,2.0,2.0,1038.0,1915.0,Unit U313
136,Richmond,1816.0,Condo,435000,2022-07-29T18:43:53.000Z,2620 Stuart Ave,Richmond,VA,23220,"2620 Stuart Ave, Unit UB01, Richmond, VA 23220",2022-08-30T10:00:45.305Z,Inactive,2022-09-06T14:49:14.194Z,39,2022-08-07T09:08:33.147Z,"2620-Stuart-Ave,-Unit-UB01,-Richmond,-VA-23220",37.556932,-77.471417,2.0,2.0,1816.0,1914.0,Unit UB01
137,Richmond,3751.0,Single Family,719000,2022-08-23T17:43:37.000Z,2111 Stuart Ave,Richmond,VA,23220,"2111 Stuart Ave, Richmond, VA 23220",2022-08-30T09:35:33.864Z,Inactive,2022-09-06T14:49:14.194Z,14,2022-08-24T08:25:49.675Z,"2111-Stuart-Ave,-Richmond,-VA-23220",37.554052,-77.465193,3.0,2.5,1980.0,1910.0,
138,Richmond,1115.0,Condo,324900,2022-08-04T20:22:31.000Z,1630 Monument Ave,Richmond,VA,23220,"1630 Monument Ave, Unit U14, Richmond, VA 23220",2022-08-29T10:33:26.236Z,Inactive,2022-09-05T14:51:45.577Z,32,2022-08-07T08:28:24.373Z,"1630-Monument-Ave,-Unit-U14,-Richmond,-VA-23220",37.55363,-77.458913,2.0,2.0,1112.0,1925.0,Unit U14
139,Richmond,2919.0,Duplex-Triplex,675000,2022-08-25T04:32:51.000Z,2223 Hanover Ave,Richmond,VA,23220,"2223 Hanover Ave, Richmond, VA 23220",2022-08-28T08:58:43.879Z,Inactive,2022-09-04T15:33:07.179Z,11,2022-08-25T08:38:49.719Z,"2223-Hanover-Ave,-Richmond,-VA-23220",37.553582,-77.467623,6.0,2.0,3270.0,1914.0,
140,Richmond,1307.0,Single Family,455000,2022-08-11T18:07:02.000Z,204 S Addison St,Richmond,VA,23220,"204 S Addison St, Richmond, VA 23220",2022-08-24T08:56:15.428Z,Inactive,2022-08-31T14:51:07.371Z,20,2022-08-12T09:30:48.875Z,"204-S-Addison-St,-Richmond,-VA-23220",37.548519,-77.470892,3.0,3.5,1808.0,1921.0,
141,Richmond,1742.0,Townhouse,725000,2022-08-18T13:58:50.000Z,102 N Plum St,Richmond,VA,23220,"102 N Plum St, Richmond, VA 23220",2022-08-22T09:42:03.447Z,Inactive,2022-08-29T14:51:30.396Z,12,2022-08-19T08:34:27.730Z,"102-N-Plum-St,-Richmond,-VA-23220",37.548623,-77.459102,3.0,3.0,2337.0,1892.0,
142,Richmond,1990.0,Single Family,475950,2022-08-02T13:53:43.000Z,2113 W Cary St,Richmond,VA,23220,"2113 W Cary St, Richmond, VA 23220",2022-08-19T10:40:52.004Z,Inactive,2022-08-26T14:51:34.559Z,25,2022-08-07T08:28:24.399Z,"2113-W-Cary-St,-Richmond,-VA-23220",37.548557,-77.468519,3.0,2.5,1761.0,1997.0,
143,Richmond,3899.0,Single Family,310000,2022-08-17T15:37:44.000Z,909 W Clay St,Richmond,VA,23220,"909 W Clay St, Richmond, VA 23220",2022-08-19T08:34:27.741Z,Inactive,2022-08-26T14:51:34.559Z,9,2022-08-18T08:28:22.450Z,"909-W-Clay-St,-Richmond,-VA-23220",37.551936,-77.448539,3.0,2.0,1584.0,1910.0,
144,Richmond,8133.0,Condo,427500,2022-08-16T14:40:37.000Z,1814 Park Ave,Richmond,VA,23220,"1814 Park Ave, Unit U6, Richmond, VA 23220",2022-08-18T08:28:22.466Z,Inactive,2022-08-25T14:51:32.327Z,10,2022-08-17T08:03:55.137Z,"1814-Park-Ave,-Unit-U6,-Richmond,-VA-23220",37.553687,-77.461937,3.0,2.0,1600.0,1913.0,Unit U6
145,Richmond,2100.0,Townhouse,649900,2022-07-07T18:46:36.000Z,203 N Mulberry St,Richmond,VA,23220,"203 N Mulberry St, Richmond, VA 23220",2022-08-15T10:17:53.759Z,Inactive,2022-08-22T14:53:05.093Z,46,2022-08-07T10:49:24.995Z,"203-N-Mulberry-St,-Richmond,-VA-23220",37.555025,-77.472693,3.0,2.5,2444.0,1912.0,
146,Richmond,6059.0,Condo,215000,2022-07-12T11:19:30.000Z,2318 Herbert Hamlet Aly,Richmond,VA,23220,"2318 Herbert Hamlet Aly, Apt 4, Richmond, VA 23220",2022-08-15T10:17:53.752Z,Inactive,2022-08-22T14:53:05.093Z,42,2022-08-07T10:49:24.987Z,"2318-Herbert-Hamlet-Aly,-Apt-4,-Richmond,-VA-23220",37.550369,-77.470748,1.0,1.0,717.0,1940.0,Apt 4
147,Richmond,3189.0,Duplex-Triplex,725000,2022-07-21T21:50:11.000Z,2348 W Grace St,Richmond,VA,23220,"2348 W Grace St, Richmond, VA 23220",2022-08-15T10:15:01.871Z,Inactive,2022-08-22T14:53:05.093Z,32,2022-08-07T09:08:33.166Z,"2348-W-Grace-St,-Richmond,-VA-23220",37.5593,-77.466536,7.0,4.0,3436.0,1910.0,
148,Richmond,4352.0,Single Family,115000,2022-08-05T18:55:34.000Z,108 S Pine St,Richmond,VA,23220,"108 S Pine St, Richmond, VA 23220",2022-08-14T08:15:38.498Z,Inactive,2022-08-21T14:54:29.051Z,16,2022-08-07T08:28:24.363Z,"108-S-Pine-St,-Richmond,-VA-23220",37.543755,-77.450708,2.0,1.0,900.0,1920.0,
149,Richmond,915.0,Condo,279000,2022-08-10T16:28:48.000Z,1610 Grove Ave,Richmond,VA,23220,"1610 Grove Ave, Unit U11, Richmond, VA 23220",2022-08-14T08:15:38.474Z,Inactive,2022-08-21T14:54:29.051Z,11,2022-08-11T08:18:03.300Z,"1610-Grove-Ave,-Unit-U11,-Richmond,-VA-23220",37.550219,-77.460119,2.0,1.0,913.0,1919.0,Unit U11
150,Richmond,,Condo,602000,2022-06-20T19:55:34.000Z,1465 Overbrook Rd,Richmond,VA,23220,"1465 Overbrook Rd, Unit A10, Richmond, VA 23220",2022-08-12T11:11:56.036Z,Inactive,2022-08-19T14:53:04.484Z,60,2022-08-07T10:49:25.025Z,"1465-Overbrook-Rd,-Unit-A10,-Richmond,-VA-23220",37.565238,-77.456548,3.0,2.5,2516.0,2022.0,Unit A10
151,Richmond,436.0,Condo,128000,2022-08-01T18:22:40.000Z,212 W Franklin St,Richmond,VA,23220,"212 W Franklin St, Unit UG06, Richmond, VA 23220",2022-08-12T10:02:23.680Z,Inactive,2022-08-19T14:53:04.484Z,18,2022-08-07T08:28:24.404Z,"212-W-Franklin-St,-Unit-UG06,-Richmond,-VA-23220",37.545553,-77.445668,1.0,1.0,451.0,1916.0,Unit UG06
152,Richmond,2548.0,Townhouse,824900,2022-07-21T10:40:52.000Z,2027 Hanover Ave,Richmond,VA,23220,"2027 Hanover Ave, Richmond, VA 23220",2022-08-11T09:38:23.021Z,Inactive,2022-08-18T14:49:14.021Z,29,2022-08-07T09:08:33.169Z,"2027-Hanover-Ave,-Richmond,-VA-23220",37.552728,-77.465238,3.0,2.5,2840.0,1913.0,
153,Richmond,5898.0,Single Family,279900,2022-08-10T19:14:04.000Z,1508 Southampton Ave,Richmond,VA,23220,"1508 Southampton Ave, Richmond, VA 23220",2022-08-11T08:18:03.297Z,Inactive,2022-08-18T14:49:14.021Z,8,2022-08-11T08:18:03.297Z,"1508-Southampton-Ave,-Richmond,-VA-23220",37.534998,-77.468036,3.0,1.0,840.0,1949.0,
154,Richmond,2230.0,Single Family,655000,2022-08-04T18:22:57.000Z,314 N Harrison St,Richmond,VA,23220,"314 N Harrison St, Richmond, VA 23220",2022-08-10T09:57:01.186Z,Inactive,2022-08-17T14:51:07.186Z,13,2022-08-07T08:28:24.375Z,"314-N-Harrison-St,-Richmond,-VA-23220",37.549393,-77.454966,4.0,2.5,2396.0,1891.0,
155,Richmond,915.0,Condo,227500,2022-08-06T21:34:46.000Z,2100 Grove Ave,Richmond,VA,23220,"2100 Grove Ave, Unit U4, Richmond, VA 23220",2022-08-10T09:57:01.178Z,Inactive,2022-08-17T14:51:07.186Z,11,2022-08-07T08:28:24.356Z,"2100-Grove-Ave,-Unit-U4,-Richmond,-VA-23220",37.552325,-77.466021,2.0,1.0,810.0,1960.0,Unit U4
156,Richmond,2892.0,Townhouse,670000,2022-07-06T15:02:39.000Z,1903 Hanover Ave,Richmond,VA,23220,"1903 Hanover Ave, Richmond, VA 23220",2022-08-09T10:40:29.205Z,Inactive,2022-08-16T14:51:14.279Z,41,2022-08-07T10:49:25.005Z,"1903-Hanover-Ave,-Richmond,-VA-23220",37.551954,-77.463093,3.0,2.5,2490.0,1912.0,
157,Richmond,6813.0,Single Family,275000,2022-07-29T12:22:33.000Z,1200 Greenville Ave,Richmond,VA,23220,"1200 Greenville Ave, Richmond, VA 23220",2022-08-09T10:29:39.616Z,Inactive,2022-08-16T14:51:14.279Z,19,2022-08-07T09:08:33.147Z,"1200-Greenville-Ave,-Richmond,-VA-23220",37.539314,-77.469519,3.0,1.0,956.0,1960.0,
158,Richmond,8699.0,Land,100000,2022-08-08T13:17:19.000Z,1314 Dubois Ave,Richmond,VA,23220,"1314 Dubois Ave, Richmond, VA 23220",2022-08-09T09:12:12.229Z,Inactive,2022-08-16T14:51:14.279Z,9,2022-08-09T09:12:12.229Z,"1314-Dubois-Ave,-Richmond,-VA-23220",37.566579,-77.452983,,,,,
159,Richmond,,Townhouse,545000,2022-08-08T13:32:49.000Z,1736 Parkwood Ave,Richmond,VA,23220,"1736 Parkwood Ave, Richmond, VA 23220",2022-08-09T09:12:12.228Z,Inactive,2022-08-16T14:51:14.279Z,9,2022-08-07T08:28:24.376Z,"1736-Parkwood-Ave,-Richmond,-VA-23220",37.54642,-77.463718,3.0,3.5,3028.0,2008.0,
160,Richmond,2858.0,Single Family,299000,2022-08-04T04:04:50.000Z,1924 Blair St,Richmond,VA,23220,"1924 Blair St, Richmond, VA 23220",2022-08-08T08:25:08.751Z,Inactive,2022-08-15T14:52:25.276Z,12,2022-08-07T08:28:24.387Z,"1924-Blair-St,-Richmond,-VA-23220",37.541913,-77.469219,2.0,2.0,1027.0,1920.0,
161,Richmond,1054.0,Condo,295000,2022-08-05T16:32:21.000Z,505 S Davis Ave,Richmond,VA,23220,"505 S Davis Ave, Unit U10, Richmond, VA 23220",2022-08-07T08:28:24.361Z,Inactive,2022-08-14T18:47:09.680Z,10,2022-08-07T08:28:24.361Z,"505-S-Davis-Ave,-Unit-U10,-Richmond,-VA-23220",37.546672,-77.474517,2.0,2.0,1057.0,1923.0,Unit U10
162,Chesterfield County,,Single Family,2125000,2022-05-02T15:42:29.062Z,2700 Monument Ave,Richmond,VA,23220,"2700 Monument Ave, Richmond, VA 23220",2022-05-02T15:42:29.062Z,Inactive,2022-08-10T16:17:08.526Z,101,2022-05-02T15:42:29.062Z,"2700-Monument-Ave,-Richmond,-VA-23220",37.559993,-77.469586,5.0,5.5,7981.0,,
163,Chesterfield County,,Single Family,1999000,2022-05-02T15:42:29.051Z,1015 W Franklin St,Richmond,VA,23220,"1015 W Franklin St, Richmond, VA 23220",2022-05-02T15:42:29.051Z,Inactive,2022-08-10T16:17:08.526Z,101,2022-05-02T15:42:29.051Z,"1015-W-Franklin-St,-Richmond,-VA-23220",37.550297,-77.45482,8.0,6.5,7789.0,,
164,Chesterfield County,,Single Family,1850000,2022-05-02T15:41:42.720Z,2031 Monument Ave,Richmond,VA,23220,"2031 Monument Ave, Richmond, VA 23220",2022-05-02T15:41:42.720Z,Inactive,2022-08-10T16:17:08.526Z,101,2022-05-02T15:41:42.720Z,"2031-Monument-Ave,-Richmond,-VA-23220",37.55557,-77.463819,8.0,5.5,7322.0,,
165,Chesterfield County,,Single Family,1300000,2022-05-02T15:41:42.692Z,413 N Arthur Ashe Blvd,Richmond,VA,23220,"413 N Arthur Ashe Blvd, Richmond, VA 23220",2022-05-02T15:41:42.692Z,Inactive,2022-08-10T16:17:08.526Z,101,2022-05-02T15:41:42.692Z,"413-N-Arthur-Ashe-Blvd,-Richmond,-VA-23220",37.557621,-77.472701,4.0,3.5,3571.0,,
166,Chesterfield County,,Condo,1170000,2022-05-02T15:41:42.682Z,2019 Lakeview Ave,Richmond,VA,23220,"2019 Lakeview Ave, Richmond, VA 23220",2022-05-02T15:41:42.682Z,Inactive,2022-08-10T16:17:08.526Z,101,2022-05-02T15:41:42.682Z,"2019-Lakeview-Ave,-Richmond,-VA-23220",37.54355,-77.47013,4.0,3.5,3750.0,,
167,Chesterfield County,,Apartment,1150000,2022-05-02T15:41:42.678Z,2346 W Grace St,Richmond,VA,23220,"2346 W Grace St, Richmond, VA 23220",2022-05-02T15:41:42.678Z,Inactive,2022-08-10T16:17:08.526Z,101,2022-05-02T15:41:42.678Z,"2346-W-Grace-St,-Richmond,-VA-23220",37.559248,-77.46645,9.0,6.0,6880.0,,
168,Chesterfield County,,Apartment,999998,2022-05-02T15:41:42.668Z,20 N Arthur Ashe Blvd,Richmond,VA,23220,"20 N Arthur Ashe Blvd, Richmond, VA 23220",2022-05-02T15:41:42.668Z,Inactive,2022-08-10T16:17:08.526Z,101,2022-05-02T15:41:42.668Z,"20-N-Arthur-Ashe-Blvd,-Richmond,-VA-23220",37.553608,-77.475571,9.0,7.0,5400.0,,
169,Chesterfield County,,Condo,995000,2022-05-02T15:41:42.659Z,2021 Grove Ave,Richmond,VA,23220,"2021 Grove Ave, Richmond, VA 23220",2022-05-02T15:41:42.659Z,Inactive,2022-08-10T16:17:08.526Z,101,2022-05-02T15:41:42.659Z,"2021-Grove-Ave,-Richmond,-VA-23220",37.551524,-77.465629,4.0,2.5,2844.0,,
170,Chesterfield County,,Single Family,995000,2022-05-02T15:41:42.658Z,2013 Grove Ave,Richmond,VA,23220,"2013 Grove Ave, Richmond, VA 23220",2022-05-02T15:41:42.658Z,Inactive,2022-08-10T16:17:08.526Z,101,2022-05-02T15:41:42.658Z,"2013-Grove-Ave,-Richmond,-VA-23220",37.551426,-77.465346,4.0,2.5,2958.0,,
171,Chesterfield County,,Single Family,975000,2022-05-02T15:41:42.655Z,105 S Arthur Ashe Blvd,Richmond,VA,23220,"105 S Arthur Ashe Blvd, Richmond, VA 23220",2022-05-02T15:41:42.655Z,Inactive,2022-08-10T16:17:08.526Z,101,2022-05-02T15:41:42.655Z,"105-S-Arthur-Ashe-Blvd,-Richmond,-VA-23220",37.551186,-77.476024,4.0,2.5,3746.0,,
172,Chesterfield County,,Condo,948000,2022-05-02T15:34:41.960Z,2207 Hanover Ave,Richmond,VA,23220,"2207 Hanover Ave, Richmond, VA 23220",2022-05-02T15:34:41.960Z,Inactive,2022-08-10T16:17:08.526Z,101,2022-05-02T15:34:41.960Z,"2207-Hanover-Ave,-Richmond,-VA-23220",37.55336,-77.466979,3.0,3.0,3075.0,,
173,Chesterfield County,,Single Family,900000,2022-05-02T15:34:41.959Z,205 N Arthur Ashe Blvd,Richmond,VA,23220,"205 N Arthur Ashe Blvd, Richmond, VA 23220",2022-05-02T15:34:41.959Z,Inactive,2022-08-10T16:17:08.526Z,101,2022-05-02T15:34:41.959Z,"205-N-Arthur-Ashe-Blvd,-Richmond,-VA-23220",37.55516,-77.473876,5.0,3.5,4125.0,,
174,Chesterfield County,,Single Family,890000,2022-05-02T15:34:41.958Z,2236 Park Ave,Richmond,VA,23220,"2236 Park Ave, Richmond, VA 23220",2022-05-02T15:34:41.958Z,Inactive,2022-08-10T16:17:08.526Z,101,2022-05-02T15:34:41.958Z,"2236-Park-Ave,-Richmond,-VA-23220",37.556293,-77.465853,3.0,2.5,2680.0,,
175,Chesterfield County,,Condo,895000,2022-05-02T15:34:41.957Z,2320 Park Ave,Richmond,VA,23220,"2320 Park Ave, Richmond, VA 23220",2022-05-02T15:34:41.957Z,Inactive,2022-08-10T16:17:08.526Z,101,2022-05-02T15:34:41.957Z,"2320-Park-Ave,-Richmond,-VA-23220",37.557018,-77.467062,3.0,,2676.0,,
176,Chesterfield County,,Condo,875000,2022-05-02T15:34:41.954Z,2521 Hanover Ave,Richmond,VA,23220,"2521 Hanover Ave, Richmond, VA 23220",2022-05-02T15:34:41.954Z,Inactive,2022-08-10T16:17:08.526Z,101,2022-05-02T15:34:41.954Z,"2521-Hanover-Ave,-Richmond,-VA-23220",37.554873,-77.471255,3.0,2.5,2336.0,,
177,Chesterfield County,,Apartment,850000,2022-05-02T15:34:41.949Z,2023 W Grace St,Richmond,VA,23220,"2023 W Grace St, Richmond, VA 23220",2022-05-02T15:34:41.949Z,Inactive,2022-08-10T16:17:08.526Z,101,2022-05-02T15:34:41.949Z,"2023-W-Grace-St,-Richmond,-VA-23220",37.55641,-77.462632,4.0,4.0,3225.0,,
178,Chesterfield County,,Condo,849000,2022-05-02T15:34:41.947Z,2007 Monument Ave,Richmond,VA,23220,"2007 Monument Ave, Unit U2, Richmond, VA 23220",2022-05-02T15:34:41.947Z,Inactive,2022-08-10T16:17:08.526Z,101,2022-05-02T15:34:41.947Z,"2007-Monument-Ave,-Unit-U2,-Richmond,-VA-23220",37.554996,-77.462873,2.0,2.5,2299.0,,Unit U2
179,Chesterfield County,,Apartment,810000,2022-05-02T15:34:41.940Z,2518 Grove Ave,Richmond,VA,23220,"2518 Grove Ave, Richmond, VA 23220",2022-05-02T15:34:41.940Z,Inactive,2022-08-10T16:17:08.526Z,101,2022-05-02T15:34:41.940Z,"2518-Grove-Ave,-Richmond,-VA-23220",37.554293,-77.471531,6.0,4.0,3802.0,,
180,Chesterfield County,,Apartment,780000,2022-05-02T15:33:17.259Z,1103 West Ave,Richmond,VA,23220,"1103 West Ave, Richmond, VA 23220",2022-05-02T15:33:17.259Z,Inactive,2022-08-10T16:17:08.526Z,101,2022-05-02T15:33:17.259Z,"1103-West-Ave,-Richmond,-VA-23220",37.549746,-77.455692,3.0,2.0,2450.0,,
181,Chesterfield County,,Single Family,769000,2022-05-02T15:33:17.255Z,207 N Allen Ave,Richmond,VA,23220,"207 N Allen Ave, Richmond, VA 23220",2022-05-02T15:33:17.255Z,Inactive,2022-08-10T16:17:08.526Z,101,2022-05-02T15:33:17.255Z,"207-N-Allen-Ave,-Richmond,-VA-23220",37.55108,-77.461523,3.0,2.5,2478.0,,
182,Chesterfield County,,Apartment,759000,2022-05-02T15:33:17.254Z,302 N Rowland St,Richmond,VA,23220,"302 N Rowland St, Richmond, VA 23220",2022-05-02T15:33:17.254Z,Inactive,2022-08-10T16:17:08.526Z,101,2022-05-02T15:33:17.254Z,"302-N-Rowland-St,-Richmond,-VA-23220",37.553417,-77.465198,6.0,3.0,3758.0,,
183,Chesterfield County,,Condo,699000,2022-05-02T15:33:17.232Z,300 N Davis Ave,Richmond,VA,23220,"300 N Davis Ave, Richmond, VA 23220",2022-05-02T15:33:17.232Z,Inactive,2022-08-10T16:17:08.526Z,101,2022-05-02T15:33:17.232Z,"300-N-Davis-Ave,-Richmond,-VA-23220",37.55533,-77.470186,3.0,3.5,3180.0,,
184,Chesterfield County,,Condo,695000,2022-05-02T15:21:01.443Z,2316 W Grace St,Richmond,VA,23220,"2316 W Grace St, Richmond, VA 23220",2022-05-02T15:21:01.443Z,Inactive,2022-08-10T16:17:08.526Z,101,2022-05-02T15:21:01.443Z,"2316-W-Grace-St,-Richmond,-VA-23220",37.558658,-77.465339,4.0,2.5,2956.0,,
185,Chesterfield County,,Single Family,675000,2022-05-02T15:21:01.434Z,203 S Arthur Ashe Blvd,Richmond,VA,23220,"203 S Arthur Ashe Blvd, Richmond, VA 23220",2022-05-02T15:21:01.434Z,Inactive,2022-08-10T16:17:08.526Z,101,2022-05-02T15:21:01.434Z,"203-S-Arthur-Ashe-Blvd,-Richmond,-VA-23220",37.550485,-77.476402,4.0,3.5,3047.0,,
186,Chesterfield County,,Single Family,635000,2022-05-02T15:21:01.419Z,112 N Harvie St,Richmond,VA,23220,"112 N Harvie St, Richmond, VA 23220",2022-05-02T15:21:01.419Z,Inactive,2022-08-10T16:17:08.526Z,101,2022-05-02T15:21:01.419Z,"112-N-Harvie-St,-Richmond,-VA-23220",37.548441,-77.457716,3.0,2.5,2276.0,,
187,Chesterfield County,,Condo,640000,2022-05-02T15:21:01.416Z,14 N Rowland St,Richmond,VA,23220,"14 N Rowland St, Richmond, VA 23220",2022-05-02T15:21:01.416Z,Inactive,2022-08-10T16:17:08.526Z,101,2022-05-02T15:21:01.416Z,"14-N-Rowland-St,-Richmond,-VA-23220",37.550191,-77.467091,3.0,2.5,2666.0,,
188,Chesterfield County,,Condo,625000,2022-05-02T15:13:32.530Z,2701 Grayland Ave,Richmond,VA,23220,"2701 Grayland Ave, Richmond, VA 23220",2022-05-02T15:13:32.530Z,Inactive,2022-08-10T16:17:08.526Z,101,2022-05-02T15:13:32.530Z,"2701-Grayland-Ave,-Richmond,-VA-23220",37.549448,-77.476222,3.0,2.5,1730.0,,
189,Chesterfield County,,Apartment,624500,2022-05-02T15:13:32.530Z,1912 Hanover Ave,Richmond,VA,23220,"1912 Hanover Ave, Richmond, VA 23220",2022-05-02T15:13:32.530Z,Inactive,2022-08-10T16:17:08.526Z,101,2022-05-02T15:13:32.530Z,"1912-Hanover-Ave,-Richmond,-VA-23220",37.552582,-77.463174,4.0,2.0,2710.0,,
190,Chesterfield County,,Apartment,600000,2022-05-02T15:13:32.519Z,2222 Parkwood Ave,Richmond,VA,23220,"2222 Parkwood Ave, Richmond, VA 23220",2022-05-02T15:13:32.519Z,Inactive,2022-08-10T16:17:08.526Z,101,2022-05-02T15:13:32.519Z,"2222-Parkwood-Ave,-Richmond,-VA-23220",37.548778,-77.470271,4.0,3.0,2324.0,,
191,Chesterfield County,,Condo,599900,2022-05-02T15:13:32.518Z,115 N Vine St,Richmond,VA,23220,"115 N Vine St, Richmond, VA 23220",2022-05-02T15:13:32.518Z,Inactive,2022-08-10T16:17:08.526Z,101,2022-05-02T15:13:32.518Z,"115-N-Vine-St,-Richmond,-VA-23220",37.549394,-77.461059,3.0,3.0,1856.0,,
192,Chesterfield County,,Condo,599000,2022-05-02T15:13:32.518Z,2318 Park Ave,Richmond,VA,23220,"2318 Park Ave, Richmond, VA 23220",2022-05-02T15:13:32.518Z,Inactive,2022-08-10T16:17:08.526Z,101,2022-05-02T15:13:32.518Z,"2318-Park-Ave,-Richmond,-VA-23220",37.556984,-77.467006,3.0,2.0,1842.0,,
193,Chesterfield County,,Single Family,599950,2022-05-02T15:13:32.518Z,417 S Davis Ave,Richmond,VA,23220,"417 S Davis Ave, Richmond, VA 23220",2022-05-02T15:13:32.518Z,Inactive,2022-08-10T16:17:08.526Z,101,2022-05-02T15:13:32.518Z,"417-S-Davis-Ave,-Richmond,-VA-23220",37.547364,-77.474221,4.0,3.5,2646.0,,
194,Chesterfield County,,Single Family,599999,2022-05-02T15:13:32.518Z,602 N Arthur Ashe Blvd,Richmond,VA,23220,"602 N Arthur Ashe Blvd, Richmond, VA 23220",2022-05-02T15:13:32.518Z,Inactive,2022-08-10T16:17:08.526Z,101,2022-05-02T15:13:32.518Z,"602-N-Arthur-Ashe-Blvd,-Richmond,-VA-23220",37.559873,-77.472055,4.0,,1966.0,,
195,Chesterfield County,,Condo,599950,2022-05-02T15:13:32.518Z,106 N Shields Ave,Richmond,VA,23220,"106 N Shields Ave, Richmond, VA 23220",2022-05-02T15:13:32.518Z,Inactive,2022-08-10T16:17:08.526Z,101,2022-05-02T15:13:32.518Z,"106-N-Shields-Ave,-Richmond,-VA-23220",37.5518,-77.467647,3.0,1.5,1840.0,,
196,Chesterfield County,,Condo,575000,2022-05-02T15:04:08.290Z,2024 W Main St,Richmond,VA,23220,"2024 W Main St, Richmond, VA 23220",2022-05-02T15:04:08.290Z,Inactive,2022-08-10T16:15:39.326Z,101,2022-05-02T15:04:08.290Z,"2024-W-Main-St,-Richmond,-VA-23220",37.549851,-77.466632,3.0,1.5,2049.0,,
197,Chesterfield County,,Condo,575000,2022-05-02T15:04:08.288Z,1802 Floyd Ave,Richmond,VA,23220,"1802 Floyd Ave, Richmond, VA 23220",2022-05-02T15:04:08.288Z,Inactive,2022-08-10T16:15:39.326Z,101,2022-05-02T15:04:08.288Z,"1802-Floyd-Ave,-Richmond,-VA-23220",37.549702,-77.462834,3.0,2.0,1585.0,,
198,Chesterfield County,,Apartment,575000,2022-05-02T15:04:08.288Z,2 S Harrison St,Richmond,VA,23220,"2 S Harrison St, Richmond, VA 23220",2022-05-02T15:04:08.288Z,Inactive,2022-08-10T16:15:39.326Z,101,2022-05-02T15:04:08.288Z,"2-S-Harrison-St,-Richmond,-VA-23220",37.545368,-77.455735,6.0,2.0,2450.0,,
199,Chesterfield County,,Apartment,550000,2022-05-02T15:04:08.268Z,2227 Park Ave,Richmond,VA,23220,"2227 Park Ave, Richmond, VA 23220",2022-05-02T15:04:08.268Z,Inactive,2022-08-10T16:15:39.326Z,101,2022-05-02T15:04:08.268Z,"2227-Park-Ave,-Richmond,-VA-23220",37.556057,-77.466353,1.0,1.5,1230.0,,
200,Chesterfield County,,Condo,549950,2022-05-02T15:04:08.265Z,1524 West Ave,Richmond,VA,23220,"1524 West Ave, Unit 23, Richmond, VA 23220",2022-05-02T15:04:08.265Z,Inactive,2022-08-10T16:15:39.326Z,101,2022-05-02T15:04:08.265Z,"1524-West-Ave,-Unit-23,-Richmond,-VA-23220",37.551453,-77.45767,3.0,2.0,1750.0,,Unit 23
201,Chesterfield County,,Condo,547950,2022-05-02T15:04:08.261Z,1729 W Cary St,Richmond,VA,23220,"1729 W Cary St, Unit 1729, Richmond, VA 23220",2022-05-02T15:04:08.261Z,Inactive,2022-08-10T16:15:39.326Z,101,2022-05-02T15:04:08.261Z,"1729-W-Cary-St,-Unit-1729,-Richmond,-VA-23220",37.546708,-77.463362,4.0,3.5,2408.0,,Unit 1729
202,Chesterfield County,,Single Family,539000,2022-05-02T15:04:05.918Z,2113 Floyd Ave,Richmond,VA,23220,"2113 Floyd Ave, Richmond, VA 23220",2022-05-02T15:04:05.918Z,Inactive,2022-08-10T16:15:39.326Z,101,2022-05-02T15:04:05.918Z,"2113-Floyd-Ave,-Richmond,-VA-23220",37.550712,-77.467115,3.0,1.5,1740.0,,
203,Chesterfield County,,Single Family,525000,2022-05-02T15:04:05.909Z,2217 Idlewood Ave,Richmond,VA,23220,"2217 Idlewood Ave, Richmond, VA 23220",2022-05-02T15:04:05.909Z,Inactive,2022-08-10T16:15:39.326Z,101,2022-05-02T15:04:05.909Z,"2217-Idlewood-Ave,-Richmond,-VA-23220",37.546698,-77.471068,3.0,2.5,1808.0,,
204,Chesterfield County,,Apartment,525000,2022-05-02T15:04:05.906Z,1305 W Cary St,Richmond,VA,23220,"1305 W Cary St, Richmond, VA 23220",2022-05-02T15:04:05.906Z,Inactive,2022-08-10T16:15:39.326Z,101,2022-05-02T15:04:05.906Z,"1305-W-Cary-St,-Richmond,-VA-23220",37.544871,-77.458236,4.0,2.0,1868.0,,
205,Chesterfield County,,Single Family,499000,2022-05-02T15:02:18.106Z,2104 Maplewood Ave,Richmond,VA,23220,"2104 Maplewood Ave, Richmond, VA 23220",2022-05-02T15:02:18.106Z,Inactive,2022-08-10T16:15:39.326Z,101,2022-05-02T15:02:18.106Z,"2104-Maplewood-Ave,-Richmond,-VA-23220",37.544993,-77.469988,3.0,2.5,1504.0,,
206,Chesterfield County,,Apartment,489950,2022-05-02T15:02:18.095Z,135 S Cherry St,Richmond,VA,23220,"135 S Cherry St, Richmond, VA 23220",2022-05-02T15:02:18.095Z,Inactive,2022-08-10T16:15:39.326Z,101,2022-05-02T15:02:18.095Z,"135-S-Cherry-St,-Richmond,-VA-23220",37.543463,-77.452511,4.0,2.0,2280.0,,
207,Chesterfield County,,Apartment,479000,2022-05-02T14:54:46.833Z,2507 Seminary Ave,Richmond,VA,23220,"2507 Seminary Ave, Richmond, VA 23220",2022-05-02T14:54:46.833Z,Inactive,2022-08-10T16:15:39.326Z,101,2022-05-02T14:54:46.833Z,"2507-Seminary-Ave,-Richmond,-VA-23220",37.566191,-77.445843,4.0,2.0,1800.0,,
208,Chesterfield County,,Apartment,475000,2022-05-02T14:54:46.826Z,622 Idlewood Ave,Richmond,VA,23220,"622 Idlewood Ave, Richmond, VA 23220",2022-05-02T14:54:46.826Z,Inactive,2022-08-10T16:15:39.326Z,101,2022-05-02T14:54:46.826Z,"622-Idlewood-Ave,-Richmond,-VA-23220",37.541996,-77.450266,4.0,2.0,2152.0,,
209,Chesterfield County,,Single Family,460000,2022-05-02T14:54:46.817Z,14 N Davis Ave,Richmond,VA,23220,"14 N Davis Ave, Richmond, VA 23220",2022-05-02T14:54:46.817Z,Inactive,2022-08-10T16:15:39.326Z,101,2022-05-02T14:54:46.817Z,"14-N-Davis-Ave,-Richmond,-VA-23220",37.551939,-77.47201,3.0,2.5,1798.0,,
210,Chesterfield County,,Condo,459950,2022-05-02T14:54:46.813Z,601 N Davis Ave,Richmond,VA,23220,"601 N Davis Ave, Unit U6, Richmond, VA 23220",2022-05-02T14:54:46.813Z,Inactive,2022-08-10T16:15:39.326Z,101,2022-05-02T14:54:46.813Z,"601-N-Davis-Ave,-Unit-U6,-Richmond,-VA-23220",37.557509,-77.46811,2.0,2.0,1516.0,,Unit U6
211,Chesterfield County,,Single Family,450000,2022-05-02T14:54:46.806Z,1317 Grayland Ave,Richmond,VA,23220,"1317 Grayland Ave, Richmond, VA 23220",2022-05-02T14:54:46.806Z,Inactive,2022-08-10T16:15:39.326Z,101,2022-05-02T14:54:46.806Z,"1317-Grayland-Ave,-Richmond,-VA-23220",37.54332,-77.459003,3.0,2.5,1958.0,,
212,Chesterfield County,,Apartment,449000,2022-05-02T14:39:20.526Z,2121 1/2 W Main St,Richmond,VA,23220,"2121 1/2 W Main St, Richmond, VA 23220",2022-05-02T14:39:20.526Z,Inactive,2022-08-10T16:15:39.326Z,101,2022-05-02T14:39:20.526Z,"2121-1-2-W-Main-St,-Richmond,-VA-23220",37.549708,-77.468031,4.0,2.0,1778.0,,
213,,,Condo,440000,2022-05-02T14:39:20.520Z,413 Stuart Cir,Richmond,VA,23220,"413 Stuart Cir, Unit UPL-F, Richmond, VA 23220",2022-05-02T14:39:20.520Z,Inactive,2022-08-10T16:15:39.326Z,101,2022-05-02T14:39:20.520Z,"413-Stuart-Cir,-Unit-UPL-F,-Richmond,-VA-23220",37.551828,-77.457752,2.0,2.0,1792.0,,Unit UPL-F
214,Chesterfield County,,Single Family,439000,2022-05-02T14:39:20.509Z,1014 W Marshall St,Richmond,VA,23220,"1014 W Marshall St, Richmond, VA 23220",2022-05-02T14:39:20.509Z,Inactive,2022-08-10T16:15:39.326Z,101,2022-05-02T14:39:20.509Z,"1014-W-Marshall-St,-Richmond,-VA-23220",37.552208,-77.449972,4.0,2.5,2649.0,,
215,Chesterfield County,,Condo,429000,2022-05-02T14:35:46.274Z,1401 Floyd Ave,Richmond,VA,23220,"1401 Floyd Ave, Unit U101, Richmond, VA 23220",2022-05-02T14:35:46.274Z,Inactive,2022-08-10T16:15:39.326Z,101,2022-05-02T14:35:46.274Z,"1401-Floyd-Ave,-Unit-U101,-Richmond,-VA-23220",37.547348,-77.458766,2.0,2.5,1600.0,,Unit U101
216,Chesterfield County,,Single Family,429900,2022-05-02T14:35:46.274Z,2928 Seminary Ave,Richmond,VA,23220,"2928 Seminary Ave, Richmond, VA 23220",2022-05-02T14:35:46.274Z,Inactive,2022-08-10T16:15:39.326Z,101,2022-05-02T14:35:46.274Z,"2928-Seminary-Ave,-Richmond,-VA-23220",37.571805,-77.44738,3.0,2.5,1738.0,,
217,Chesterfield County,,Single Family,425000,2022-05-02T14:35:46.270Z,1805 W Cary St,Richmond,VA,23220,"1805 W Cary St, Richmond, VA 23220",2022-05-02T14:35:46.270Z,Inactive,2022-08-10T16:15:39.326Z,101,2022-05-02T14:35:46.270Z,"1805-W-Cary-St,-Richmond,-VA-23220",37.54703,-77.464236,3.0,3.0,1478.0,,
218,Chesterfield County,,Single Family,425000,2022-05-02T14:35:46.270Z,1813 W Cary St,Richmond,VA,23220,"1813 W Cary St, Richmond, VA 23220",2022-05-02T14:35:46.270Z,Inactive,2022-08-10T16:15:39.326Z,101,2022-05-02T14:35:46.270Z,"1813-W-Cary-St,-Richmond,-VA-23220",37.547105,-77.46444,3.0,3.0,1462.0,,
219,Chesterfield County,,Single Family,425000,2022-05-02T14:35:46.264Z,1815 W Cary St,Richmond,VA,23220,"1815 W Cary St, Richmond, VA 23220",2022-05-02T14:35:46.264Z,Inactive,2022-08-10T16:15:39.326Z,101,2022-05-02T14:35:46.264Z,"1815-W-Cary-St,-Richmond,-VA-23220",37.547123,-77.464492,3.0,3.0,1486.0,,
220,Chesterfield County,,Single Family,425000,2022-05-02T14:35:46.261Z,1819 W Cary St,Richmond,VA,23220,"1819 W Cary St, Richmond, VA 23220",2022-05-02T14:35:46.261Z,Inactive,2022-08-10T16:15:39.326Z,101,2022-05-02T14:35:46.261Z,"1819-W-Cary-St,-Richmond,-VA-23220",37.547159,-77.464598,3.0,3.0,1562.0,,
221,Chesterfield County,,Single Family,425000,2022-05-02T14:35:46.260Z,1821 W Cary St,Richmond,VA,23220,"1821 W Cary St, Richmond, VA 23220",2022-05-02T14:35:46.260Z,Inactive,2022-08-10T16:15:39.326Z,101,2022-05-02T14:35:46.260Z,"1821-W-Cary-St,-Richmond,-VA-23220",37.547166,-77.46466,3.0,3.0,1562.0,,
222,Chesterfield County,,Condo,400000,2022-05-02T14:35:44.122Z,910 W Clay St,Richmond,VA,23220,"910 W Clay St, Richmond, VA 23220",2022-05-02T14:35:44.122Z,Inactive,2022-08-10T16:15:39.326Z,101,2022-05-02T14:35:44.122Z,"910-W-Clay-St,-Richmond,-VA-23220",37.552348,-77.448199,6.0,3.0,2238.0,,
223,Chesterfield County,,Single Family,404950,2022-05-02T14:35:44.122Z,1507 Floyd Ave,Richmond,VA,23220,"1507 Floyd Ave, Richmond, VA 23220",2022-05-02T14:35:44.122Z,Inactive,2022-08-10T16:15:39.326Z,101,2022-05-02T14:35:44.122Z,"1507-Floyd-Ave,-Richmond,-VA-23220",37.548035,-77.459467,2.0,2.5,1535.0,,
224,Chesterfield County,,Condo,400000,2022-05-02T14:35:44.119Z,723 Holly St,Richmond,VA,23220,"723 Holly St, Richmond, VA 23220",2022-05-02T14:35:44.119Z,Inactive,2022-08-10T16:15:39.326Z,101,2022-05-02T14:35:44.119Z,"723-Holly-St,-Richmond,-VA-23220",37.536308,-77.451441,3.0,3.5,1580.0,,
225,Chesterfield County,,Single Family,400000,2022-05-02T14:35:44.118Z,4 N Harrison St,Richmond,VA,23220,"4 N Harrison St, Richmond, VA 23220",2022-05-02T14:35:44.118Z,Inactive,2022-08-10T16:15:39.326Z,101,2022-05-02T14:35:44.118Z,"4-N-Harrison-St,-Richmond,-VA-23220",37.54612,-77.455453,3.0,2.0,1464.0,,
226,Chesterfield County,,Single Family,399950,2022-05-02T14:35:44.110Z,1201 Idlewood Ave,Richmond,VA,23220,"1201 Idlewood Ave, Richmond, VA 23220",2022-05-02T14:35:44.110Z,Inactive,2022-08-10T16:15:39.326Z,101,2022-05-02T14:35:44.110Z,"1201-Idlewood-Ave,-Richmond,-VA-23220",37.541955,-77.457768,3.0,2.5,1792.0,,
227,Chesterfield County,,Condo,399000,2022-05-02T14:35:44.094Z,1611 W Cary St,Richmond,VA,23220,"1611 W Cary St, Richmond, VA 23220",2022-05-02T14:35:44.094Z,Inactive,2022-08-10T16:15:39.326Z,101,2022-05-02T14:35:44.094Z,"1611-W-Cary-St,-Richmond,-VA-23220",37.546109,-77.461744,4.0,2.0,1384.0,,
228,Chesterfield County,,Condo,390000,2022-05-02T14:20:06.395Z,37 S Davis Ave,Richmond,VA,23220,"37 S Davis Ave, Richmond, VA 23220",2022-05-02T14:20:06.395Z,Inactive,2022-08-10T16:15:39.326Z,101,2022-05-02T14:20:06.395Z,"37-S-Davis-Ave,-Richmond,-VA-23220",37.550417,-77.47237,3.0,1.5,1260.0,,
229,Chesterfield County,,Condo,389950,2022-05-02T14:20:06.392Z,1217 Catherine St,Richmond,VA,23220,"1217 Catherine St, Richmond, VA 23220",2022-05-02T14:20:06.392Z,Inactive,2022-08-10T16:15:39.326Z,101,2022-05-02T14:20:06.392Z,"1217-Catherine-St,-Richmond,-VA-23220",37.554411,-77.450991,3.0,2.5,1842.0,,
230,Chesterfield County,,Single Family,375000,2022-05-02T14:20:03.982Z,1006 W Clay St,Richmond,VA,23220,"1006 W Clay St, Richmond, VA 23220",2022-05-02T14:20:03.982Z,Inactive,2022-08-10T16:15:39.326Z,101,2022-05-02T14:20:03.982Z,"1006-W-Clay-St,-Richmond,-VA-23220",37.552792,-77.44894,3.0,2.5,1648.0,,
231,Chesterfield County,,Condo,369950,2022-05-02T14:20:03.962Z,2022 W Moore St,Richmond,VA,23220,"2022 W Moore St, Richmond, VA 23220",2022-05-02T14:20:03.962Z,Inactive,2022-08-10T16:15:39.326Z,101,2022-05-02T14:20:03.962Z,"2022-W-Moore-St,-Richmond,-VA-23220",37.560347,-77.45717,3.0,2.5,1782.0,,
232,Chesterfield County,,Condo,350000,2022-05-02T14:18:20.313Z,612 W Franklin St,Richmond,VA,23220,"612 W Franklin St, Unit 4D, Richmond, VA 23220",2022-05-02T14:18:20.313Z,Inactive,2022-08-10T16:15:39.326Z,101,2022-05-02T14:18:20.313Z,"612-W-Franklin-St,-Unit-4D,-Richmond,-VA-23220",37.54768,-77.44937,2.0,1.0,1477.0,,Unit 4D
233,Chesterfield County,,Single Family,339900,2022-05-02T14:15:57.201Z,2503 Brook Rd,Richmond,VA,23220,"2503 Brook Rd, Richmond, VA 23220",2022-05-02T14:15:57.201Z,Inactive,2022-08-10T16:15:39.326Z,101,2022-05-02T14:15:57.201Z,"2503-Brook-Rd,-Richmond,-VA-23220",37.565759,-77.448222,3.0,2.5,2539.0,,
234,Chesterfield County,,Single Family,330000,2022-05-02T14:14:11.386Z,2508 Brook Rd,Richmond,VA,23220,"2508 Brook Rd, Richmond, VA 23220",2022-05-02T14:14:11.386Z,Inactive,2022-08-10T16:15:39.326Z,101,2022-05-02T14:14:11.386Z,"2508-Brook-Rd,-Richmond,-VA-23220",37.566104,-77.449148,2.0,1.5,1500.0,,
235,Prince George County,,Condo,400000,2022-03-01T12:29:38.757Z,513 S Pine St,Richmond,VA,23220,"513 S Pine St, Richmond, VA 23220",2022-03-01T12:29:38.757Z,Inactive,2022-08-09T20:47:40.387Z,162,2022-03-01T12:29:38.757Z,"513-S-Pine-St,-Richmond,-VA-23220",37.53854,-77.45027,3.0,2.0,1910.0,,
236,Prince George County,,Single Family,140000,2021-07-12T10:30:43.769Z,1600 Colorado Ave,Richmond,VA,23220,"1600 Colorado Ave, Richmond, VA 23220",2021-07-12T10:30:43.769Z,Inactive,2022-08-06T20:53:02.426Z,391,2021-07-12T10:30:43.769Z,"1600-Colorado-Ave,-Richmond,-VA-23220",37.537549,-77.466235,2.0,1.0,728.0,,
237,Prince George County,,Single Family,128000,2021-07-12T10:30:43.722Z,1404 Georgia Ave,Richmond,VA,23220,"1404 Georgia Ave, Richmond, VA 23220",2021-07-12T10:30:43.722Z,Inactive,2022-08-06T20:53:02.426Z,391,2021-07-12T10:30:43.722Z,"1404-Georgia-Ave,-Richmond,-VA-23220",37.536959,-77.471731,2.0,1.0,736.0,,
238,Prince George County,,Land,99900,2021-07-12T09:43:49.936Z,613 China St,Richmond,VA,23220,"613 China St, Richmond, VA 23220",2021-07-12T09:43:49.936Z,Inactive,2022-08-06T20:55:16.747Z,391,2021-07-12T09:43:49.936Z,"613-China-St,-Richmond,-VA-23220",37.537646,-77.449865,0.0,,,,
239,Prince George County,,Land,99900,2021-07-12T09:43:49.936Z,615 China St,Richmond,VA,23220,"615 China St, Richmond, VA 23220",2021-07-12T09:43:49.936Z,Inactive,2022-08-06T20:55:16.747Z,391,2021-07-12T09:43:49.936Z,"615-China-St,-Richmond,-VA-23220",37.537646,-77.44993,0.0,,,,
