,county,bedrooms,bathrooms,squareFootage,yearBuilt,lotSize,propertyType,price,listedDate,addressLine1,city,state,zipCode,formattedAddress,lastSeen,status,removedDate,daysOnMarket,createdDate,id,latitude,longitude,addressLine2
0,Richmond,5,4.5,3445,2022.0,5401.0,Single Family,899900,2022-06-01T15:34:48.000Z,4106 Patterson Ave,Richmond,VA,23221,"4106 Patterson Ave, Richmond, VA 23221",2022-11-17T10:41:41.277Z,Active,,169,2022-08-07T11:02:23.794Z,"4106-Patterson-Ave,-Richmond,-VA-23221",37.566493,-77.489947,
1,Richmond,4,1.5,2142,1931.0,3550.0,Single Family,549950,2022-07-25T12:55:26.000Z,3129 Park Ave,Richmond,VA,23221,"3129 Park Ave, Richmond, VA 23221",2022-11-17T10:41:41.258Z,Active,,115,2022-08-07T09:08:33.160Z,"3129-Park-Ave,-Richmond,-VA-23221",37.561496,-77.476797,
2,Richmond,4,2.5,2170,1952.0,8002.0,Single Family,649777,2022-07-21T23:29:01.000Z,4106 Grove Ave,Richmond,VA,23221,"4106 Grove Ave, Richmond, VA 23221",2022-11-17T10:41:41.258Z,Active,,119,2022-08-07T09:08:33.165Z,"4106-Grove-Ave,-Richmond,-VA-23221",37.562658,-77.492892,
3,Richmond,2,2.5,1400,1923.0,1581.0,Single Family,514950,2022-08-11T12:10:23.000Z,3031 Ellwood Ave,Richmond,VA,23221,"3031 Ellwood Ave, Richmond, VA 23221",2022-11-17T10:41:35.225Z,Active,,98,2022-08-12T09:30:48.879Z,"3031-Ellwood-Ave,-Richmond,-VA-23221",37.553797,-77.479347,
4,Richmond,3,2.0,1309,1929.0,2178.0,Single Family,465000,2022-08-14T00:46:29.000Z,3502 Hanover Ave,Richmond,VA,23221,"3502 Hanover Ave, Richmond, VA 23221",2022-11-17T10:41:35.224Z,Active,,96,2022-08-14T08:15:38.436Z,"3502-Hanover-Ave,-Richmond,-VA-23221",37.560011,-77.484101,
5,Richmond,3,3.0,1340,1921.0,2727.0,Single Family,433000,2022-09-01T20:10:25.000Z,3112 Ellwood Ave,Richmond,VA,23221,"3112 Ellwood Ave, Richmond, VA 23221",2022-11-17T10:41:35.214Z,Active,,77,2022-09-02T08:42:54.824Z,"3112-Ellwood-Ave,-Richmond,-VA-23221",37.554504,-77.479928,
6,Richmond,3,1.0,1172,1955.0,5005.0,Single Family,375000,2022-10-27T04:32:01.000Z,3914 Floyd Ave,Richmond,VA,23221,"3914 Floyd Ave, Richmond, VA 23221",2022-11-17T10:32:43.807Z,Active,,22,2022-10-27T09:22:10.098Z,"3914-Floyd-Ave,-Richmond,-VA-23221",37.560205,-77.492008,
7,Richmond,3,2.5,1775,1982.0,3437.0,Single Family,469000,2022-11-01T04:31:49.000Z,3408B W Franklin St,Richmond,VA,23221,"3408B W Franklin St, Richmond, VA 23221",2022-11-17T10:32:43.794Z,Active,,17,2022-11-01T10:34:03.583Z,"3408B-W-Franklin-St,-Richmond,-VA-23221",37.564277,-77.480755,
8,Richmond,2,1.5,1174,1918.0,1620.0,Single Family,415000,2022-11-03T04:33:02.000Z,1025 Tilden St,Richmond,VA,23221,"1025 Tilden St, Richmond, VA 23221",2022-11-17T10:32:43.790Z,Active,,15,2022-11-03T08:03:46.545Z,"1025-Tilden-St,-Richmond,-VA-23221",37.565633,-77.476088,
9,Richmond,3,2.0,1775,1941.0,6874.0,Single Family,419950,2022-11-11T20:13:33.000Z,3407 Maplewood Ave,Richmond,VA,23221,"3407 Maplewood Ave, Richmond, VA 23221",2022-11-17T09:30:50.282Z,Active,,6,2022-11-12T08:07:54.069Z,"3407-Maplewood-Ave,-Richmond,-VA-23221",37.5511,-77.488463,
10,Richmond,3,2.0,1944,1949.0,10298.0,Single Family,595000,2022-09-16T18:38:38.000Z,5 Commonwealth Ave,Richmond,VA,23221,"5 Commonwealth Ave, Richmond, VA 23221",2022-11-15T12:06:35.092Z,Active,,60,2022-09-17T09:03:57.921Z,"5-Commonwealth-Ave,-Richmond,-VA-23221",37.561956,-77.499511,
11,Richmond,2,1.5,884,1928.0,3001.0,Single Family,325000,2022-11-09T23:58:34.000Z,3330 Parkwood Ave,Richmond,VA,23221,"3330 Parkwood Ave, Richmond, VA 23221",2022-11-14T09:00:40.046Z,Active,,5,2022-11-10T10:59:36.828Z,"3330-Parkwood-Ave,-Richmond,-VA-23221",37.553822,-77.484468,
12,Richmond,3,2.0,2767,1922.0,3250.0,Single Family,550000,2022-11-09T15:58:27.000Z,3219 W Grace St,Richmond,VA,23221,"3219 W Grace St, Richmond, VA 23221",2022-11-13T09:58:49.587Z,Active,,4,2022-11-10T10:59:36.831Z,"3219-W-Grace-St,-Richmond,-VA-23221",37.56461,-77.476463,
13,Richmond,3,2.5,2000,1919.0,7584.0,Condo,535000,2022-09-11T15:22:34.000Z,2805 Monument Ave,Richmond,VA,23221,"2805 Monument Ave, Unit U1, Richmond, VA 23221",2022-11-11T13:12:32.554Z,Active,,61,2022-08-07T11:02:23.803Z,"2805-Monument-Ave,-Unit-U1,-Richmond,-VA-23221",37.56067,-77.4722,Unit U1
14,Richmond,4,4.0,2926,1925.0,2535.0,Duplex-Triplex,925000,2022-10-10T21:19:59.000Z,3025 Park Ave,Richmond,VA,23221,"3025 Park Ave, Richmond, VA 23221",2022-11-11T13:12:28.252Z,Active,,32,2022-10-11T09:31:20.145Z,"3025-Park-Ave,-Richmond,-VA-23221",37.561063,-77.474975,
15,Richmond,3,1.0,1915,1933.0,5950.0,Single Family,595000,2022-10-14T14:26:00.000Z,4208 Stuart Ave,Richmond,VA,23221,"4208 Stuart Ave, Richmond, VA 23221",2022-11-07T12:23:22.076Z,Inactive,2022-11-14T14:53:47.094Z,32,2022-10-15T09:29:50.251Z,"4208-Stuart-Ave,-Richmond,-VA-23221",37.56542,-77.492978,
16,Richmond,3,2.0,1530,1916.0,2496.0,Single Family,525000,2022-11-03T15:02:40.000Z,522 N Sheppard St,Richmond,VA,23221,"522 N Sheppard St, Richmond, VA 23221",2022-11-06T09:49:37.299Z,Inactive,2022-11-13T15:48:20.150Z,11,2022-11-04T09:14:35.869Z,"522-N-Sheppard-St,-Richmond,-VA-23221",37.560168,-77.474804,
17,Richmond,5,5.5,5903,1960.0,19454.0,Single Family,2495000,2022-10-28T04:32:27.000Z,109 Nottingham Rd,Richmond,VA,23221,"109 Nottingham Rd, Richmond, VA 23221",2022-11-04T09:14:35.926Z,Inactive,2022-11-11T14:54:44.502Z,15,2022-10-28T09:32:05.852Z,"109-Nottingham-Rd,-Richmond,-VA-23221",37.559754,-77.504122,
18,Richmond,4,3.5,2932,1940.0,6499.0,Single Family,799000,2022-10-26T04:32:14.000Z,4512 Park Ave,Richmond,VA,23221,"4512 Park Ave, Richmond, VA 23221",2022-10-30T09:20:33.290Z,Inactive,2022-11-06T14:53:11.921Z,12,2022-10-26T10:31:30.241Z,"4512-Park-Ave,-Richmond,-VA-23221",37.57022,-77.494849,
19,Richmond,4,2.0,1710,1917.0,2182.0,Single Family,379900,2022-06-10T20:47:07.000Z,2825 W Grace St,Richmond,VA,23221,"2825 W Grace St, Richmond, VA 23221",2022-10-24T11:54:24.538Z,Inactive,2022-10-31T14:57:54.897Z,143,2022-08-07T11:02:23.781Z,"2825-W-Grace-St,-Richmond,-VA-23221",37.562167,-77.472212,
20,Richmond,4,2.5,2128,1926.0,2705.0,Single Family,599900,2022-10-19T12:38:52.000Z,2927 Parkwood Ave,Richmond,VA,23221,"2927 Parkwood Ave, Richmond, VA 23221",2022-10-24T09:39:45.854Z,Inactive,2022-10-31T14:56:20.840Z,13,2022-10-20T08:16:30.742Z,"2927-Parkwood-Ave,-Richmond,-VA-23221",37.551451,-77.479275,
21,Richmond,4,3.0,3136,1941.0,8503.0,Single Family,839000,2022-10-17T04:31:33.000Z,4003 Kensington Ave,Richmond,VA,23221,"4003 Kensington Ave, Richmond, VA 23221",2022-10-23T09:23:46.816Z,Inactive,2022-10-30T14:57:08.905Z,14,2022-10-17T11:15:58.920Z,"4003-Kensington-Ave,-Richmond,-VA-23221",37.564369,-77.489515,
22,Richmond,4,3.0,2072,1924.0,3624.0,Single Family,850000,2022-10-20T10:50:27.000Z,3319 W Franklin St,Richmond,VA,23221,"3319 W Franklin St, Richmond, VA 23221",2022-10-21T08:08:17.464Z,Inactive,2022-10-28T14:58:07.155Z,9,2022-10-21T08:08:17.464Z,"3319-W-Franklin-St,-Richmond,-VA-23221",37.563095,-77.479363,
23,Richmond,1,1.0,829,1926.0,832.0,Condo,219000,2022-08-25T15:33:39.000Z,601 Roseneath Rd,Richmond,VA,23221,"601 Roseneath Rd, Unit U13, Richmond, VA 23221",2022-10-18T12:08:25.717Z,Inactive,2022-10-25T14:57:08.694Z,61,2022-08-26T08:54:32.427Z,"601-Roseneath-Rd,-Unit-U13,-Richmond,-VA-23221",37.561751,-77.480514,Unit U13
24,Richmond,3,1.5,1592,1923.0,2831.0,Single Family,549900,2022-10-12T15:02:56.000Z,3326 Park Ave,Richmond,VA,23221,"3326 Park Ave, Richmond, VA 23221",2022-10-18T09:18:26.514Z,Inactive,2022-10-25T14:55:39.766Z,13,2022-10-13T09:40:30.849Z,"3326-Park-Ave,-Richmond,-VA-23221",37.562753,-77.479849,
25,Richmond,2,2.0,1594,1900.0,3250.0,Duplex-Triplex,360000,2022-10-14T23:49:27.000Z,4512 Leonard Pkwy,Richmond,VA,23221,"4512 Leonard Pkwy, Richmond, VA 23221",2022-10-18T09:18:26.497Z,Inactive,2022-10-25T14:55:39.766Z,11,2022-10-15T09:29:50.246Z,"4512-Leonard-Pkwy,-Richmond,-VA-23221",37.568639,-77.496172,
26,Richmond,4,2.5,2061,1927.0,3663.0,Single Family,825000,2022-08-20T04:33:28.000Z,3330 W Franklin St,Richmond,VA,23221,"3330 W Franklin St, Richmond, VA 23221",2022-10-17T12:55:00.411Z,Inactive,2022-10-24T14:58:29.637Z,66,2022-08-20T09:14:31.549Z,"3330-W-Franklin-St,-Richmond,-VA-23221",37.563788,-77.479769,
27,Richmond,2,1.5,828,1962.0,370055.0,Condo,265000,2022-10-08T19:19:44.000Z,705 N Hamilton St,Richmond,VA,23221,"705 N Hamilton St, Unit Uj, Richmond, VA 23221",2022-10-12T08:02:38.237Z,Inactive,2022-10-19T14:54:44.336Z,11,2022-10-09T09:05:42.301Z,"705-N-Hamilton-St,-Unit-Uj,-Richmond,-VA-23221",37.562241,-77.48726,Unit Uj
28,Richmond,3,1.5,1433,1977.0,3498.0,Single Family,475000,2022-09-14T00:25:45.000Z,3316 Park Ave,Richmond,VA,23221,"3316 Park Ave, Richmond, VA 23221",2022-10-07T11:19:00.468Z,Inactive,2022-10-14T14:55:40.263Z,31,2022-09-14T09:15:32.034Z,"3316-Park-Ave,-Richmond,-VA-23221",37.562676,-77.479509,
29,Richmond,3,1.0,1456,1923.0,1830.0,Single Family,469000,2022-10-03T18:32:44.000Z,3221 Hanover Ave,Richmond,VA,23221,"3221 Hanover Ave, Richmond, VA 23221",2022-10-07T11:00:30.704Z,Inactive,2022-10-14T14:55:40.263Z,11,2022-10-04T09:16:08.502Z,"3221-Hanover-Ave,-Richmond,-VA-23221",37.558037,-77.480121,
30,Richmond,4,3.5,2518,1933.0,6939.0,Single Family,799000,2022-09-28T18:28:39.000Z,4515 Patterson Ave,Richmond,VA,23221,"4515 Patterson Ave, Richmond, VA 23221",2022-10-03T08:00:16.594Z,Inactive,2022-10-10T14:52:35.800Z,12,2022-09-29T08:04:27.621Z,"4515-Patterson-Ave,-Richmond,-VA-23221",37.568909,-77.495722,
31,Richmond,2,1.0,1100,1960.0,1102.0,Condo,265000,2022-07-31T11:58:48.000Z,4520 Grove Ave,Richmond,VA,23221,"4520 Grove Ave, Unit U8, Richmond, VA 23221",2022-09-29T11:34:56.609Z,Inactive,2022-10-06T14:52:11.235Z,68,2022-08-07T09:08:33.141Z,"4520-Grove-Ave,-Unit-U8,-Richmond,-VA-23221",37.565471,-77.498887,Unit U8
32,Richmond,1,1.0,848,1958.0,3624.0,Single Family,315000,2022-09-27T12:55:30.000Z,3229 W Franklin St,Richmond,VA,23221,"3229 W Franklin St, Richmond, VA 23221",2022-09-29T08:04:27.629Z,Inactive,2022-10-06T14:52:11.235Z,10,2022-09-28T09:44:51.078Z,"3229-W-Franklin-St,-Richmond,-VA-23221",37.562814,-77.478116,
33,Richmond,3,1.0,1581,1926.0,1764.0,Single Family,410000,2022-09-16T13:49:38.000Z,3005 W Grace St,Richmond,VA,23221,"3005 W Grace St, Richmond, VA 23221",2022-09-24T11:55:27.065Z,Inactive,2022-10-01T14:54:19.053Z,16,2022-09-17T09:03:57.924Z,"3005-W-Grace-St,-Richmond,-VA-23221",37.563113,-77.473853,
34,Richmond,3,2.5,2000,1919.0,7771.0,Condo,570000,2022-09-06T12:13:41.000Z,2805 Monument Ave,Richmond,VA,23221,"2805 Monument Ave, Unit U5, Richmond, VA 23221",2022-09-22T09:02:59.600Z,Inactive,2022-09-29T14:54:55.307Z,24,2022-09-07T11:37:08.297Z,"2805-Monument-Ave,-Unit-U5,-Richmond,-VA-23221",37.56067,-77.4722,Unit U5
35,Richmond,3,3.5,1720,1919.0,2448.0,Single Family,724900,2022-09-10T19:02:56.000Z,3206 Kensington Ave,Richmond,VA,23221,"3206 Kensington Ave, Richmond, VA 23221",2022-09-16T08:16:04.668Z,Inactive,2022-09-23T14:55:51.288Z,13,2022-09-11T08:49:48.216Z,"3206-Kensington-Ave,-Richmond,-VA-23221",37.560485,-77.477968,
36,Richmond,3,2.5,1962,1929.0,4813.0,Single Family,749950,2022-09-07T13:07:52.000Z,4111 Wythe Ave,Richmond,VA,23221,"4111 Wythe Ave, Richmond, VA 23221",2022-09-15T10:36:44.210Z,Inactive,2022-09-22T14:53:52.003Z,16,2022-09-08T09:44:56.925Z,"4111-Wythe-Ave,-Richmond,-VA-23221",37.569132,-77.488334,
37,Richmond,3,1.5,1844,1929.0,8499.0,Single Family,525000,2022-09-06T12:22:33.000Z,4318 Stuart Ave,Richmond,VA,23221,"4318 Stuart Ave, Richmond, VA 23221",2022-09-13T08:03:06.294Z,Inactive,2022-09-20T14:53:00.007Z,15,2022-09-07T11:37:08.297Z,"4318-Stuart-Ave,-Richmond,-VA-23221",37.566222,-77.494682,
38,Richmond,4,3.5,4084,1948.0,19998.0,Single Family,1500000,2022-09-06T16:32:59.000Z,102 Windsor Way,Richmond,VA,23221,"102 Windsor Way, Richmond, VA 23221",2022-09-12T08:19:39.999Z,Inactive,2022-09-19T14:54:29.738Z,13,2022-09-07T11:37:08.296Z,"102-Windsor-Way,-Richmond,-VA-23221",37.558816,-77.499161,
39,Richmond,3,1.5,1200,1942.0,6752.0,Single Family,360000,2022-09-07T02:28:43.000Z,611 Rothesay Rd,Richmond,VA,23221,"611 Rothesay Rd, Richmond, VA 23221",2022-09-12T08:19:39.994Z,Inactive,2022-09-19T14:54:29.738Z,13,2022-09-07T11:37:08.291Z,"611-Rothesay-Rd,-Richmond,-VA-23221",37.551034,-77.490075,
40,Richmond,3,2.0,1748,1911.0,2095.0,Duplex-Triplex,499000,2022-09-07T19:38:53.000Z,2918 Ellwood Ave,Richmond,VA,23221,"2918 Ellwood Ave, Richmond, VA 23221",2022-09-12T08:19:39.988Z,Inactive,2022-09-19T14:54:29.738Z,12,2022-09-08T09:44:56.918Z,"2918-Ellwood-Ave,-Richmond,-VA-23221",37.553686,-77.477705,
41,Richmond,1,1.0,845,1926.0,845.0,Condo,309000,2022-09-08T00:49:44.000Z,615 Roseneath Rd,Richmond,VA,23221,"615 Roseneath Rd, Unit U12, Richmond, VA 23221",2022-09-12T08:19:39.984Z,Inactive,2022-09-19T14:54:29.738Z,12,2022-09-08T09:44:56.915Z,"615-Roseneath-Rd,-Unit-U12,-Richmond,-VA-23221",37.562286,-77.480318,Unit U12
42,Richmond,2,2.0,1360,1933.0,1869.0,Single Family,579000,2022-07-25T18:38:03.000Z,107 N Nansemond St,Richmond,VA,23221,"107 N Nansemond St, Richmond, VA 23221",2022-09-07T11:41:07.310Z,Inactive,2022-09-14T14:51:58.596Z,51,2022-08-07T09:08:33.160Z,"107-N-Nansemond-St,-Richmond,-VA-23221",37.55804,-77.484725,
43,Richmond,4,3.0,3413,1924.0,8002.0,Single Family,739000,2022-05-11T11:55:23.000Z,814 Blanton Ave,Richmond,VA,23221,"814 Blanton Ave, Richmond, VA 23221",2022-09-04T11:17:14.925Z,Inactive,2022-09-11T14:53:45.198Z,124,2022-08-07T11:02:23.807Z,"814-Blanton-Ave,-Richmond,-VA-23221",37.545226,-77.481699,
44,Richmond,4,3.5,2837,1950.0,12005.0,Single Family,799950,2022-08-25T04:32:51.000Z,3914 Grove Ave,Richmond,VA,23221,"3914 Grove Ave, Richmond, VA 23221",2022-09-03T09:24:55.314Z,Inactive,2022-09-10T14:54:09.506Z,17,2022-08-25T08:38:49.719Z,"3914-Grove-Ave,-Richmond,-VA-23221",37.561513,-77.490489,
45,Richmond,3,1.5,1341,1945.0,9065.0,Single Family,489777,2022-08-31T00:04:49.000Z,4211 Patterson Ave,Richmond,VA,23221,"4211 Patterson Ave, Richmond, VA 23221",2022-09-02T08:42:54.836Z,Inactive,2022-09-09T14:50:53.995Z,10,2022-08-31T10:12:33.615Z,"4211-Patterson-Ave,-Richmond,-VA-23221",37.566995,-77.492116,
46,Richmond,3,3.5,3361,1955.0,23880.0,Single Family,799900,2022-07-06T22:32:36.000Z,1201 Rothesay Cir,Richmond,VA,23221,"1201 Rothesay Cir, Richmond, VA 23221",2022-09-01T10:25:50.745Z,Inactive,2022-09-08T14:52:37.419Z,64,2022-08-07T10:49:25.000Z,"1201-Rothesay-Cir,-Richmond,-VA-23221",37.544549,-77.493168,
47,Richmond,4,2.5,2098,1941.0,9749.0,Single Family,650000,2022-08-29T13:33:13.000Z,4413 Bromley Ln,Richmond,VA,23221,"4413 Bromley Ln, Richmond, VA 23221",2022-09-01T09:23:31.299Z,Inactive,2022-09-08T14:52:37.419Z,11,2022-08-30T09:35:33.843Z,"4413-Bromley-Ln,-Richmond,-VA-23221",37.570613,-77.492545,
48,Richmond,4,3.5,2746,2022.0,7057.0,Single Family,949950,2022-03-15T01:22:25.000Z,4517 Patterson Ave,Richmond,VA,23221,"4517 Patterson Ave, Richmond, VA 23221",2022-08-30T10:00:49.625Z,Inactive,2022-09-06T14:49:14.194Z,176,2022-05-02T15:34:41.961Z,"4517-Patterson-Ave,-Richmond,-VA-23221",37.568983,-77.495869,
49,Richmond,4,4.0,2754,1940.0,5606.0,Single Family,769000,2022-08-03T14:52:28.000Z,3909 Park Ave,Richmond,VA,23221,"3909 Park Ave, Richmond, VA 23221",2022-08-30T09:51:04.832Z,Inactive,2022-09-06T14:49:14.194Z,34,2022-08-07T08:28:24.390Z,"3909-Park-Ave,-Richmond,-VA-23221",37.565307,-77.48636,
50,Richmond,3,2.0,2804,1914.0,5432.0,Townhouse,849900,2022-08-23T11:49:32.000Z,3115 Grove Ave,Richmond,VA,23221,"3115 Grove Ave, Richmond, VA 23221",2022-08-30T09:35:33.867Z,Inactive,2022-09-06T14:49:14.194Z,15,2022-05-02T15:34:41.961Z,"3115-Grove-Ave,-Richmond,-VA-23221",37.556272,-77.479154,
51,Richmond,3,2.5,2485,1924.0,3184.0,Townhouse,739000,2022-08-25T01:04:48.000Z,3319 Kensington Ave,Richmond,VA,23221,"3319 Kensington Ave, Richmond, VA 23221",2022-08-29T10:25:26.912Z,Inactive,2022-09-05T14:51:45.577Z,12,2022-08-25T08:38:49.721Z,"3319-Kensington-Ave,-Richmond,-VA-23221",37.56076,-77.480249,
52,Richmond,3,2.0,1950,1945.0,7950.0,Single Family,629900,2022-08-09T04:32:55.000Z,3806 Kensington Ave,Richmond,VA,23221,"3806 Kensington Ave, Richmond, VA 23221",2022-08-27T12:01:53.712Z,Inactive,2022-09-03T15:32:12.128Z,26,2022-08-09T09:12:12.226Z,"3806-Kensington-Ave,-Richmond,-VA-23221",37.563899,-77.487027,
53,Richmond,2,1.0,829,1926.0,832.0,Condo,260000,2022-08-13T01:17:45.000Z,601 Roseneath Rd,Richmond,VA,23221,"601 Roseneath Rd, Unit U10, Richmond, VA 23221",2022-08-22T09:42:03.469Z,Inactive,2022-08-29T14:51:30.396Z,17,2022-08-13T12:48:06.238Z,"601-Roseneath-Rd,-Unit-U10,-Richmond,-VA-23221",37.561751,-77.480514,Unit U10
54,Richmond,3,2.0,1920,1954.0,8904.0,Single Family,499950,2022-08-16T18:58:30.000Z,4002 Patterson Ave,Richmond,VA,23221,"4002 Patterson Ave, Richmond, VA 23221",2022-08-22T09:42:03.459Z,Inactive,2022-08-29T14:51:30.396Z,13,2022-08-18T08:28:22.462Z,"4002-Patterson-Ave,-Richmond,-VA-23221",37.565831,-77.488347,
55,Richmond,2,1.0,955,1926.0,958.0,Condo,300000,2022-08-18T17:13:30.000Z,619 Roseneath Rd,Richmond,VA,23221,"619 Roseneath Rd, Unit U26, Richmond, VA 23221",2022-08-22T09:42:03.446Z,Inactive,2022-08-29T14:51:30.396Z,11,2022-08-19T08:34:27.727Z,"619-Roseneath-Rd,-Unit-U26,-Richmond,-VA-23221",37.562286,-77.480318,Unit U26
56,Richmond,3,1.5,1236,1926.0,1028.0,Townhouse,435000,2022-07-07T11:46:32.000Z,3418 Grove Ave,Richmond,VA,23221,"3418 Grove Ave, Richmond, VA 23221",2022-08-20T10:40:43.110Z,Inactive,2022-08-27T14:53:40.026Z,52,2022-08-07T10:49:24.998Z,"3418-Grove-Ave,-Richmond,-VA-23221",37.558413,-77.483618,
57,Richmond,3,1.5,1458,1947.0,7863.0,Single Family,485000,2022-08-18T15:32:39.000Z,4313 Kensington Ave,Richmond,VA,23221,"4313 Kensington Ave, Richmond, VA 23221",2022-08-20T09:14:31.564Z,Inactive,2022-08-27T14:53:40.026Z,9,2022-08-19T08:34:27.729Z,"4313-Kensington-Ave,-Richmond,-VA-23221",37.566623,-77.494232,
58,Richmond,2,1.0,960,1972.0,6194.0,Condo,239900,2022-08-09T15:58:28.000Z,4414 Grove Ave,Richmond,VA,23221,"4414 Grove Ave, Unit U1, Richmond, VA 23221",2022-08-16T10:42:37.537Z,Inactive,2022-08-24T14:52:39.203Z,15,2022-08-10T09:57:01.169Z,"4414-Grove-Ave,-Unit-U1,-Richmond,-VA-23221",37.564752,-77.49737,Unit U1
59,Richmond,5,7.0,10007,1959.0,53579.0,Single Family,3500000,2022-07-01T14:52:23.000Z,4300 Sulgrave Rd,Richmond,VA,23221,"4300 Sulgrave Rd, Richmond, VA 23221",2022-08-14T09:19:05.374Z,Inactive,2022-08-21T14:54:29.051Z,52,2022-05-02T15:42:29.068Z,"4300-Sulgrave-Rd,-Richmond,-VA-23221",37.554155,-77.502591,
60,Richmond,6,4.0,3240,1924.0,2788.0,Duplex-Triplex,675000,2022-08-05T12:23:01.000Z,1010 N Belmont Ave,Richmond,VA,23221,"1010 N Belmont Ave, Richmond, VA 23221",2022-08-12T09:30:48.910Z,Inactive,2022-08-19T14:53:04.484Z,15,2022-08-07T08:28:24.367Z,"1010-N-Belmont-Ave,-Richmond,-VA-23221",37.564248,-77.473921,
61,Richmond,3,2.5,1775,1982.0,3415.0,Townhouse,520000,2022-08-02T04:32:47.000Z,3408A W Franklin St,Richmond,VA,23221,"3408A W Franklin St, Richmond, VA 23221",2022-08-10T09:57:01.201Z,Inactive,2022-08-17T14:51:07.186Z,16,2022-08-07T08:28:24.402Z,"3408A-W-Franklin-St,-Richmond,-VA-23221",37.56423,-77.480666,
62,Richmond,3,1.5,1432,1984.0,3550.0,Townhouse,410000,2022-08-01T04:33:47.000Z,3225 Park Ave,Richmond,VA,23221,"3225 Park Ave, Richmond, VA 23221",2022-08-09T09:12:12.266Z,Inactive,2022-08-16T14:51:14.279Z,16,2022-08-07T09:08:33.138Z,"3225-Park-Ave,-Richmond,-VA-23221",37.561828,-77.478298,
63,Richmond,1,1.0,500,1924.0,531.0,Condo,169000,2022-08-03T21:55:25.000Z,3020 Patterson Ave,Richmond,VA,23221,"3020 Patterson Ave, Unit U2, Richmond, VA 23221",2022-08-08T08:25:08.752Z,Inactive,2022-08-15T14:52:25.276Z,12,2022-08-07T08:28:24.387Z,"3020-Patterson-Ave,-Unit-U2,-Richmond,-VA-23221",37.560931,-77.475445,Unit U2
64,Chesterfield County,5,6.5,9352,,,Single Family,2995000,2022-05-02T15:42:29.070Z,332 Clovelly Rd,Richmond,VA,23221,"332 Clovelly Rd, Richmond, VA 23221",2022-05-02T15:42:29.070Z,Inactive,2022-08-10T16:17:08.526Z,101,2022-05-02T15:42:29.070Z,"332-Clovelly-Rd,-Richmond,-VA-23221",37.547255,-77.49907,
65,Chesterfield County,5,,8739,,,Single Family,2875000,2022-05-02T15:42:29.064Z,314 St Davids Ln,Richmond,VA,23221,"314 St Davids Ln, Richmond, VA 23221",2022-05-02T15:42:29.064Z,Inactive,2022-08-10T16:17:08.526Z,101,2022-05-02T15:42:29.064Z,"314-St-Davids-Ln,-Richmond,-VA-23221",37.547714,-77.496184,
66,Chesterfield County,4,,3410,,,Single Family,1200000,2022-05-02T15:41:42.687Z,3311 W Franklin St,Richmond,VA,23221,"3311 W Franklin St, Richmond, VA 23221",2022-05-02T15:41:42.687Z,Inactive,2022-08-10T16:17:08.526Z,101,2022-05-02T15:41:42.687Z,"3311-W-Franklin-St,-Richmond,-VA-23221",37.56303,-77.479072,
67,Chesterfield County,4,4.5,3040,,,Single Family,1175000,2022-05-02T15:41:42.682Z,4225 Kingcrest Pkwy,Richmond,VA,23221,"4225 Kingcrest Pkwy, Richmond, VA 23221",2022-05-02T15:41:42.682Z,Inactive,2022-08-10T16:17:08.526Z,101,2022-05-02T15:41:42.682Z,"4225-Kingcrest-Pkwy,-Richmond,-VA-23221",37.562518,-77.497184,
68,Chesterfield County,5,3.5,3764,,,Single Family,1150000,2022-05-02T15:41:42.678Z,4525 Leonard Pkwy,Richmond,VA,23221,"4525 Leonard Pkwy, Richmond, VA 23221",2022-05-02T15:41:42.678Z,Inactive,2022-08-10T16:17:08.526Z,101,2022-05-02T15:41:42.678Z,"4525-Leonard-Pkwy,-Richmond,-VA-23221",37.568405,-77.497023,
69,Chesterfield County,4,4.0,4199,,,Single Family,1050000,2022-05-02T15:41:42.672Z,345 Clovelly Rd,Richmond,VA,23221,"345 Clovelly Rd, Richmond, VA 23221",2022-05-02T15:41:42.672Z,Inactive,2022-08-10T16:17:08.526Z,101,2022-05-02T15:41:42.672Z,"345-Clovelly-Rd,-Richmond,-VA-23221",37.545904,-77.49735,
70,Chesterfield County,4,3.5,2963,,,Single Family,949900,2022-05-02T15:34:41.962Z,2915 Monument Ave,Richmond,VA,23221,"2915 Monument Ave, Richmond, VA 23221",2022-05-02T15:34:41.962Z,Inactive,2022-08-10T16:17:08.526Z,101,2022-05-02T15:34:41.962Z,"2915-Monument-Ave,-Richmond,-VA-23221",37.561155,-77.473135,
71,Chesterfield County,4,3.5,3018,,,Condo,925000,2022-05-02T15:34:41.960Z,3207 Monument Ave,Richmond,VA,23221,"3207 Monument Ave, Richmond, VA 23221",2022-05-02T15:34:41.960Z,Inactive,2022-08-10T16:17:08.526Z,101,2022-05-02T15:34:41.960Z,"3207-Monument-Ave,-Richmond,-VA-23221",37.563608,-77.477115,
72,Chesterfield County,4,4.5,3856,,,Single Family,899000,2022-05-02T15:34:41.959Z,3803 Exeter Rd,Richmond,VA,23221,"3803 Exeter Rd, Richmond, VA 23221",2022-05-02T15:34:41.959Z,Inactive,2022-08-10T16:17:08.526Z,101,2022-05-02T15:34:41.959Z,"3803-Exeter-Rd,-Richmond,-VA-23221",37.556832,-77.491405,
73,Chesterfield County,4,4.5,3236,,,Single Family,895000,2022-05-02T15:34:41.958Z,4504 W Franklin St,Richmond,VA,23221,"4504 W Franklin St, Richmond, VA 23221",2022-05-02T15:34:41.958Z,Inactive,2022-08-10T16:17:08.526Z,101,2022-05-02T15:34:41.958Z,"4504-W-Franklin-St,-Richmond,-VA-23221",37.570815,-77.493878,
74,Chesterfield County,4,,2512,,,Single Family,839950,2022-05-02T15:34:41.948Z,4107 Park Ave,Richmond,VA,23221,"4107 Park Ave, Richmond, VA 23221",2022-05-02T15:34:41.948Z,Inactive,2022-08-10T16:17:08.526Z,101,2022-05-02T15:34:41.948Z,"4107-Park-Ave,-Richmond,-VA-23221",37.566949,-77.489601,
75,Chesterfield County,4,2.5,2540,,,Single Family,815000,2022-05-02T15:34:41.941Z,3302 Monument Ave,Richmond,VA,23221,"3302 Monument Ave, Richmond, VA 23221",2022-05-02T15:34:41.941Z,Inactive,2022-08-10T16:17:08.526Z,101,2022-05-02T15:34:41.941Z,"3302-Monument-Ave,-Richmond,-VA-23221",37.564737,-77.477555,
76,Chesterfield County,4,3.5,2905,,,Single Family,785000,2022-05-02T15:33:17.260Z,4512 W Franklin St,Richmond,VA,23221,"4512 W Franklin St, Richmond, VA 23221",2022-05-02T15:33:17.260Z,Inactive,2022-08-10T16:17:08.526Z,101,2022-05-02T15:33:17.260Z,"4512-W-Franklin-St,-Richmond,-VA-23221",37.571116,-77.494463,
77,Chesterfield County,4,2.5,2553,,,Single Family,775000,2022-05-02T15:33:17.258Z,4408 Stuart Ave,Richmond,VA,23221,"4408 Stuart Ave, Richmond, VA 23221",2022-05-02T15:33:17.258Z,Inactive,2022-08-10T16:17:08.526Z,101,2022-05-02T15:33:17.258Z,"4408-Stuart-Ave,-Richmond,-VA-23221",37.566376,-77.496074,
78,Chesterfield County,4,2.5,2772,,,Single Family,749999,2022-05-02T15:33:17.252Z,304 N Belmont Ave,Richmond,VA,23221,"304 N Belmont Ave, Richmond, VA 23221",2022-05-02T15:33:17.252Z,Inactive,2022-08-10T16:17:08.526Z,101,2022-05-02T15:33:17.252Z,"304-N-Belmont-Ave,-Richmond,-VA-23221",37.558118,-77.477893,
79,Chesterfield County,3,3.5,2537,,,Single Family,749000,2022-05-02T15:33:17.248Z,4000 Kensington Ave,Richmond,VA,23221,"4000 Kensington Ave, Richmond, VA 23221",2022-05-02T15:33:17.248Z,Inactive,2022-08-10T16:17:08.526Z,101,2022-05-02T15:33:17.248Z,"4000-Kensington-Ave,-Richmond,-VA-23221",37.564822,-77.488959,
80,Chesterfield County,3,3.5,2159,,,Single Family,729000,2022-05-02T15:33:17.242Z,3326 Kensington Ave,Richmond,VA,23221,"3326 Kensington Ave, Richmond, VA 23221",2022-05-02T15:33:17.242Z,Inactive,2022-08-10T16:17:08.526Z,101,2022-05-02T15:33:17.242Z,"3326-Kensington-Ave,-Richmond,-VA-23221",37.561329,-77.480329,
81,Chesterfield County,4,2.5,2488,,,Single Family,725000,2022-05-02T15:33:17.240Z,4106 Wythe Ave,Richmond,VA,23221,"4106 Wythe Ave, Richmond, VA 23221",2022-05-02T15:33:17.240Z,Inactive,2022-08-10T16:17:08.526Z,101,2022-05-02T15:33:17.240Z,"4106-Wythe-Ave,-Richmond,-VA-23221",37.569324,-77.487724,
82,Chesterfield County,5,3.0,2542,,,Condo,699000,2022-05-02T15:33:17.232Z,3111 W Grace St,Richmond,VA,23221,"3111 W Grace St, Richmond, VA 23221",2022-05-02T15:33:17.232Z,Inactive,2022-08-10T16:17:08.526Z,101,2022-05-02T15:33:17.232Z,"3111-W-Grace-St,-Richmond,-VA-23221",37.563663,-77.474868,
83,Chesterfield County,4,2.0,2835,,,Single Family,665000,2022-05-02T15:21:01.429Z,4202 W Franklin St,Richmond,VA,23221,"4202 W Franklin St, Richmond, VA 23221",2022-05-02T15:21:01.429Z,Inactive,2022-08-10T16:17:08.526Z,101,2022-05-02T15:21:01.429Z,"4202-W-Franklin-St,-Richmond,-VA-23221",37.568787,-77.489902,
84,Chesterfield County,4,2.0,2240,,,Apartment,635000,2022-05-02T15:21:01.414Z,4402 W Franklin St,Richmond,VA,23221,"4402 W Franklin St, Richmond, VA 23221",2022-05-02T15:21:01.414Z,Inactive,2022-08-10T16:17:08.526Z,101,2022-05-02T15:21:01.414Z,"4402-W-Franklin-St,-Richmond,-VA-23221",37.569989,-77.492263,
85,Chesterfield County,4,2.0,1884,,,Single Family,625000,2022-05-02T15:13:32.533Z,4401 Hanover Ave,Richmond,VA,23221,"4401 Hanover Ave, Richmond, VA 23221",2022-05-02T15:13:32.533Z,Inactive,2022-08-10T16:17:08.526Z,101,2022-05-02T15:13:32.533Z,"4401-Hanover-Ave,-Richmond,-VA-23221",37.56478,-77.496438,
86,Chesterfield County,4,3.5,2328,,,Single Family,619000,2022-05-02T15:13:32.527Z,3006 Garrett St,Richmond,VA,23221,"3006 Garrett St, Richmond, VA 23221",2022-05-02T15:13:32.527Z,Inactive,2022-08-10T16:17:08.526Z,101,2022-05-02T15:13:32.527Z,"3006-Garrett-St,-Richmond,-VA-23221",37.543836,-77.484194,
87,Chesterfield County,3,2.0,1780,,,Condo,600000,2022-05-02T15:13:32.521Z,3308 Floyd Ave,Richmond,VA,23221,"3308 Floyd Ave, Richmond, VA 23221",2022-05-02T15:13:32.521Z,Inactive,2022-08-10T16:17:08.526Z,101,2022-05-02T15:13:32.521Z,"3308-Floyd-Ave,-Richmond,-VA-23221",37.556899,-77.482816,
88,Chesterfield County,3,,1956,,,Single Family,599950,2022-05-02T15:13:32.517Z,3301 Stuart Ave,Richmond,VA,23221,"3301 Stuart Ave, Richmond, VA 23221",2022-05-02T15:13:32.517Z,Inactive,2022-08-10T16:17:08.526Z,101,2022-05-02T15:13:32.517Z,"3301-Stuart-Ave,-Richmond,-VA-23221",37.559385,-77.480155,
89,Chesterfield County,3,2.5,1985,,,Condo,590000,2022-05-02T15:13:32.512Z,3120 Grove Ave,Richmond,VA,23221,"3120 Grove Ave, Richmond, VA 23221",2022-05-02T15:13:32.512Z,Inactive,2022-08-10T16:17:08.526Z,101,2022-05-02T15:13:32.512Z,"3120-Grove-Ave,-Richmond,-VA-23221",37.556943,-77.478963,
90,Chesterfield County,4,2.0,2240,,,Apartment,586000,2022-05-02T15:13:32.510Z,3409 Monument Ave,Richmond,VA,23221,"3409 Monument Ave, Richmond, VA 23221",2022-05-02T15:13:32.510Z,Inactive,2022-08-10T16:17:08.526Z,101,2022-05-02T15:13:32.510Z,"3409-Monument-Ave,-Richmond,-VA-23221",37.565314,-77.480056,
91,Chesterfield County,3,2.5,2096,,,Single Family,580500,2022-05-02T15:04:08.295Z,3000 Douglasdale Rd,Richmond,VA,23221,"3000 Douglasdale Rd, Richmond, VA 23221",2022-05-02T15:04:08.295Z,Inactive,2022-08-10T16:15:39.326Z,101,2022-05-02T15:04:08.295Z,"3000-Douglasdale-Rd,-Richmond,-VA-23221",37.544542,-77.483163,
92,Chesterfield County,3,2.5,1700,,,Condo,575000,2022-05-02T15:04:08.292Z,3209 W Grace St,Richmond,VA,23221,"3209 W Grace St, Richmond, VA 23221",2022-05-02T15:04:08.292Z,Inactive,2022-08-10T16:15:39.326Z,101,2022-05-02T15:04:08.292Z,"3209-W-Grace-St,-Richmond,-VA-23221",37.564407,-77.476126,
93,Chesterfield County,0,,3133,,,Apartment,565000,2022-05-02T15:04:08.281Z,2905 W Grace St,Richmond,VA,23221,"2905 W Grace St, Richmond, VA 23221",2022-05-02T15:04:08.281Z,Inactive,2022-08-10T16:15:39.326Z,101,2022-05-02T15:04:08.281Z,"2905-W-Grace-St,-Richmond,-VA-23221",37.562424,-77.472816,
94,Chesterfield County,5,2.0,2641,,,Apartment,550000,2022-05-02T15:04:08.272Z,3503 Park Ave,Richmond,VA,23221,"3503 Park Ave, Richmond, VA 23221",2022-05-02T15:04:08.272Z,Inactive,2022-08-10T16:15:39.326Z,101,2022-05-02T15:04:08.272Z,"3503-Park-Ave,-Richmond,-VA-23221",37.563261,-77.482262,
95,Chesterfield County,3,2.5,1594,,,Condo,515000,2022-05-02T15:04:05.896Z,3323 W Grace St,Richmond,VA,23221,"3323 W Grace St, Richmond, VA 23221",2022-05-02T15:04:05.896Z,Inactive,2022-08-10T16:15:39.326Z,101,2022-05-02T15:04:05.896Z,"3323-W-Grace-St,-Richmond,-VA-23221",37.565446,-77.477864,
96,Chesterfield County,4,2.0,1825,,,Single Family,500000,2022-05-02T15:02:18.125Z,4402 Leonard Pkwy,Richmond,VA,23221,"4402 Leonard Pkwy, Richmond, VA 23221",2022-05-02T15:02:18.125Z,Inactive,2022-08-10T16:15:39.326Z,101,2022-05-02T15:02:18.125Z,"4402-Leonard-Pkwy,-Richmond,-VA-23221",37.567832,-77.494473,
97,Chesterfield County,3,2.0,1656,,,Single Family,497500,2022-05-02T15:02:18.103Z,4515 Hanover Ave,Richmond,VA,23221,"4515 Hanover Ave, Richmond, VA 23221",2022-05-02T15:02:18.103Z,Inactive,2022-08-10T16:15:39.326Z,101,2022-05-02T15:02:18.103Z,"4515-Hanover-Ave,-Richmond,-VA-23221",37.565863,-77.498718,
98,Chesterfield County,3,1.5,1558,,,Single Family,475000,2022-05-02T14:54:46.829Z,3102 Garrett St,Richmond,VA,23221,"3102 Garrett St, Richmond, VA 23221",2022-05-02T14:54:46.829Z,Inactive,2022-08-10T16:15:39.326Z,101,2022-05-02T14:54:46.829Z,"3102-Garrett-St,-Richmond,-VA-23221",37.544101,-77.484872,
99,Chesterfield County,3,2.0,1565,,,Single Family,469900,2022-05-02T14:54:46.821Z,3913 Ellwood Ave,Richmond,VA,23221,"3913 Ellwood Ave, Richmond, VA 23221",2022-05-02T14:54:46.821Z,Inactive,2022-08-10T16:15:39.326Z,101,2022-05-02T14:54:46.821Z,"3913-Ellwood-Ave,-Richmond,-VA-23221",37.558722,-77.492594,
100,Chesterfield County,3,2.0,1597,,,Single Family,462000,2022-05-02T14:54:46.816Z,3909 Ellwood Ave,Richmond,VA,23221,"3909 Ellwood Ave, Richmond, VA 23221",2022-05-02T14:54:46.816Z,Inactive,2022-08-10T16:15:39.326Z,101,2022-05-02T14:54:46.816Z,"3909-Ellwood-Ave,-Richmond,-VA-23221",37.558606,-77.492357,
101,Chesterfield County,3,2.5,1442,,,Condo,450000,2022-05-02T14:54:46.807Z,3327 Stuart Ave,Richmond,VA,23221,"3327 Stuart Ave, Richmond, VA 23221",2022-05-02T14:54:46.807Z,Inactive,2022-08-10T16:15:39.326Z,101,2022-05-02T14:54:46.807Z,"3327-Stuart-Ave,-Richmond,-VA-23221",37.559752,-77.481189,
102,Chesterfield County,3,1.5,1688,,,Condo,400000,2022-05-02T14:35:44.120Z,3302 Grayland Ave,Richmond,VA,23221,"3302 Grayland Ave, Richmond, VA 23221",2022-05-02T14:35:44.120Z,Inactive,2022-08-10T16:15:39.326Z,101,2022-05-02T14:35:44.120Z,"3302-Grayland-Ave,-Richmond,-VA-23221",37.552767,-77.484114,
