,county,lotSize,propertyType,price,listedDate,addressLine1,city,state,zipCode,formattedAddress,lastSeen,status,removedDate,daysOnMarket,createdDate,id,latitude,longitude,bedrooms,bathrooms,squareFootage,yearBuilt,addressLine2
0,Richmond,103934.0,Land,73000,2022-06-30T02:58:26.000Z,6321 Daytona Dr,Richmond,VA,23225,"6321 Daytona Dr, Richmond, VA 23225",2022-11-16T13:09:48.557Z,Active,,140,2022-08-07T10:49:25.008Z,"6321-Daytona-Dr,-Richmond,-VA-23225",37.487069,-77.512195,,,,,
1,Richmond,12920.0,Single Family,359000,2022-07-06T23:17:51.000Z,2930 Vesper Rd,Richmond,VA,23225,"2930 Vesper Rd, Richmond, VA 23225",2022-11-16T13:09:48.554Z,Active,,133,2022-08-07T10:49:24.998Z,"2930-Vesper-Rd,-Richmond,-VA-23225",37.540356,-77.526853,4.0,2.0,2219.0,1974.0,
2,Richmond,15272.0,Single Family,320000,2022-09-22T23:46:24.000Z,1621 Milo Rd,Richmond,VA,23225,"1621 Milo Rd, Richmond, VA 23225",2022-11-16T12:54:37.111Z,Active,,55,2022-02-22T06:32:54.020Z,"1621-Milo-Rd,-Richmond,-VA-23225",37.482465,-77.523202,4.0,2.0,1754.0,1950.0,
3,Richmond,8398.0,Single Family,449000,2022-09-27T20:49:49.000Z,5116 Forest Hill Ave,Richmond,VA,23225,"5116 Forest Hill Ave, Richmond, VA 23225",2022-11-16T12:54:37.109Z,Active,,50,2022-08-07T10:49:25.014Z,"5116-Forest-Hill-Ave,-Richmond,-VA-23225",37.523388,-77.493401,4.0,3.0,1950.0,1942.0,
4,Richmond,2200.0,Townhouse,379900,2022-09-30T11:43:47.000Z,5504 Riverside Heights Way,Richmond,VA,23225,"5504 Riverside Heights Way, Richmond, VA 23225",2022-11-16T11:56:14.124Z,Active,,48,2022-10-01T08:04:19.665Z,"5504-Riverside-Heights-Way,-Richmond,-VA-23225",37.527745,-77.503068,3.0,2.5,1584.0,2016.0,
5,Richmond,12428.0,Single Family,269500,2022-10-07T02:34:39.000Z,423 Deter Rd,Richmond,VA,23225,"423 Deter Rd, Richmond, VA 23225",2022-11-16T11:56:14.082Z,Active,,41,2022-10-07T11:00:30.661Z,"423-Deter-Rd,-Richmond,-VA-23225",37.509554,-77.514081,3.0,1.5,1350.0,1972.0,
6,Richmond,28388.0,Single Family,299000,2022-10-09T12:25:25.000Z,7549 Tanglewood Rd,Richmond,VA,23225,"7549 Tanglewood Rd, Richmond, VA 23225",2022-11-16T11:56:14.073Z,Active,,38,2022-10-10T11:45:16.592Z,"7549-Tanglewood-Rd,-Richmond,-VA-23225",37.54627,-77.531883,4.0,2.0,2574.0,1952.0,
7,Richmond,9801.0,Single Family,599000,2022-10-12T22:34:47.000Z,5104 Evelyn Byrd Rd,Richmond,VA,23225,"5104 Evelyn Byrd Rd, Richmond, VA 23225",2022-11-16T11:56:14.065Z,Active,,35,2022-10-13T09:40:30.841Z,"5104-Evelyn-Byrd-Rd,-Richmond,-VA-23225",37.527662,-77.489082,3.0,2.5,2704.0,1951.0,
8,Richmond,7841.0,Single Family,209000,2022-10-16T04:28:24.000Z,7119 Nesbitt Dr,Richmond,VA,23225,"7119 Nesbitt Dr, Richmond, VA 23225",2022-11-16T11:56:14.047Z,Active,,32,2022-10-16T08:10:12.368Z,"7119-Nesbitt-Dr,-Richmond,-VA-23225",37.486887,-77.525838,3.0,1.0,932.0,1983.0,
9,Richmond,23069.0,Single Family,229995,2022-10-25T00:40:39.000Z,1216 Hodges Rd,Richmond,VA,23225,"1216 Hodges Rd, Richmond, VA 23225",2022-11-16T11:31:41.047Z,Active,,23,2022-08-13T12:48:06.247Z,"1216-Hodges-Rd,-Richmond,-VA-23225",37.493471,-77.495787,3.0,1.5,1108.0,1986.0,
10,Richmond,175011.0,Condo,330000,2022-10-21T16:51:17.000Z,2956 Hathaway Rd,Richmond,VA,23225,"2956 Hathaway Rd, Unit U702, Richmond, VA 23225",2022-11-16T11:31:41.046Z,Active,,26,2022-10-22T09:48:57.989Z,"2956-Hathaway-Rd,-Unit-U702,-Richmond,-VA-23225",37.54007,-77.519647,3.0,2.0,1729.0,1972.0,Unit U702
11,Richmond,175011.0,Condo,315000,2022-10-23T01:22:34.000Z,2956 Hathaway Rd,Richmond,VA,23225,"2956 Hathaway Rd, Unit U408, Richmond, VA 23225",2022-11-16T11:31:41.042Z,Active,,25,2022-10-23T09:23:46.779Z,"2956-Hathaway-Rd,-Unit-U408,-Richmond,-VA-23225",37.54007,-77.519647,2.0,2.0,1480.0,1972.0,Unit U408
12,Richmond,2200.0,Townhouse,369900,2022-10-24T14:53:20.000Z,5508 Riverside Heights Way,Richmond,VA,23225,"5508 Riverside Heights Way, Richmond, VA 23225",2022-11-16T11:31:41.041Z,Active,,23,2022-10-25T08:40:39.590Z,"5508-Riverside-Heights-Way,-Richmond,-VA-23225",37.527798,-77.503105,3.0,2.5,1584.0,2016.0,
13,Richmond,3899.0,Duplex-Triplex,549990,2022-10-25T21:23:28.000Z,2511 Porter St,Richmond,VA,23225,"2511 Porter St, Richmond, VA 23225",2022-11-16T11:31:41.039Z,Active,,22,2022-10-26T10:31:30.246Z,"2511-Porter-St,-Richmond,-VA-23225",37.517262,-77.457375,4.0,4.0,2560.0,2022.0,
14,Richmond,25330.0,Condo,255000,2022-10-26T22:52:32.000Z,2956 Hathaway Rd,Richmond,VA,23225,"2956 Hathaway Rd, Unit U104, Richmond, VA 23225",2022-11-16T11:31:41.036Z,Active,,21,2022-10-27T09:22:10.100Z,"2956-Hathaway-Rd,-Unit-U104,-Richmond,-VA-23225",37.54007,-77.519647,2.0,2.0,1561.0,1972.0,Unit U104
15,Richmond,16431.0,Single Family,345000,2022-10-28T04:32:27.000Z,2031 Cedarhurst Dr,Richmond,VA,23225,"2031 Cedarhurst Dr, Richmond, VA 23225",2022-11-16T11:31:41.032Z,Active,,20,2022-10-28T09:32:05.853Z,"2031-Cedarhurst-Dr,-Richmond,-VA-23225",37.529226,-77.513525,3.0,2.0,1537.0,1968.0,
16,Richmond,14593.0,Single Family,425000,2022-10-28T23:55:47.000Z,2408 Stratford Rd,Richmond,VA,23225,"2408 Stratford Rd, Richmond, VA 23225",2022-11-16T11:31:41.030Z,Active,,19,2022-10-29T08:30:54.404Z,"2408-Stratford-Rd,-Richmond,-VA-23225",37.530652,-77.546578,3.0,2.0,1746.0,1964.0,
17,Richmond,175011.0,Condo,310000,2022-10-29T12:47:23.000Z,2956 Hathaway Rd,Richmond,VA,23225,"2956 Hathaway Rd, Unit U909, Richmond, VA 23225",2022-11-16T11:31:41.028Z,Active,,18,2022-10-30T09:20:33.267Z,"2956-Hathaway-Rd,-Unit-U909,-Richmond,-VA-23225",37.54007,-77.519647,2.0,2.0,1379.0,1972.0,Unit U909
18,Richmond,15355.0,Single Family,249950,2022-11-02T03:17:04.000Z,4003 Dunston Ave,Richmond,VA,23225,"4003 Dunston Ave, Richmond, VA 23225",2022-11-16T11:31:41.024Z,Active,,15,2022-03-01T12:10:05.181Z,"4003-Dunston-Ave,-Richmond,-VA-23225",37.515462,-77.476627,3.0,2.5,1267.0,1961.0,
19,Richmond,4090.0,Single Family,214950,2022-11-04T04:32:03.000Z,4 W Broad Rock Rd,Richmond,VA,23225,"4 W Broad Rock Rd, Richmond, VA 23225",2022-11-16T11:31:41.013Z,Active,,13,2022-11-04T09:14:35.860Z,"4-W-Broad-Rock-Rd,-Richmond,-VA-23225",37.51264,-77.464063,2.0,1.0,780.0,1925.0,
20,Richmond,11195.0,Single Family,300000,2022-11-04T16:10:35.000Z,1612 Andersons Forge Dr,Richmond,VA,23225,"1612 Andersons Forge Dr, Richmond, VA 23225",2022-11-16T11:31:41.010Z,Active,,12,2022-11-05T08:17:51.654Z,"1612-Andersons-Forge-Dr,-Richmond,-VA-23225",37.483418,-77.526873,3.0,2.5,1436.0,1998.0,
21,Chesterfield County,,Single Family,359999,2022-11-08T01:02:22.000Z,6644 Elkhardt Rd,Richmond,VA,23225,"6644 Elkhardt Rd, Richmond, VA 23225",2022-11-16T09:08:17.594Z,Active,,9,2022-11-08T08:02:50.721Z,"6644-Elkhardt-Rd,-Richmond,-VA-23225",37.482574,-77.517674,4.0,3.5,1872.0,2022.0,
22,Chesterfield County,14505.0,Single Family,359999,2022-11-08T14:36:22.000Z,6644 Elkhardt Rd,Chesterfield,VA,23225,"6644 Elkhardt Rd, North, Chesterfield, VA 23225",2022-11-16T09:08:17.592Z,Active,,8,2022-11-09T09:08:15.440Z,"6644-Elkhardt-Rd,-North,-Chesterfield,-VA-23225",37.482574,-77.517674,4.0,3.5,936.0,2022.0,North
23,Chesterfield County,54014.0,Single Family,400000,2022-11-11T15:22:33.000Z,7016 Dyer Ln,Richmond,VA,23225,"7016 Dyer Ln, Richmond, VA 23225",2022-11-16T09:08:17.578Z,Active,,5,2022-11-12T08:07:54.070Z,"7016-Dyer-Ln,-Richmond,-VA-23225",37.477549,-77.524551,3.0,3.0,3336.0,1960.0,
24,Richmond,19197.0,Single Family,259950,2022-11-04T23:39:24.000Z,3332 Cheverly Rd,Richmond,VA,23225,"3332 Cheverly Rd, Richmond, VA 23225",2022-11-16T08:46:23.726Z,Active,,12,2022-11-05T10:22:32.643Z,"3332-Cheverly-Rd,-Richmond,-VA-23225",37.54425,-77.535263,3.0,2.0,1248.0,1978.0,
25,Richmond,18256.0,Single Family,325000,2022-11-07T21:52:38.000Z,7757 Duncaster Rd,Richmond,VA,23225,"7757 Duncaster Rd, Richmond, VA 23225",2022-11-16T08:46:23.719Z,Active,,9,2022-11-08T08:02:50.721Z,"7757-Duncaster-Rd,-Richmond,-VA-23225",37.54327,-77.537991,2.0,2.0,1446.0,1985.0,
26,Richmond,21266.0,Single Family,385000,2022-11-09T03:46:35.000Z,6955 Navaho Rd,Richmond,VA,23225,"6955 Navaho Rd, Richmond, VA 23225",2022-11-16T08:46:23.716Z,Active,,8,2022-11-09T08:22:51.139Z,"6955-Navaho-Rd,-Richmond,-VA-23225",37.54064,-77.522632,3.0,2.0,1528.0,1956.0,
27,Richmond,6203.0,Single Family,214500,2022-11-09T19:10:45.000Z,215 W 31st St,Richmond,VA,23225,"215 W 31st St, Richmond, VA 23225",2022-11-16T08:46:23.712Z,Active,,7,2022-11-10T10:59:36.829Z,"215-W-31st-St,-Richmond,-VA-23225",37.513828,-77.464688,4.0,1.0,1248.0,1948.0,
28,Richmond,6360.0,Single Family,437999,2022-11-09T17:40:31.000Z,1012 W 49th St,Richmond,VA,23225,"1012 W 49th St, Richmond, VA 23225",2022-11-16T08:46:23.712Z,Active,,7,2022-11-10T10:59:36.830Z,"1012-W-49th-St,-Richmond,-VA-23225",37.518901,-77.489896,4.0,3.5,2201.0,1939.0,
29,Richmond,6599.0,Single Family,579500,2022-11-11T12:04:27.000Z,5009 Caledonia Rd,Richmond,VA,23225,"5009 Caledonia Rd, Richmond, VA 23225",2022-11-16T08:46:23.702Z,Active,,5,2022-11-12T08:07:54.071Z,"5009-Caledonia-Rd,-Richmond,-VA-23225",37.525412,-77.487864,3.0,2.0,2228.0,1938.0,
30,Richmond,11252.0,Single Family,240000,2022-11-15T16:17:08.000Z,6031 Keaneland Dr,Richmond,VA,23225,"6031 Keaneland Dr, Richmond, VA 23225",2022-11-16T08:46:23.691Z,Active,,1,2022-09-20T09:56:03.674Z,"6031-Keaneland-Dr,-Richmond,-VA-23225",37.50989,-77.508707,3.0,1.5,1223.0,1960.0,
31,Richmond,17999.0,Single Family,349950,2022-11-15T14:03:38.000Z,6816 Montauk Dr,Richmond,VA,23225,"6816 Montauk Dr, Richmond, VA 23225",2022-11-16T08:46:23.691Z,Active,,1,2022-11-16T08:46:23.691Z,"6816-Montauk-Dr,-Richmond,-VA-23225",37.54122,-77.518753,3.0,2.0,1572.0,1958.0,
32,Richmond,11813.0,Single Family,254800,2022-11-02T19:13:59.000Z,6055 Lamar Dr,Richmond,VA,23225,"6055 Lamar Dr, Richmond, VA 23225",2022-11-15T09:34:59.036Z,Active,,13,2022-10-01T08:04:19.664Z,"6055-Lamar-Dr,-Richmond,-VA-23225",37.507795,-77.510081,3.0,2.0,1218.0,1958.0,
33,Richmond,11901.0,Single Family,279000,2022-11-11T22:40:27.000Z,5606 Boynton Pl,Richmond,VA,23225,"5606 Boynton Pl, Richmond, VA 23225",2022-11-14T09:00:40.028Z,Active,,3,2022-11-12T08:07:54.069Z,"5606-Boynton-Pl,-Richmond,-VA-23225",37.529634,-77.500594,3.0,1.0,1248.0,1955.0,
34,Richmond,7501.0,Single Family,319000,2022-10-21T04:32:58.000Z,719 W 49th St,Richmond,VA,23225,"719 W 49th St, Richmond, VA 23225",2022-11-13T10:01:34.917Z,Active,,24,2022-10-21T08:08:17.452Z,"719-W-49th-St,-Richmond,-VA-23225",37.514866,-77.490425,3.0,1.5,1320.0,1947.0,
35,Richmond,27312.0,Single Family,469999,2022-11-11T11:43:35.000Z,7700 Brentford Dr,Richmond,VA,23225,"7700 Brentford Dr, Richmond, VA 23225",2022-11-13T09:58:49.574Z,Active,,2,2022-11-12T08:07:54.071Z,"7700-Brentford-Dr,-Richmond,-VA-23225",37.527616,-77.538207,4.0,2.5,2256.0,1965.0,
36,Richmond,10402.0,Single Family,324900,2022-10-06T01:44:42.000Z,5005 Schutte Ave,Richmond,VA,23225,"5005 Schutte Ave, Richmond, VA 23225",2022-11-11T13:12:28.286Z,Active,,37,2022-10-06T08:06:17.659Z,"5005-Schutte-Ave,-Richmond,-VA-23225",37.518392,-77.491189,3.0,2.0,1054.0,1950.0,
37,Richmond,14671.0,Single Family,220000,2022-09-28T00:28:29.000Z,6108 Glenway Dr,Richmond,VA,23225,"6108 Glenway Dr, Richmond, VA 23225",2022-11-09T10:25:37.822Z,Inactive,2022-11-16T14:52:40.699Z,50,2022-09-28T09:44:51.067Z,"6108-Glenway-Dr,-Richmond,-VA-23225",37.518086,-77.50998,2.0,1.0,736.0,1947.0,
38,Richmond,7418.0,Single Family,200000,2022-10-05T16:34:56.000Z,5208 Clarence St,Richmond,VA,23225,"5208 Clarence St, Richmond, VA 23225",2022-11-07T12:23:22.107Z,Inactive,2022-11-14T14:53:47.094Z,40,2022-10-06T08:06:17.670Z,"5208-Clarence-St,-Richmond,-VA-23225",37.519906,-77.493966,3.0,1.5,1218.0,1920.0,
39,Richmond,12001.0,Single Family,220000,2022-10-26T17:02:44.000Z,6319 Binns Ave,Richmond,VA,23225,"6319 Binns Ave, Richmond, VA 23225",2022-11-07T11:11:11.226Z,Inactive,2022-11-14T14:55:10.953Z,19,2022-10-27T09:22:10.102Z,"6319-Binns-Ave,-Richmond,-VA-23225",37.497113,-77.5121,3.0,1.5,1108.0,1967.0,
40,Richmond,18104.0,Single Family,200000,2022-10-29T12:41:23.000Z,1600 Tennyson Ave,Richmond,VA,23225,"1600 Tennyson Ave, Richmond, VA 23225",2022-11-07T08:56:45.380Z,Inactive,2022-11-14T14:55:10.953Z,17,2022-10-30T09:20:33.266Z,"1600-Tennyson-Ave,-Richmond,-VA-23225",37.486567,-77.50561,3.0,2.0,1386.0,1949.0,
41,Richmond,13390.0,Single Family,799000,2022-08-26T14:25:31.000Z,5331 Sylvan Rd,Richmond,VA,23225,"5331 Sylvan Rd, Richmond, VA 23225",2022-11-01T12:00:40.888Z,Inactive,2022-11-08T14:55:10.423Z,75,2022-08-27T10:27:33.921Z,"5331-Sylvan-Rd,-Richmond,-VA-23225",37.527317,-77.495609,5.0,4.0,3000.0,2022.0,
42,Richmond,15159.0,Single Family,435000,2022-10-25T21:17:20.000Z,3727 Cheverly Rd,Richmond,VA,23225,"3727 Cheverly Rd, Richmond, VA 23225",2022-11-01T10:34:03.626Z,Inactive,2022-11-08T14:53:46.467Z,14,2022-10-26T10:31:30.247Z,"3727-Cheverly-Rd,-Richmond,-VA-23225",37.548247,-77.534043,3.0,2.0,2095.0,1955.0,
43,Richmond,,Single Family,555000,2022-06-14T20:46:30.000Z,5202 Sylvan Ct,Richmond,VA,23225,"5202 Sylvan Ct, Richmond, VA 23225",2022-10-31T12:09:35.465Z,Inactive,2022-11-07T14:54:50.743Z,146,2022-08-07T11:02:23.776Z,"5202-Sylvan-Ct,-Richmond,-VA-23225",37.525895,-77.495846,4.0,2.5,3304.0,1994.0,
44,Richmond,10799.0,Single Family,369500,2022-10-28T12:10:27.000Z,1770 Leicester Rd,Richmond,VA,23225,"1770 Leicester Rd, Richmond, VA 23225",2022-10-31T09:23:24.521Z,Inactive,2022-11-07T14:53:19.069Z,11,2022-10-29T10:05:46.325Z,"1770-Leicester-Rd,-Richmond,-VA-23225",37.528551,-77.498528,3.0,1.5,1707.0,1962.0,
45,Richmond,25683.0,Single Family,659950,2022-09-17T19:13:50.000Z,4710 Riverside Dr,Richmond,VA,23225,"4710 Riverside Dr, Richmond, VA 23225",2022-10-29T11:18:08.072Z,Inactive,2022-11-05T14:54:46.394Z,49,2022-09-18T09:23:27.586Z,"4710-Riverside-Dr,-Richmond,-VA-23225",37.526236,-77.482546,3.0,3.0,3145.0,1954.0,
46,Richmond,24259.0,Single Family,449000,2022-10-26T19:43:46.000Z,3900 Stratford Rd,Richmond,VA,23225,"3900 Stratford Rd, Richmond, VA 23225",2022-10-28T09:32:05.865Z,Inactive,2022-11-04T14:52:43.426Z,9,2022-10-27T09:22:10.100Z,"3900-Stratford-Rd,-Richmond,-VA-23225",37.548967,-77.541149,3.0,2.0,1993.0,1956.0,
47,Richmond,8995.0,Single Family,285000,2022-10-25T13:33:16.000Z,701 Goodwood Rd,Richmond,VA,23225,"701 Goodwood Rd, Richmond, VA 23225",2022-10-27T09:22:10.112Z,Inactive,2022-11-03T14:52:22.132Z,10,2022-10-26T10:31:30.252Z,"701-Goodwood-Rd,-Richmond,-VA-23225",37.513123,-77.511273,4.0,2.5,1496.0,1977.0,
48,Richmond,13791.0,Single Family,310000,2022-07-28T11:13:54.000Z,614 Westover Hills Blvd,Richmond,VA,23225,"614 Westover Hills Blvd, Richmond, VA 23225",2022-10-26T12:26:26.603Z,Inactive,2022-11-02T14:53:42.653Z,98,2022-08-07T09:08:33.150Z,"614-Westover-Hills-Blvd,-Richmond,-VA-23225",37.514341,-77.489776,3.0,3.0,1450.0,1949.0,
49,Richmond,22577.0,Single Family,375000,2022-08-31T04:52:34.000Z,7541 Marilea Rd,Richmond,VA,23225,"7541 Marilea Rd, Richmond, VA 23225",2022-10-25T10:39:06.820Z,Inactive,2022-11-01T14:52:37.389Z,63,2022-08-31T10:12:33.615Z,"7541-Marilea-Rd,-Richmond,-VA-23225",37.545105,-77.53237,3.0,1.5,1868.0,1957.0,
50,Richmond,640.0,Townhouse,204500,2022-08-31T19:13:26.000Z,5571 Forest Hill Ave,Richmond,VA,23225,"5571 Forest Hill Ave, Richmond, VA 23225",2022-10-24T11:29:38.742Z,Inactive,2022-10-31T14:56:20.840Z,61,2022-09-01T09:23:31.288Z,"5571-Forest-Hill-Ave,-Richmond,-VA-23225",37.527929,-77.501273,2.0,2.5,1160.0,1982.0,
51,Richmond,15272.0,Single Family,329999,2022-10-06T01:40:58.000Z,1212 Spruance Rd,Richmond,VA,23225,"1212 Spruance Rd, Richmond, VA 23225",2022-10-23T11:02:31.066Z,Inactive,2022-10-30T14:57:08.905Z,25,2022-10-06T08:06:17.659Z,"1212-Spruance-Rd,-Richmond,-VA-23225",37.520394,-77.506271,3.0,2.0,1536.0,1968.0,
52,Richmond,9178.0,Single Family,398950,2022-09-28T17:23:27.000Z,207 W 30th St,Richmond,VA,23225,"207 W 30th St, Richmond, VA 23225",2022-10-21T12:11:10.353Z,Inactive,2022-10-28T14:59:35.331Z,30,2022-09-29T08:04:27.620Z,"207-W-30th-St,-Richmond,-VA-23225",37.515555,-77.462708,3.0,2.5,1860.0,1924.0,
53,Richmond,6190.0,Single Family,185000,2022-10-19T14:38:11.000Z,1005 Forest View Dr,Richmond,VA,23225,"1005 Forest View Dr, Richmond, VA 23225",2022-10-21T08:08:17.470Z,Inactive,2022-10-28T14:58:07.155Z,10,2022-10-20T08:16:30.741Z,"1005-Forest-View-Dr,-Richmond,-VA-23225",37.518683,-77.491795,2.0,1.0,1304.0,1949.0,
54,Richmond,6599.0,Single Family,465000,2022-09-12T21:07:44.000Z,5218 Sylvan Rd,Richmond,VA,23225,"5218 Sylvan Rd, Richmond, VA 23225",2022-10-20T09:54:05.892Z,Inactive,2022-10-27T14:56:36.262Z,45,2022-09-13T08:03:06.255Z,"5218-Sylvan-Rd,-Richmond,-VA-23225",37.525877,-77.493763,4.0,2.0,1822.0,1952.0,
55,Richmond,9439.0,Single Family,239000,2022-10-13T21:14:01.000Z,2735 Grantwood Ct,Richmond,VA,23225,"2735 Grantwood Ct, Richmond, VA 23225",2022-10-19T08:17:19.331Z,Inactive,2022-10-26T14:55:18.497Z,13,2022-10-14T08:46:34.694Z,"2735-Grantwood-Ct,-Richmond,-VA-23225",37.539438,-77.535499,3.0,1.0,960.0,1982.0,
56,Richmond,20595.0,Single Family,349900,2022-10-07T14:43:48.000Z,1932 Cedarhurst Dr,Richmond,VA,23225,"1932 Cedarhurst Dr, Richmond, VA 23225",2022-10-18T09:23:29.628Z,Inactive,2022-10-25T14:55:39.766Z,19,2022-10-08T09:35:14.610Z,"1932-Cedarhurst-Dr,-Richmond,-VA-23225",37.527745,-77.513024,3.0,2.0,1788.0,1959.0,
57,Richmond,10742.0,Single Family,285000,2022-09-01T21:40:36.000Z,6291 Warwick Rd,Richmond,VA,23225,"6291 Warwick Rd, Richmond, VA 23225",2022-10-17T12:29:05.718Z,Inactive,2022-10-24T14:58:29.637Z,53,2022-09-02T08:42:54.823Z,"6291-Warwick-Rd,-Richmond,-VA-23225",37.498089,-77.511875,3.0,2.5,1900.0,2022.0,
58,Richmond,10420.0,Single Family,324950,2022-09-15T20:04:17.000Z,2600 Bainbridge St,Richmond,VA,23225,"2600 Bainbridge St, Richmond, VA 23225",2022-10-17T12:29:05.687Z,Inactive,2022-10-24T14:58:29.637Z,39,2022-09-16T08:16:04.641Z,"2600-Bainbridge-St,-Richmond,-VA-23225",37.515728,-77.45734,3.0,2.0,1491.0,1967.0,
59,Richmond,14719.0,Single Family,249000,2022-09-23T15:49:47.000Z,1637 Stansbury Ave,Richmond,VA,23225,"1637 Stansbury Ave, Richmond, VA 23225",2022-10-17T11:37:12.319Z,Inactive,2022-10-24T14:58:29.637Z,31,2022-09-24T11:26:18.860Z,"1637-Stansbury-Ave,-Richmond,-VA-23225",37.48494,-77.504147,3.0,1.5,1140.0,1959.0,
60,Richmond,57499.0,Land,40000,2022-09-26T19:25:28.000Z,1426 Whitehead Rd,Richmond,VA,23225,"1426 Whitehead Rd, Richmond, VA 23225",2022-10-17T11:37:12.314Z,Inactive,2022-10-24T14:58:29.637Z,28,2022-09-27T09:26:10.373Z,"1426-Whitehead-Rd,-Richmond,-VA-23225",37.48671,-77.511314,,,,,
61,Richmond,15398.0,Single Family,415000,2022-10-10T15:49:48.000Z,7406 Comanche Dr,Richmond,VA,23225,"7406 Comanche Dr, Richmond, VA 23225",2022-10-17T11:15:58.960Z,Inactive,2022-10-24T14:57:03.938Z,14,2022-10-11T09:31:20.148Z,"7406-Comanche-Dr,-Richmond,-VA-23225",37.546181,-77.526264,3.0,2.0,1582.0,1974.0,
62,Richmond,24010.0,Single Family,675000,2022-10-13T14:13:40.000Z,4001 Custis Rd,Richmond,VA,23225,"4001 Custis Rd, Richmond, VA 23225",2022-10-17T11:15:58.940Z,Inactive,2022-10-24T14:57:03.938Z,12,2022-10-14T08:46:34.699Z,"4001-Custis-Rd,-Richmond,-VA-23225",37.550301,-77.536937,4.0,3.0,2501.0,1959.0,
63,Richmond,21179.0,Single Family,519500,2022-10-13T20:19:31.000Z,3028 Bradwill Rd,Richmond,VA,23225,"3028 Bradwill Rd, Richmond, VA 23225",2022-10-17T11:15:58.937Z,Inactive,2022-10-24T14:57:03.938Z,11,2022-10-14T08:46:34.697Z,"3028-Bradwill-Rd,-Richmond,-VA-23225",37.54166,-77.530497,4.0,3.0,2290.0,1965.0,
64,Richmond,11347.0,Duplex-Triplex,495000,2022-06-16T07:40:30.000Z,1022 W 48th St,Richmond,VA,23225,"1022 W 48th St, Richmond, VA 23225",2022-10-14T12:34:45.711Z,Inactive,2022-10-21T14:57:09.664Z,128,2022-08-07T11:02:23.776Z,"1022-W-48th-St,-Richmond,-VA-23225",37.518817,-77.488114,9.0,4.0,3142.0,1945.0,
65,Richmond,7418.0,Single Family,279000,2022-10-03T17:28:45.000Z,5206 Clarence St,Richmond,VA,23225,"5206 Clarence St, Richmond, VA 23225",2022-10-14T10:53:44.104Z,Inactive,2022-10-21T14:58:36.972Z,18,2022-10-04T09:16:08.504Z,"5206-Clarence-St,-Richmond,-VA-23225",37.51986,-77.493797,3.0,1.0,952.0,1950.0,
66,Chesterfield County,36155.0,Single Family,295000,2022-10-11T23:34:40.000Z,1446 Spring Lake Rd,Richmond,VA,23225,"1446 Spring Lake Rd, Richmond, VA 23225",2022-10-14T10:26:16.932Z,Inactive,2022-10-21T14:58:36.972Z,10,2022-10-12T08:02:38.221Z,"1446-Spring-Lake-Rd,-Richmond,-VA-23225",37.519975,-77.537398,3.0,2.0,1444.0,1949.0,
67,Richmond,16622.0,Single Family,199999,2022-10-11T14:25:33.000Z,1207 Newell Rd,Richmond,VA,23225,"1207 Newell Rd, Richmond, VA 23225",2022-10-13T09:40:30.854Z,Inactive,2022-10-20T14:56:06.220Z,10,2022-10-12T08:02:38.226Z,"1207-Newell-Rd,-Richmond,-VA-23225",37.520249,-77.508492,3.0,1.5,1280.0,1960.0,
68,Richmond,12031.0,Single Family,349950,2022-10-11T19:07:39.000Z,5615 Boynton Pl,Richmond,VA,23225,"5615 Boynton Pl, Richmond, VA 23225",2022-10-13T09:40:30.852Z,Inactive,2022-10-20T14:56:06.220Z,9,2022-10-12T08:02:38.224Z,"5615-Boynton-Pl,-Richmond,-VA-23225",37.529446,-77.501254,3.0,1.5,1459.0,1954.0,
69,Richmond,5358.0,Single Family,369950,2022-10-07T18:16:54.000Z,2617 Bainbridge St,Richmond,VA,23225,"2617 Bainbridge St, Richmond, VA 23225",2022-10-12T08:02:38.244Z,Inactive,2022-10-19T14:54:44.336Z,12,2022-10-08T09:35:14.607Z,"2617-Bainbridge-St,-Richmond,-VA-23225",37.515908,-77.458407,3.0,2.5,1988.0,1920.0,
70,Richmond,175011.0,Condo,299900,2022-08-16T18:52:29.000Z,2956 Hathaway Rd,Richmond,VA,23225,"2956 Hathaway Rd, Unit U208, Richmond, VA 23225",2022-10-11T11:06:01.177Z,Inactive,2022-10-18T14:55:53.359Z,63,2022-08-17T08:03:55.134Z,"2956-Hathaway-Rd,-Unit-U208,-Richmond,-VA-23225",37.54007,-77.519647,2.0,2.0,1480.0,1972.0,Unit U208
71,Richmond,175011.0,Condo,314000,2022-08-25T19:40:50.000Z,2956 Hathaway Rd,Richmond,VA,23225,"2956 Hathaway Rd, Unit U607, Richmond, VA 23225",2022-10-11T10:53:28.766Z,Inactive,2022-10-18T14:55:53.359Z,54,2022-08-26T08:54:32.422Z,"2956-Hathaway-Rd,-Unit-U607,-Richmond,-VA-23225",37.54007,-77.519647,2.0,2.0,1423.0,1972.0,Unit U607
72,Richmond,26798.0,Single Family,409900,2022-09-09T17:04:03.000Z,2901 Stratford Rd,Richmond,VA,23225,"2901 Stratford Rd, Richmond, VA 23225",2022-10-10T12:00:17.422Z,Inactive,2022-10-17T14:57:54.567Z,38,2022-09-10T08:20:28.962Z,"2901-Stratford-Rd,-Richmond,-VA-23225",37.538964,-77.540407,4.0,2.5,1831.0,1996.0,
73,Richmond,7449.0,Single Family,329000,2022-10-07T16:22:45.000Z,821 W 47th St,Richmond,VA,23225,"821 W 47th St, Richmond, VA 23225",2022-10-10T11:45:16.606Z,Inactive,2022-10-17T14:56:20.003Z,10,2022-10-08T09:35:14.610Z,"821-W-47th-St,-Richmond,-VA-23225",37.51647,-77.486713,2.0,1.0,1148.0,1941.0,
74,Richmond,23610.0,Single Family,499950,2022-10-05T04:32:44.000Z,3601 Stratford Rd,Richmond,VA,23225,"3601 Stratford Rd, Richmond, VA 23225",2022-10-09T09:05:42.363Z,Inactive,2022-10-16T14:57:24.919Z,12,2022-10-05T09:41:50.504Z,"3601-Stratford-Rd,-Richmond,-VA-23225",37.546024,-77.539686,4.0,2.5,3316.0,1955.0,
75,Richmond,104544.0,Single Family,2500000,2022-10-05T13:31:34.000Z,7401 Riverside Dr,Richmond,VA,23225,"7401 Riverside Dr, Richmond, VA 23225",2022-10-09T09:05:42.363Z,Inactive,2022-10-16T14:57:24.919Z,12,2022-10-06T08:06:17.668Z,"7401-Riverside-Dr,-Richmond,-VA-23225",37.551832,-77.523101,4.0,4.0,4056.0,2001.0,
76,Richmond,20125.0,Single Family,254500,2022-10-01T21:37:50.000Z,1116 Leicester Rd,Richmond,VA,23225,"1116 Leicester Rd, Richmond, VA 23225",2022-10-08T09:35:14.650Z,Inactive,2022-10-15T14:55:20.682Z,14,2022-10-02T08:07:08.630Z,"1116-Leicester-Rd,-Richmond,-VA-23225",37.519951,-77.497718,4.0,1.0,1460.0,1951.0,
77,Richmond,175011.0,Condo,375000,2022-07-14T11:31:32.000Z,2956 Hathaway Rd,Richmond,VA,23225,"2956 Hathaway Rd, Unit U1205, Richmond, VA 23225",2022-10-06T10:28:49.571Z,Inactive,2022-10-13T14:55:53.682Z,92,2022-08-07T10:49:24.983Z,"2956-Hathaway-Rd,-Unit-U1205,-Richmond,-VA-23225",37.54007,-77.519647,3.0,2.0,1729.0,1972.0,Unit U1205
78,Richmond,8712.0,Single Family,315000,2022-09-29T16:32:51.000Z,3718 Crutchfield St,Richmond,VA,23225,"3718 Crutchfield St, Richmond, VA 23225",2022-10-06T08:06:17.695Z,Inactive,2022-10-13T14:55:53.682Z,14,2022-09-30T10:37:04.489Z,"3718-Crutchfield-St,-Richmond,-VA-23225",37.511963,-77.47446,3.0,1.0,1080.0,1982.0,
79,Richmond,13051.0,Single Family,305000,2022-07-12T02:19:37.000Z,2016 Cedarhurst Dr,Richmond,VA,23225,"2016 Cedarhurst Dr, Richmond, VA 23225",2022-10-05T10:58:58.102Z,Inactive,2022-10-12T14:53:59.455Z,93,2022-08-07T10:49:24.989Z,"2016-Cedarhurst-Dr,-Richmond,-VA-23225",37.528547,-77.513699,3.0,2.0,1217.0,1985.0,
80,Richmond,21418.0,Single Family,440000,2022-09-06T04:32:47.000Z,7248 South Dr,Richmond,VA,23225,"7248 South Dr, Richmond, VA 23225",2022-10-04T10:26:01.503Z,Inactive,2022-10-11T14:53:41.144Z,36,2022-09-06T09:08:51.490Z,"7248-South-Dr,-Richmond,-VA-23225",37.544245,-77.525332,3.0,2.5,1843.0,1980.0,
81,Richmond,7401.0,Single Family,520000,2022-09-28T13:40:30.000Z,1506 W 41st St,Richmond,VA,23225,"1506 W 41st St, Richmond, VA 23225",2022-10-03T08:00:16.594Z,Inactive,2022-10-10T14:52:35.800Z,13,2022-09-29T08:04:27.621Z,"1506-W-41st-St,-Richmond,-VA-23225",37.519352,-77.476737,3.0,2.0,1830.0,1939.0,
82,Richmond,4587.0,Single Family,389900,2022-09-07T14:52:30.000Z,408 W 26th St,Richmond,VA,23225,"408 W 26th St, Richmond, VA 23225",2022-10-02T11:23:04.810Z,Inactive,2022-10-09T14:55:29.679Z,33,2022-09-08T09:44:56.922Z,"408-W-26th-St,-Richmond,-VA-23225",37.518993,-77.459939,3.0,2.5,1607.0,2020.0,
83,Richmond,8163.0,Single Family,329900,2022-09-20T14:34:43.000Z,3712 Moody Ave,Richmond,VA,23225,"3712 Moody Ave, Richmond, VA 23225",2022-10-02T08:59:17.345Z,Inactive,2022-10-09T14:55:29.679Z,20,2022-09-21T08:31:05.871Z,"3712-Moody-Ave,-Richmond,-VA-23225",37.51114,-77.47385,3.0,2.5,1393.0,1944.0,
84,Richmond,6882.0,Single Family,450000,2022-09-27T20:34:42.000Z,302 W 28th St,Richmond,VA,23225,"302 W 28th St, Richmond, VA 23225",2022-10-02T08:07:08.660Z,Inactive,2022-10-09T14:55:29.679Z,12,2022-09-28T09:44:51.077Z,"302-W-28th-St,-Richmond,-VA-23225",37.517001,-77.461545,4.0,2.0,1806.0,1925.0,
85,Richmond,31028.0,Single Family,320000,2022-08-15T17:07:43.000Z,1655 Stansbury Ave,Richmond,VA,23225,"1655 Stansbury Ave, Richmond, VA 23225",2022-10-01T10:41:31.119Z,Inactive,2022-10-08T14:56:04.666Z,54,2022-08-16T10:42:37.495Z,"1655-Stansbury-Ave,-Richmond,-VA-23225",37.484273,-77.5044,4.0,2.0,2430.0,1960.0,
86,Chesterfield County,353794.0,Single Family,469000,2022-09-24T04:31:37.000Z,7000 Dyer Ln,Richmond,VA,23225,"7000 Dyer Ln, Richmond, VA 23225",2022-10-01T09:05:08.833Z,Inactive,2022-10-08T14:56:04.666Z,15,2022-09-24T09:31:39.538Z,"7000-Dyer-Ln,-Richmond,-VA-23225",37.478279,-77.523716,3.0,3.0,3626.0,1994.0,
87,Richmond,8999.0,Single Family,450000,2022-09-23T13:10:44.000Z,3201 Forest Hill Ave,Richmond,VA,23225,"3201 Forest Hill Ave, Richmond, VA 23225",2022-10-01T08:04:19.694Z,Inactive,2022-10-08T14:56:04.666Z,16,2022-09-24T11:26:18.861Z,"3201-Forest-Hill-Ave,-Richmond,-VA-23225",37.515125,-77.466566,3.0,3.0,1768.0,1920.0,
88,Richmond,32692.0,Single Family,200000,2022-09-25T18:46:27.000Z,1300 W 43rd St,Richmond,VA,23225,"1300 W 43rd St, Richmond, VA 23225",2022-09-30T10:37:04.530Z,Inactive,2022-10-07T14:54:03.077Z,12,2022-09-26T08:11:50.507Z,"1300-W-43rd-St,-Richmond,-VA-23225",37.518448,-77.480828,3.0,1.5,1419.0,1920.0,
89,Richmond,2187.0,Townhouse,264900,2022-09-09T14:03:24.000Z,7503 Potters Ct,Richmond,VA,23225,"7503 Potters Ct, Richmond, VA 23225",2022-09-29T10:38:17.026Z,Inactive,2022-10-06T14:52:11.235Z,28,2022-09-10T08:20:28.964Z,"7503-Potters-Ct,-Richmond,-VA-23225",37.542201,-77.532364,2.0,2.5,1340.0,1985.0,
90,Richmond,9901.0,Single Family,650000,2022-09-20T16:10:25.000Z,5116 Caledonia Rd,Richmond,VA,23225,"5116 Caledonia Rd, Richmond, VA 23225",2022-09-28T09:44:51.117Z,Inactive,2022-10-05T14:53:14.671Z,15,2022-09-21T08:31:05.869Z,"5116-Caledonia-Rd,-Richmond,-VA-23225",37.526364,-77.490705,3.0,3.0,2266.0,1938.0,
91,Richmond,10533.0,Single Family,249500,2022-09-22T16:07:36.000Z,1700 Blakemore Rd,Richmond,VA,23225,"1700 Blakemore Rd, Richmond, VA 23225",2022-09-28T09:44:51.110Z,Inactive,2022-10-05T14:53:14.671Z,13,2022-09-23T10:53:13.752Z,"1700-Blakemore-Rd,-Richmond,-VA-23225",37.524949,-77.515299,3.0,2.5,1417.0,1957.0,
92,Richmond,4622.0,Single Family,299000,2022-09-23T17:17:00.000Z,3218 Moody Ave,Richmond,VA,23225,"3218 Moody Ave, Richmond, VA 23225",2022-09-28T09:44:51.093Z,Inactive,2022-10-05T14:53:14.671Z,12,2022-09-24T11:26:18.859Z,"3218-Moody-Ave,-Richmond,-VA-23225",37.512114,-77.468169,4.0,2.0,1688.0,1921.0,
93,Richmond,38241.0,Single Family,975000,2022-09-20T01:02:35.000Z,2881 Braidwood Rd,Richmond,VA,23225,"2881 Braidwood Rd, Richmond, VA 23225",2022-09-27T09:26:10.400Z,Inactive,2022-10-04T15:36:53.771Z,15,2022-09-20T09:56:03.673Z,"2881-Braidwood-Rd,-Richmond,-VA-23225",37.538689,-77.508513,4.0,3.5,3968.0,1959.0,
94,Richmond,15333.0,Single Family,339000,2022-09-15T20:28:31.000Z,1017 Forest View School Dr,Richmond,VA,23225,"1017 Forest View School Dr, Richmond, VA 23225",2022-09-26T11:10:32.308Z,Inactive,2022-10-03T14:54:05.057Z,18,2022-09-16T08:16:04.643Z,"1017-Forest-View-School-Dr,-Richmond,-VA-23225",37.517309,-77.502175,3.0,2.5,1648.0,2007.0,
95,Richmond,27813.0,Single Family,439500,2022-06-25T04:32:30.000Z,7622 Comanche Dr,Richmond,VA,23225,"7622 Comanche Dr, Richmond, VA 23225",2022-09-25T11:53:45.690Z,Inactive,2022-10-02T14:53:07.877Z,100,2022-08-07T10:49:25.015Z,"7622-Comanche-Dr,-Richmond,-VA-23225",37.5497,-77.53042,4.0,2.5,2376.0,1960.0,
96,Richmond,19737.0,Single Family,249950,2022-09-21T22:02:33.000Z,5833 Bliley Rd,Richmond,VA,23225,"5833 Bliley Rd, Richmond, VA 23225",2022-09-25T10:15:24.986Z,Inactive,2022-10-02T14:53:07.877Z,11,2022-09-22T08:12:46.900Z,"5833-Bliley-Rd,-Richmond,-VA-23225",37.528017,-77.505223,1.0,1.5,826.0,1985.0,
97,Richmond,9670.0,Single Family,259000,2022-09-22T10:03:23.000Z,2007 Buggy Dr,Richmond,VA,23225,"2007 Buggy Dr, Richmond, VA 23225",2022-09-25T10:15:24.981Z,Inactive,2022-10-02T14:53:07.877Z,11,2022-09-23T10:24:16.109Z,"2007-Buggy-Dr,-Richmond,-VA-23225",37.480203,-77.526305,3.0,2.0,1316.0,2001.0,
98,Richmond,8398.0,Single Family,219900,2022-07-31T02:49:49.000Z,2213 Bainbridge St,Richmond,VA,23225,"2213 Bainbridge St, Richmond, VA 23225",2022-09-24T11:55:48.409Z,Inactive,2022-10-01T14:54:19.053Z,63,2022-08-07T09:08:33.142Z,"2213-Bainbridge-St,-Richmond,-VA-23225",37.517521,-77.454343,4.0,1.0,1440.0,1954.0,
99,Richmond,13051.0,Single Family,329950,2022-08-18T00:59:26.000Z,1920 N Junaluska Dr,Richmond,VA,23225,"1920 N Junaluska Dr, Richmond, VA 23225",2022-09-24T11:55:46.476Z,Inactive,2022-10-01T14:54:19.053Z,45,2022-08-18T08:28:22.447Z,"1920-N-Junaluska-Dr,-Richmond,-VA-23225",37.527771,-77.515922,3.0,2.5,1911.0,1961.0,
100,Richmond,20926.0,Single Family,370000,2022-09-02T18:10:26.000Z,2929 Windsorview Dr,Richmond,VA,23225,"2929 Windsorview Dr, Richmond, VA 23225",2022-09-24T11:55:46.446Z,Inactive,2022-10-01T14:54:19.053Z,29,2022-09-03T09:24:55.267Z,"2929-Windsorview-Dr,-Richmond,-VA-23225",37.538754,-77.514637,3.0,2.0,1949.0,1958.0,
101,Richmond,3633.0,Townhouse,369500,2022-09-20T15:19:36.000Z,5521 Riverside Heights Way,Richmond,VA,23225,"5521 Riverside Heights Way, Richmond, VA 23225",2022-09-24T11:26:18.898Z,Inactive,2022-10-01T14:54:19.053Z,11,2022-09-21T08:31:05.870Z,"5521-Riverside-Heights-Way,-Richmond,-VA-23225",37.527791,-77.503758,3.0,2.5,1584.0,2016.0,
102,Richmond,32086.0,Single Family,649950,2022-09-22T22:37:59.000Z,5713 Regent Cir,Richmond,VA,23225,"5713 Regent Cir, Richmond, VA 23225",2022-09-24T11:26:18.866Z,Inactive,2022-10-01T14:54:19.053Z,9,2022-09-23T10:53:13.747Z,"5713-Regent-Cir,-Richmond,-VA-23225",37.532781,-77.500811,4.0,2.5,2649.0,1988.0,
103,Richmond,1398.0,Condo,2650,2022-08-02T16:32:57.000Z,2005 Old Manchester St,Richmond,VA,23225,"2005 Old Manchester St, Richmond, VA 23225",2022-09-23T11:08:06.514Z,Inactive,2022-09-30T14:54:58.657Z,59,2022-09-23T11:08:06.514Z,"2005-Old-Manchester-St,-Richmond,-VA-23225",37.520676,-77.453056,4.0,4.0,1986.0,,
104,Richmond,11478.0,Single Family,229950,2022-09-22T07:40:35.000Z,1211 Irby Dr,Richmond,VA,23225,"1211 Irby Dr, Richmond, VA 23225",2022-09-23T10:53:13.760Z,Inactive,2022-09-30T14:54:58.657Z,9,2022-09-22T08:12:46.898Z,"1211-Irby-Dr,-Richmond,-VA-23225",37.520547,-77.498951,3.0,1.0,1320.0,1947.0,
105,Richmond,13051.0,Single Family,225000,2022-09-15T14:28:27.000Z,924 Whitehead Rd,Richmond,VA,23225,"924 Whitehead Rd, Richmond, VA 23225",2022-09-22T08:12:46.931Z,Inactive,2022-09-29T14:54:55.307Z,15,2022-09-16T08:16:04.645Z,"924-Whitehead-Rd,-Richmond,-VA-23225",37.493009,-77.508438,3.0,1.5,1181.0,1967.0,
106,Richmond,11944.0,Single Family,465000,2022-09-16T21:28:47.000Z,2706 Hillcrest Rd,Richmond,VA,23225,"2706 Hillcrest Rd, Richmond, VA 23225",2022-09-22T08:12:46.924Z,Inactive,2022-09-29T14:54:55.307Z,13,2022-09-17T09:03:57.921Z,"2706-Hillcrest-Rd,-Richmond,-VA-23225",37.522271,-77.463248,4.0,1.5,2036.0,1922.0,
107,Richmond,,Single Family,219000,2022-06-24T16:32:43.000Z,27 W Clopton St,Richmond,VA,23225,"27 W Clopton St, Richmond, VA 23225",2022-09-21T11:57:15.085Z,Inactive,2022-09-28T14:55:37.363Z,96,2022-08-07T10:49:25.019Z,"27-W-Clopton-St,-Richmond,-VA-23225",37.514708,-77.456297,2.0,1.0,644.0,1920.0,
108,Richmond,22960.0,Single Family,677000,2022-09-19T22:02:52.000Z,6407 Buckhill Rd,Richmond,VA,23225,"6407 Buckhill Rd, Richmond, VA 23225",2022-09-21T08:31:05.874Z,Inactive,2022-09-28T14:54:15.745Z,9,2022-09-20T09:56:03.674Z,"6407-Buckhill-Rd,-Richmond,-VA-23225",37.54074,-77.510252,4.0,4.0,3107.0,1978.0,
109,Richmond,10346.0,Single Family,330000,2022-09-14T22:02:48.000Z,5605 Southern Pine Dr,Richmond,VA,23225,"5605 Southern Pine Dr, Richmond, VA 23225",2022-09-20T09:56:03.707Z,Inactive,2022-09-27T14:53:53.541Z,13,2022-09-15T09:48:38.507Z,"5605-Southern-Pine-Dr,-Richmond,-VA-23225",37.522585,-77.50099,2.0,2.0,1600.0,1986.0,
110,Richmond,4796.0,Single Family,383500,2022-09-15T16:17:33.000Z,114 W 34th St,Richmond,VA,23225,"114 W 34th St, Richmond, VA 23225",2022-09-20T09:56:03.698Z,Inactive,2022-09-27T14:53:53.541Z,12,2022-09-16T08:16:04.644Z,"114-W-34th-St,-Richmond,-VA-23225",37.513199,-77.469963,3.0,2.5,1911.0,1925.0,
111,Richmond,4247.0,Land,20000,2022-04-25T16:37:25.000Z,2220 Bainbridge St,Richmond,VA,23225,"2220 Bainbridge St, Richmond, VA 23225",2022-09-19T12:28:16.725Z,Inactive,2022-09-26T14:56:25.054Z,154,2022-08-07T11:02:23.816Z,"2220-Bainbridge-St,-Richmond,-VA-23225",37.51672,-77.454257,,,,,
112,Richmond,10498.0,Single Family,200000,2022-09-18T00:58:28.000Z,600 Deter Rd,Richmond,VA,23225,"600 Deter Rd, Richmond, VA 23225",2022-09-19T08:58:04.698Z,Inactive,2022-09-26T14:55:09.162Z,9,2022-09-18T09:23:27.587Z,"600-Deter-Rd,-Richmond,-VA-23225",37.511293,-77.513203,3.0,2.0,1458.0,1968.0,
113,Richmond,15172.0,Single Family,263000,2022-09-12T19:46:44.000Z,316 Byswick Ln,Richmond,VA,23225,"316 Byswick Ln, Richmond, VA 23225",2022-09-17T09:03:57.953Z,Inactive,2022-09-24T14:55:51.956Z,12,2022-09-13T08:03:06.255Z,"316-Byswick-Ln,-Richmond,-VA-23225",37.510643,-77.496656,3.0,1.0,1056.0,1955.0,
114,Richmond,7000.0,Single Family,230000,2022-09-14T04:32:50.000Z,4906 Pine Crest Ave,Richmond,VA,23225,"4906 Pine Crest Ave, Richmond, VA 23225",2022-09-17T09:03:57.943Z,Inactive,2022-09-24T14:55:51.956Z,11,2022-09-14T09:15:32.032Z,"4906-Pine-Crest-Ave,-Richmond,-VA-23225",37.516471,-77.490934,4.0,1.0,1436.0,1924.0,
115,Richmond,13765.0,Single Family,450000,2022-09-06T23:40:49.000Z,809 W 30th St,Richmond,VA,23225,"809 W 30th St, Richmond, VA 23225",2022-09-13T08:03:06.290Z,Inactive,2022-09-20T14:53:00.007Z,14,2022-09-07T11:37:08.291Z,"809-W-30th-St,-Richmond,-VA-23225",37.521116,-77.466166,4.0,2.0,1928.0,1925.0,
116,Richmond,15002.0,Single Family,279000,2022-09-07T13:32:35.000Z,5257 Pine Crest Ave,Richmond,VA,23225,"5257 Pine Crest Ave, Richmond, VA 23225",2022-09-13T08:03:06.284Z,Inactive,2022-09-20T14:53:00.007Z,14,2022-09-08T09:44:56.922Z,"5257-Pine-Crest-Ave,-Richmond,-VA-23225",37.515716,-77.497059,4.0,2.0,2082.0,1952.0,
117,Richmond,11252.0,Single Family,239900,2022-09-12T16:46:47.000Z,6107 Ullswater Ave,Richmond,VA,23225,"6107 Ullswater Ave, Richmond, VA 23225",2022-09-13T08:03:06.257Z,Inactive,2022-09-20T14:53:00.007Z,8,2022-08-26T08:54:32.424Z,"6107-Ullswater-Ave,-Richmond,-VA-23225",37.487538,-77.505912,3.0,2.0,1909.0,1956.0,
118,Richmond,9483.0,Single Family,395000,2022-09-08T07:33:17.000Z,4107 Forest Cir,Richmond,VA,23225,"4107 Forest Cir, Richmond, VA 23225",2022-09-12T08:19:39.983Z,Inactive,2022-09-19T14:54:29.738Z,12,2022-09-08T09:44:56.913Z,"4107-Forest-Cir,-Richmond,-VA-23225",37.522335,-77.473769,4.0,3.0,1536.0,1951.0,
119,Richmond,42510.0,Single Family,325000,2022-09-09T16:44:44.000Z,5203 Bondsor Ln,Richmond,VA,23225,"5203 Bondsor Ln, Richmond, VA 23225",2022-09-11T08:49:48.227Z,Inactive,2022-09-18T14:54:54.787Z,9,2022-09-10T08:20:28.962Z,"5203-Bondsor-Ln,-Richmond,-VA-23225",37.520464,-77.495473,3.0,2.0,1321.0,1969.0,
120,Richmond,17459.0,Single Family,349950,2022-08-16T04:32:26.000Z,7011 Doulton Rd,Richmond,VA,23225,"7011 Doulton Rd, Richmond, VA 23225",2022-09-10T10:18:55.966Z,Inactive,2022-09-17T14:53:46.399Z,33,2022-08-16T10:42:37.491Z,"7011-Doulton-Rd,-Richmond,-VA-23225",37.517599,-77.524375,3.0,3.0,2021.0,1965.0,
121,Richmond,33284.0,Single Family,489900,2022-09-08T00:16:57.000Z,3001 Stratford Rd,Richmond,VA,23225,"3001 Stratford Rd, Richmond, VA 23225",2022-09-10T08:20:28.983Z,Inactive,2022-09-17T14:53:46.399Z,10,2022-09-08T09:44:56.916Z,"3001-Stratford-Rd,-Richmond,-VA-23225",37.53993,-77.540814,4.0,2.0,2220.0,1960.0,
122,Richmond,6599.0,Single Family,500000,2022-08-23T19:17:22.000Z,4619 Devonshire Rd,Richmond,VA,23225,"4619 Devonshire Rd, Richmond, VA 23225",2022-09-08T10:41:23.724Z,Inactive,2022-09-15T14:50:22.685Z,23,2022-08-24T08:25:49.673Z,"4619-Devonshire-Rd,-Richmond,-VA-23225",37.521619,-77.485081,3.0,1.5,1581.0,1939.0,
123,Richmond,11252.0,Single Family,138900,2022-09-07T17:28:35.000Z,6316 Derwent Rd,Richmond,VA,23225,"6316 Derwent Rd, Richmond, VA 23225",2022-09-08T09:44:56.919Z,Inactive,2022-09-15T14:50:22.685Z,8,2022-09-08T09:44:56.919Z,"6316-Derwent-Rd,-Richmond,-VA-23225",37.486677,-77.509719,3.0,1.0,1024.0,1955.0,
124,Richmond,2614.0,Townhouse,308500,2022-06-07T18:59:40.000Z,6749 N Grand Brook Cir,Richmond,VA,23225,"6749 N Grand Brook Cir, Richmond, VA 23225",2022-09-07T11:48:02.221Z,Inactive,2022-09-14T14:51:58.596Z,99,2022-08-07T11:02:23.785Z,"6749-N-Grand-Brook-Cir,-Richmond,-VA-23225",37.516529,-77.520694,3.0,2.5,1386.0,2006.0,
125,Richmond,6599.0,Single Family,585000,2022-08-03T10:32:13.000Z,4708 King William Rd,Richmond,VA,23225,"4708 King William Rd, Richmond, VA 23225",2022-09-07T11:41:07.296Z,Inactive,2022-09-14T14:51:58.596Z,43,2022-08-07T08:28:24.393Z,"4708-King-William-Rd,-Richmond,-VA-23225",37.523075,-77.485825,3.0,1.5,1900.0,1947.0,
126,Richmond,11138.0,Single Family,244950,2022-08-26T16:17:21.000Z,6531 Brookline St,Richmond,VA,23225,"6531 Brookline St, Richmond, VA 23225",2022-09-06T09:08:51.533Z,Inactive,2022-09-13T14:52:07.920Z,18,2022-08-27T10:27:33.919Z,"6531-Brookline-St,-Richmond,-VA-23225",37.499893,-77.516003,3.0,2.0,1215.0,2006.0,
127,Richmond,1699.0,Townhouse,265000,2022-09-02T19:58:37.000Z,6750 S Grand Brook Cir,Richmond,VA,23225,"6750 S Grand Brook Cir, Richmond, VA 23225",2022-09-04T08:10:16.026Z,Inactive,2022-09-11T14:53:45.198Z,9,2022-09-03T09:24:55.266Z,"6750-S-Grand-Brook-Cir,-Richmond,-VA-23225",37.516096,-77.519825,3.0,7.0,1414.0,2007.0,
128,Richmond,13599.0,Single Family,225000,2022-08-31T15:07:52.000Z,6555 Holliday Rd,Richmond,VA,23225,"6555 Holliday Rd, Richmond, VA 23225",2022-09-03T09:24:55.291Z,Inactive,2022-09-10T14:54:09.506Z,10,2022-09-01T09:23:31.290Z,"6555-Holliday-Rd,-Richmond,-VA-23225",37.492958,-77.517116,3.0,2.0,1098.0,1959.0,
129,Richmond,12088.0,Single Family,295000,2022-08-17T22:38:17.000Z,1843 Blakemore Rd,Richmond,VA,23225,"1843 Blakemore Rd, Richmond, VA 23225",2022-09-01T10:04:40.013Z,Inactive,2022-09-08T14:52:37.419Z,22,2022-08-18T08:28:22.448Z,"1843-Blakemore-Rd,-Richmond,-VA-23225",37.527681,-77.516391,3.0,1.5,1633.0,1968.0,
130,Richmond,25984.0,Single Family,389950,2022-08-24T12:33:04.000Z,6634 Greenvale Dr,Richmond,VA,23225,"6634 Greenvale Dr, Richmond, VA 23225",2022-09-01T09:23:31.316Z,Inactive,2022-09-08T14:52:37.419Z,16,2022-08-25T08:38:49.726Z,"6634-Greenvale-Dr,-Richmond,-VA-23225",37.528794,-77.518738,3.0,2.5,2132.0,1965.0,
131,Richmond,32670.0,Single Family,389950,2022-08-25T04:32:51.000Z,7621 Yarmouth Dr,Richmond,VA,23225,"7621 Yarmouth Dr, Richmond, VA 23225",2022-09-01T09:23:31.312Z,Inactive,2022-09-08T14:52:37.419Z,15,2022-08-25T08:38:49.719Z,"7621-Yarmouth-Dr,-Richmond,-VA-23225",37.521723,-77.535803,3.0,2.5,1744.0,1958.0,
132,Richmond,21384.0,Single Family,299950,2022-08-27T16:22:34.000Z,216 German School Rd,Richmond,VA,23225,"216 German School Rd, Richmond, VA 23225",2022-08-31T10:12:33.625Z,Inactive,2022-09-07T14:49:00.043Z,11,2022-08-28T08:58:43.859Z,"216-German-School-Rd,-Richmond,-VA-23225",37.508168,-77.505805,3.0,2.5,1536.0,2022.0,
133,Richmond,7100.0,Single Family,449900,2022-08-22T13:22:41.000Z,4611 Forest Hill Ave,Richmond,VA,23225,"4611 Forest Hill Ave, Richmond, VA 23225",2022-08-30T09:35:33.869Z,Inactive,2022-09-06T14:49:14.194Z,16,2022-08-23T08:15:45.045Z,"4611-Forest-Hill-Ave,-Richmond,-VA-23225",37.520717,-77.48513,3.0,2.5,1778.0,1951.0,
134,Richmond,57499.0,Single Family,420000,2022-08-26T00:17:02.000Z,3710 Custis Rd,Richmond,VA,23225,"3710 Custis Rd, Richmond, VA 23225",2022-08-29T10:25:26.886Z,Inactive,2022-09-05T14:51:45.577Z,11,2022-08-26T08:54:32.419Z,"3710-Custis-Rd,-Richmond,-VA-23225",37.547761,-77.537444,4.0,2.0,1996.0,1959.0,
135,Richmond,11731.0,Single Family,299000,2022-08-25T04:32:51.000Z,437 Erich Rd,Richmond,VA,23225,"437 Erich Rd, Richmond, VA 23225",2022-08-28T08:58:43.878Z,Inactive,2022-09-04T15:33:07.179Z,11,2022-08-25T08:38:49.719Z,"437-Erich-Rd,-Richmond,-VA-23225",37.512132,-77.501405,4.0,2.0,1581.0,1968.0,
136,Richmond,28754.0,Single Family,530000,2022-08-24T16:40:31.000Z,1006 W 49th St,Richmond,VA,23225,"1006 W 49th St, Richmond, VA 23225",2022-08-27T10:27:33.944Z,Inactive,2022-09-03T15:32:12.128Z,10,2022-03-01T12:35:02.779Z,"1006-W-49th-St,-Richmond,-VA-23225",37.518404,-77.490099,3.0,3.0,3463.0,1951.0,
137,Richmond,9940.0,Single Family,425000,2022-06-15T00:58:24.000Z,4400 Forest Hill Ave,Richmond,VA,23225,"4400 Forest Hill Ave, Richmond, VA 23225",2022-08-26T12:00:41.127Z,Inactive,2022-09-02T14:50:12.399Z,80,2022-08-10T11:59:19.390Z,"4400-Forest-Hill-Ave,-Richmond,-VA-23225",37.519457,-77.481791,3.0,1.5,1565.0,1924.0,
138,Richmond,9082.0,Single Family,250000,2022-08-12T17:33:32.000Z,517 Vaden Dr,Richmond,VA,23225,"517 Vaden Dr, Richmond, VA 23225",2022-08-26T09:52:37.903Z,Inactive,2022-09-02T14:48:36.467Z,21,2022-08-13T12:48:06.245Z,"517-Vaden-Dr,-Richmond,-VA-23225",37.509314,-77.51628,3.0,1.5,1188.0,1970.0,
139,Richmond,16819.0,Single Family,215000,2022-08-24T12:38:14.000Z,6413 Windcroft Rd,Richmond,VA,23225,"6413 Windcroft Rd, Richmond, VA 23225",2022-08-26T08:54:32.444Z,Inactive,2022-09-02T14:48:36.467Z,10,2022-08-25T08:38:49.726Z,"6413-Windcroft-Rd,-Richmond,-VA-23225",37.496156,-77.513303,4.0,1.5,1262.0,1965.0,
140,Richmond,14562.0,Single Family,200000,2022-03-01T17:52:31.000Z,919 German School Rd,Richmond,VA,23225,"919 German School Rd, Richmond, VA 23225",2022-08-25T12:42:51.469Z,Inactive,2022-09-01T14:51:32.891Z,184,2022-08-07T11:03:57.708Z,"919-German-School-Rd,-Richmond,-VA-23225",37.515941,-77.511107,2.0,1.5,1041.0,1945.0,
141,Richmond,175011.0,Condo,324900,2022-05-20T18:07:06.000Z,2956 Hathaway Rd,Richmond,VA,23225,"2956 Hathaway Rd, Unit U308, Richmond, VA 23225",2022-08-25T12:42:51.437Z,Inactive,2022-09-01T14:51:32.891Z,104,2022-08-07T11:02:23.799Z,"2956-Hathaway-Rd,-Unit-U308,-Richmond,-VA-23225",37.54007,-77.519647,2.0,2.0,1480.0,1972.0,Unit U308
142,Richmond,4588.0,Single Family,349950,2022-08-02T13:04:22.000Z,2601 Semmes Ave,Richmond,VA,23225,"2601 Semmes Ave, Richmond, VA 23225",2022-08-25T12:27:46.239Z,Inactive,2022-09-01T14:51:32.891Z,31,2022-08-07T08:28:24.402Z,"2601-Semmes-Ave,-Richmond,-VA-23225",37.519902,-77.460279,3.0,1.5,2024.0,1920.0,
143,Chesterfield County,32017.0,Single Family,445000,2022-08-24T04:32:25.000Z,7718 Whittington Dr,Richmond,VA,23225,"7718 Whittington Dr, Richmond, VA 23225",2022-08-25T09:25:05.846Z,Inactive,2022-09-01T14:49:32.984Z,9,2022-08-24T08:05:08.946Z,"7718-Whittington-Dr,-Richmond,-VA-23225",37.524428,-77.539793,4.0,3.0,2030.0,1967.0,
144,Richmond,10803.0,Single Family,289900,2022-08-18T04:32:54.000Z,5524 Larrymore Rd,Richmond,VA,23225,"5524 Larrymore Rd, Richmond, VA 23225",2022-08-25T08:38:49.757Z,Inactive,2022-09-01T14:49:32.984Z,15,2022-08-18T08:28:22.447Z,"5524-Larrymore-Rd,-Richmond,-VA-23225",37.513845,-77.501242,3.0,1.5,1707.0,1966.0,
145,Richmond,9078.0,Single Family,219000,2022-08-19T03:52:24.000Z,728 Sanborn Dr,Richmond,VA,23225,"728 Sanborn Dr, Richmond, VA 23225",2022-08-24T08:25:49.690Z,Inactive,2022-08-31T14:51:07.371Z,13,2022-08-19T08:34:27.724Z,"728-Sanborn-Dr,-Richmond,-VA-23225",37.49554,-77.511003,3.0,2.0,1061.0,1965.0,
146,Richmond,6164.0,Single Family,425000,2022-07-21T12:46:57.000Z,4407 Stonewall Ave,Richmond,VA,23225,"4407 Stonewall Ave, Richmond, VA 23225",2022-08-22T10:30:13.489Z,Inactive,2022-08-29T14:51:30.396Z,40,2022-08-07T09:08:33.169Z,"4407-Stonewall-Ave,-Richmond,-VA-23225",37.521561,-77.479993,4.0,3.0,1774.0,1938.0,
147,Richmond,14601.0,Single Family,279000,2022-08-18T19:04:31.000Z,6312 Bliley Rd,Richmond,VA,23225,"6312 Bliley Rd, Richmond, VA 23225",2022-08-22T09:42:03.444Z,Inactive,2022-08-29T14:51:30.396Z,11,2022-08-19T08:34:27.726Z,"6312-Bliley-Rd,-Richmond,-VA-23225",37.525279,-77.513516,3.0,1.5,1238.0,1956.0,
148,Richmond,6591.0,Single Family,379950,2022-06-16T19:44:36.000Z,1605 Westover Hills Blvd,Richmond,VA,23225,"1605 Westover Hills Blvd, Richmond, VA 23225",2022-08-21T11:58:45.266Z,Inactive,2022-08-28T14:52:12.584Z,73,2022-08-07T11:02:23.775Z,"1605-Westover-Hills-Blvd,-Richmond,-VA-23225",37.523226,-77.487229,3.0,2.0,1378.0,1950.0,
149,Richmond,8712.0,Land,32000,2022-07-01T14:25:26.000Z,6201 Warwick Rd,Richmond,VA,23225,"6201 Warwick Rd, Richmond, VA 23225",2022-08-20T10:40:43.115Z,Inactive,2022-08-27T14:53:40.026Z,58,2022-08-07T10:49:25.008Z,"6201-Warwick-Rd,-Richmond,-VA-23225",37.49812,-77.509425,,,,,
150,Richmond,101016.0,Single Family,1275000,2022-08-04T23:34:36.000Z,4545 Stratford Rd,Richmond,VA,23225,"4545 Stratford Rd, Richmond, VA 23225",2022-08-20T10:38:59.686Z,Inactive,2022-08-27T14:53:40.026Z,23,2022-08-07T08:28:24.370Z,"4545-Stratford-Rd,-Richmond,-VA-23225",37.556169,-77.538289,6.0,5.0,6094.0,1951.0,
151,Richmond,15625.0,Single Family,395000,2022-08-12T04:33:34.000Z,1416 Westover Gardens Blvd,Richmond,VA,23225,"1416 Westover Gardens Blvd, Richmond, VA 23225",2022-08-20T10:38:59.655Z,Inactive,2022-08-27T14:53:40.026Z,16,2022-08-12T09:30:48.870Z,"1416-Westover-Gardens-Blvd,-Richmond,-VA-23225",37.520137,-77.521997,3.0,2.0,2077.0,1962.0,
152,Richmond,16540.0,Single Family,445000,2022-08-18T11:46:30.000Z,6832 Shawnee Rd,Richmond,VA,23225,"6832 Shawnee Rd, Richmond, VA 23225",2022-08-20T09:14:31.568Z,Inactive,2022-08-27T14:53:40.026Z,10,2022-08-19T08:34:27.732Z,"6832-Shawnee-Rd,-Richmond,-VA-23225",37.542292,-77.518881,3.0,2.0,1512.0,1963.0,
153,Richmond,24394.0,Single Family,449950,2022-08-19T06:40:32.000Z,2736 Kenbury Rd,Richmond,VA,23225,"2736 Kenbury Rd, Richmond, VA 23225",2022-08-20T09:14:31.558Z,Inactive,2022-08-27T14:53:40.026Z,9,2022-08-19T08:34:27.721Z,"2736-Kenbury-Rd,-Richmond,-VA-23225",37.536087,-77.54258,5.0,3.5,3517.0,1965.0,
154,Richmond,11879.0,Duplex-Triplex,695000,2022-08-10T14:04:00.000Z,4623 Sylvan Rd,Richmond,VA,23225,"4623 Sylvan Rd, Richmond, VA 23225",2022-08-18T08:28:22.507Z,Inactive,2022-08-25T14:51:32.327Z,16,2022-08-11T08:18:03.303Z,"4623-Sylvan-Rd,-Richmond,-VA-23225",37.522491,-77.484977,5.0,2.0,2528.0,1928.0,
155,Richmond,17999.0,Single Family,199950,2022-07-08T23:33:04.000Z,116 Oak Glen St,Richmond,VA,23225,"116 Oak Glen St, Richmond, VA 23225",2022-08-16T10:57:12.740Z,Inactive,2022-08-24T14:52:39.203Z,47,2022-08-16T10:57:12.740Z,"116-Oak-Glen-St,-Richmond,-VA-23225",37.501268,-77.51554,4.0,1.5,1290.0,1983.0,
156,Richmond,165367.0,Condo,149000,2022-08-10T16:40:35.000Z,4030 Forest Hill Ave,Richmond,VA,23225,"4030 Forest Hill Ave, Unit U35, Richmond, VA 23225",2022-08-15T08:20:57.176Z,Inactive,2022-08-22T14:53:05.093Z,12,2022-08-11T08:18:03.299Z,"4030-Forest-Hill-Ave,-Unit-U35,-Richmond,-VA-23225",37.51675,-77.476376,2.0,1.0,815.0,1961.0,Unit U35
157,Richmond,16657.0,Single Family,409950,2022-08-11T22:44:46.000Z,6840 Shawnee Rd,Richmond,VA,23225,"6840 Shawnee Rd, Richmond, VA 23225",2022-08-15T08:20:57.161Z,Inactive,2022-08-22T14:53:05.093Z,11,2022-08-12T09:30:48.876Z,"6840-Shawnee-Rd,-Richmond,-VA-23225",37.542408,-77.519234,3.0,2.0,1945.0,1964.0,
158,Richmond,6216.0,Single Family,440000,2022-08-10T14:04:00.000Z,2509 Semmes Ave,Richmond,VA,23225,"2509 Semmes Ave, Richmond, VA 23225",2022-08-14T08:15:38.478Z,Inactive,2022-08-21T14:54:29.051Z,12,2022-08-11T08:18:03.302Z,"2509-Semmes-Ave,-Richmond,-VA-23225",37.520135,-77.459692,3.0,2.5,1809.0,1938.0,
159,Richmond,11299.0,Single Family,214900,2022-05-06T15:52:24.000Z,966 Kingsway Rd,Richmond,VA,23225,"966 Kingsway Rd, Richmond, VA 23225",2022-08-13T13:08:55.762Z,Inactive,2022-08-20T14:54:28.232Z,106,2022-08-07T11:02:23.810Z,"966-Kingsway-Rd,-Richmond,-VA-23225",37.494425,-77.499782,3.0,1.0,1390.0,1969.0,
160,Chesterfield County,30928.0,Single Family,300000,2022-08-10T17:04:34.000Z,1524 Spring Lake Rd,Richmond,VA,23225,"1524 Spring Lake Rd, Richmond, VA 23225",2022-08-12T09:45:58.642Z,Inactive,2022-08-19T14:53:04.484Z,9,2022-08-11T08:18:03.300Z,"1524-Spring-Lake-Rd,-Richmond,-VA-23225",37.520881,-77.537491,4.0,2.0,1820.0,1949.0,
161,Richmond,,Single Family,375000,2022-08-07T21:37:56.000Z,1908 Hillcrest Cir,Richmond,VA,23225,"1908 Hillcrest Cir, Richmond, VA 23225",2022-08-12T09:30:48.901Z,Inactive,2022-08-19T14:53:04.484Z,12,2022-08-08T08:25:08.728Z,"1908-Hillcrest-Cir,-Richmond,-VA-23225",37.523663,-77.473396,4.0,1.0,1665.0,1959.0,
162,Richmond,21523.0,Single Family,340000,2022-07-07T11:46:32.000Z,1801 N Junaluska Dr,Richmond,VA,23225,"1801 N Junaluska Dr, Richmond, VA 23225",2022-08-10T11:59:19.325Z,Inactive,2022-08-17T14:52:47.387Z,42,2022-08-07T10:49:24.998Z,"1801-N-Junaluska-Dr,-Richmond,-VA-23225",37.525864,-77.515374,3.0,1.5,1330.0,1956.0,
163,Richmond,10498.0,Single Family,229950,2022-08-09T22:51:10.000Z,5601 Bondsor Ln,Richmond,VA,23225,"5601 Bondsor Ln, Richmond, VA 23225",2022-08-10T09:57:01.166Z,Inactive,2022-08-17T14:51:07.186Z,8,2022-08-10T09:57:01.166Z,"5601-Bondsor-Ln,-Richmond,-VA-23225",37.519404,-77.501046,4.0,1.0,1238.0,1947.0,
164,Richmond,7401.0,Single Family,399900,2022-08-04T20:58:44.000Z,1502 W 41st St,Richmond,VA,23225,"1502 W 41st St, Richmond, VA 23225",2022-08-09T09:12:12.246Z,Inactive,2022-08-16T14:51:14.279Z,12,2022-08-07T08:28:24.371Z,"1502-W-41st-St,-Richmond,-VA-23225",37.519113,-77.476913,3.0,2.0,1624.0,1937.0,
165,Richmond,,Condo,379990,2022-07-14T00:00:00.000Z,2109 Boro Ridge St,Richmond,VA,23225,"2109 Boro Ridge St, Richmond, VA 23225",2022-08-08T11:11:03.900Z,Inactive,2022-08-15T14:53:48.153Z,33,2022-08-07T10:49:24.986Z,"2109-Boro-Ridge-St,-Richmond,-VA-23225",37.521293,-77.454522,3.0,2.5,1709.0,,
166,Richmond,29682.0,Single Family,434450,2022-06-27T17:23:31.000Z,2740 Lansdale Rd,Richmond,VA,23225,"2740 Lansdale Rd, Richmond, VA 23225",2022-08-07T10:49:25.013Z,Inactive,2022-08-14T18:47:09.680Z,49,2022-08-07T10:49:25.013Z,"2740-Lansdale-Rd,-Richmond,-VA-23225",37.535407,-77.544256,3.0,2.5,2373.0,1998.0,
167,Richmond,8381.0,Single Family,399950,2022-08-03T04:33:27.000Z,5201 Devonshire Rd,Richmond,VA,23225,"5201 Devonshire Rd, Richmond, VA 23225",2022-08-07T08:28:24.394Z,Inactive,2022-08-14T18:47:09.680Z,12,2022-08-07T08:28:24.394Z,"5201-Devonshire-Rd,-Richmond,-VA-23225",37.524798,-77.49267,3.0,2.0,1305.0,1954.0,
168,Richmond,7501.0,Single Family,385000,2022-08-04T12:41:00.000Z,1007 W 46th St,Richmond,VA,23225,"1007 W 46th St, Richmond, VA 23225",2022-08-07T08:28:24.383Z,Inactive,2022-08-14T18:47:09.680Z,11,2022-08-07T08:28:24.383Z,"1007-W-46th-St,-Richmond,-VA-23225",37.517241,-77.485174,3.0,1.0,1403.0,1945.0,
169,Chesterfield County,9365.0,Single Family,310000,2022-07-16T11:24:57.629Z,7206 Pony Cart Dr,Richmond,VA,23225,"7206 Pony Cart Dr, Richmond, VA 23225",2022-08-06T12:04:19.258Z,Inactive,2022-08-13T15:15:16.333Z,29,2022-07-16T11:24:57.629Z,"7206-Pony-Cart-Dr,-Richmond,-VA-23225",37.484337,-77.527223,3.0,2.5,1484.0,2000.0,
170,Chesterfield County,,Single Family,395000,2022-04-18T11:46:42.225Z,700 Turner Rd,Richmond,VA,23225,"700 Turner Rd, Richmond, VA 23225",2022-07-28T11:44:04.247Z,Inactive,2022-08-12T17:46:35.001Z,117,2022-04-18T11:46:42.225Z,"700-Turner-Rd,-Richmond,-VA-23225",37.492195,-77.53622,4.0,4.0,3000.0,,
171,Chesterfield County,,Single Family,255000,2022-06-25T11:49:29.755Z,1805 Meadow Farm Dr,Richmond,VA,23225,"1805 Meadow Farm Dr, Richmond, VA 23225",2022-07-28T08:58:36.041Z,Inactive,2022-08-12T17:41:38.731Z,49,2022-06-25T11:49:29.755Z,"1805-Meadow-Farm-Dr,-Richmond,-VA-23225",37.480934,-77.519502,3.0,2.0,1195.0,,
172,Chesterfield County,,Single Family,374900,2022-05-10T11:38:59.918Z,1657 Milo Rd,Richmond,VA,23225,"1657 Milo Rd, Richmond, VA 23225",2022-07-22T11:50:06.741Z,Inactive,2022-08-12T17:24:30.020Z,95,2022-05-10T11:38:59.918Z,"1657-Milo-Rd,-Richmond,-VA-23225",37.481355,-77.523973,5.0,3.5,4204.0,,
173,Chesterfield County,,Single Family,299900,2022-06-24T09:28:11.343Z,7212 Buggy Pl,Richmond,VA,23225,"7212 Buggy Pl, Richmond, VA 23225",2022-07-19T10:14:37.991Z,Inactive,2022-08-12T17:16:09.499Z,50,2022-06-24T09:28:11.343Z,"7212-Buggy-Pl,-Richmond,-VA-23225",37.480883,-77.525722,3.0,2.5,1640.0,,
174,Chesterfield County,,Single Family,219000,2022-04-09T06:02:11.511Z,1806 Meadow Park Cir,Richmond,VA,23225,"1806 Meadow Park Cir, Richmond, VA 23225",2022-07-01T06:10:27.595Z,Inactive,2022-08-12T16:38:08.556Z,126,2022-04-09T06:02:11.511Z,"1806-Meadow-Park-Cir,-Richmond,-VA-23225",37.480349,-77.518228,3.0,2.0,1000.0,,
175,Chesterfield County,,Single Family,360000,2022-04-17T14:53:48.739Z,2101 Turner Rd,Richmond,VA,23225,"2101 Turner Rd, Richmond, VA 23225",2022-05-16T10:10:30.017Z,Inactive,2022-08-12T14:55:27.084Z,118,2022-04-17T14:53:48.739Z,"2101-Turner-Rd,-Richmond,-VA-23225",37.476734,-77.526003,3.0,2.0,1758.0,,
176,Chesterfield County,,Single Family,259000,2022-04-08T06:37:11.714Z,1801 Meadow Farm Dr,Richmond,VA,23225,"1801 Meadow Farm Dr, Richmond, VA 23225",2022-05-10T07:34:39.197Z,Inactive,2022-08-10T16:34:45.829Z,125,2022-04-08T06:37:11.714Z,"1801-Meadow-Farm-Dr,-Richmond,-VA-23225",37.481342,-77.519412,4.0,2.5,1421.0,,
177,Chesterfield County,,Single Family,200000,2022-03-25T05:40:38.708Z,2131 Turner Rd,Richmond,VA,23225,"2131 Turner Rd, Richmond, VA 23225",2022-05-06T09:01:38.000Z,Inactive,2022-08-10T16:29:02.527Z,139,2022-03-25T05:40:38.708Z,"2131-Turner-Rd,-Richmond,-VA-23225",37.475524,-77.525919,2.0,1.0,1240.0,,
178,,,Land,2200000,2022-03-01T12:45:27.267Z,700 W 44th St,Richmond,VA,23225,"700 W 44th St, Richmond, VA 23225",2022-05-02T15:42:29.062Z,Inactive,2022-08-10T16:17:08.526Z,163,2022-03-01T12:45:27.267Z,"700-W-44th-St,-Richmond,-VA-23225",37.513239,-77.485459,0.0,,,,
179,Chesterfield County,,Single Family,950000,2022-05-02T15:34:41.962Z,5512 Woodburn Ct,Richmond,VA,23225,"5512 Woodburn Ct, Richmond, VA 23225",2022-05-02T15:34:41.962Z,Inactive,2022-08-10T16:17:08.526Z,101,2022-05-02T15:34:41.962Z,"5512-Woodburn-Ct,-Richmond,-VA-23225",37.529974,-77.499446,4.0,,5122.0,,
180,Chesterfield County,,Single Family,875000,2022-05-02T15:34:41.954Z,2621 Stratford Rd,Richmond,VA,23225,"2621 Stratford Rd, Richmond, VA 23225",2022-05-02T15:34:41.954Z,Inactive,2022-08-10T16:17:08.526Z,101,2022-05-02T15:34:41.954Z,"2621-Stratford-Rd,-Richmond,-VA-23225",37.535702,-77.545189,4.0,,4838.0,,
181,Chesterfield County,,Single Family,675000,2022-05-02T15:21:01.434Z,3210 Marlboro Ct,Richmond,VA,23225,"3210 Marlboro Ct, Richmond, VA 23225",2022-05-02T15:21:01.434Z,Inactive,2022-08-10T16:17:08.526Z,101,2022-05-02T15:21:01.434Z,"3210-Marlboro-Ct,-Richmond,-VA-23225",37.542885,-77.512519,4.0,2.5,2717.0,,
182,Chesterfield County,,Single Family,579950,2022-03-01T12:42:29.167Z,703 W 28th St,Richmond,VA,23225,"703 W 28th St, Richmond, VA 23225",2022-05-02T15:04:08.293Z,Inactive,2022-08-10T16:15:39.326Z,163,2022-03-01T12:42:29.167Z,"703-W-28th-St,-Richmond,-VA-23225",37.521138,-77.463377,4.0,2.5,2438.0,,
183,Chesterfield County,,Single Family,529900,2022-05-02T15:04:05.911Z,4716 King William Rd,Richmond,VA,23225,"4716 King William Rd, Richmond, VA 23225",2022-05-02T15:04:05.911Z,Inactive,2022-08-10T16:15:39.326Z,101,2022-05-02T15:04:05.911Z,"4716-King-William-Rd,-Richmond,-VA-23225",37.523199,-77.486489,3.0,2.5,1728.0,,
184,Chesterfield County,,Single Family,525000,2022-05-02T15:04:05.902Z,2909 Kenmore Rd,Richmond,VA,23225,"2909 Kenmore Rd, Richmond, VA 23225",2022-05-02T15:04:05.902Z,Inactive,2022-08-10T16:15:39.326Z,101,2022-05-02T15:04:05.902Z,"2909-Kenmore-Rd,-Richmond,-VA-23225",37.538589,-77.537419,4.0,2.5,2888.0,,
185,Chesterfield County,,Single Family,514000,2022-05-02T15:04:05.891Z,5206 Sylvan Ct,Richmond,VA,23225,"5206 Sylvan Ct, Richmond, VA 23225",2022-05-02T15:04:05.891Z,Inactive,2022-08-10T16:15:39.326Z,101,2022-05-02T15:04:05.891Z,"5206-Sylvan-Ct,-Richmond,-VA-23225",37.526332,-77.495885,4.0,2.5,2286.0,,
186,Chesterfield County,,Single Family,489000,2022-05-02T15:02:18.095Z,5108 King William Rd,Richmond,VA,23225,"5108 King William Rd, Richmond, VA 23225",2022-05-02T15:02:18.095Z,Inactive,2022-08-10T16:15:39.326Z,101,2022-05-02T15:02:18.095Z,"5108-King-William-Rd,-Richmond,-VA-23225",37.525284,-77.490671,3.0,1.5,1898.0,,
187,Chesterfield County,,Single Family,475000,2022-05-02T14:54:46.830Z,4617 Sylvan Rd,Richmond,VA,23225,"4617 Sylvan Rd, Richmond, VA 23225",2022-05-02T14:54:46.830Z,Inactive,2022-08-10T16:15:39.326Z,101,2022-05-02T14:54:46.830Z,"4617-Sylvan-Rd,-Richmond,-VA-23225",37.522404,-77.484397,3.0,1.5,1680.0,,
188,Chesterfield County,,Single Family,450000,2022-05-02T14:39:20.536Z,5603 Old Willow Ct,Richmond,VA,23225,"5603 Old Willow Ct, Richmond, VA 23225",2022-05-02T14:39:20.536Z,Inactive,2022-08-10T16:15:39.326Z,101,2022-05-02T14:39:20.536Z,"5603-Old-Willow-Ct,-Richmond,-VA-23225",37.525943,-77.507841,3.0,2.0,2736.0,,
189,Chesterfield County,,Apartment,449000,2022-05-02T14:39:20.525Z,2718 Semmes Ave,Richmond,VA,23225,"2718 Semmes Ave, Richmond, VA 23225",2022-05-02T14:39:20.525Z,Inactive,2022-08-10T16:15:39.326Z,101,2022-05-02T14:39:20.525Z,"2718-Semmes-Ave,-Richmond,-VA-23225",37.518545,-77.461905,4.0,2.5,2993.0,,
190,Chesterfield County,,Single Family,439000,2022-05-02T14:39:20.511Z,610 W 29th St,Richmond,VA,23225,"610 W 29th St, Richmond, VA 23225",2022-05-02T14:39:20.511Z,Inactive,2022-08-10T16:15:39.326Z,101,2022-05-02T14:39:20.511Z,"610-W-29th-St,-Richmond,-VA-23225",37.519657,-77.464625,4.0,2.0,2368.0,,
191,Chesterfield County,,Single Family,429000,2022-05-02T14:35:46.271Z,5022 Caledonia Rd,Richmond,VA,23225,"5022 Caledonia Rd, Richmond, VA 23225",2022-05-02T14:35:46.271Z,Inactive,2022-08-10T16:15:39.326Z,101,2022-05-02T14:35:46.271Z,"5022-Caledonia-Rd,-Richmond,-VA-23225",37.525379,-77.488876,3.0,1.5,1453.0,,
192,Chesterfield County,,Single Family,425000,2022-05-02T14:35:46.270Z,7840 Marilea Rd,Richmond,VA,23225,"7840 Marilea Rd, Richmond, VA 23225",2022-05-02T14:35:46.270Z,Inactive,2022-08-10T16:15:39.326Z,101,2022-05-02T14:35:46.270Z,"7840-Marilea-Rd,-Richmond,-VA-23225",37.546216,-77.538491,3.0,2.5,2014.0,,
193,Chesterfield County,,Single Family,399000,2022-05-02T14:35:44.106Z,802 W 29th St,Richmond,VA,23225,"802 W 29th St, Richmond, VA 23225",2022-05-02T14:35:44.106Z,Inactive,2022-08-10T16:15:39.326Z,101,2022-05-02T14:35:44.106Z,"802-W-29th-St,-Richmond,-VA-23225",37.521147,-77.465555,3.0,2.0,1543.0,,
194,Chesterfield County,,Single Family,399000,2022-05-02T14:35:44.103Z,4618 Sylvan Rd,Richmond,VA,23225,"4618 Sylvan Rd, Richmond, VA 23225",2022-05-02T14:35:44.103Z,Inactive,2022-08-10T16:15:39.326Z,101,2022-05-02T14:35:44.103Z,"4618-Sylvan-Rd,-Richmond,-VA-23225",37.521965,-77.484683,2.0,1.0,1299.0,,
195,Chesterfield County,,Single Family,399000,2022-05-02T14:35:44.101Z,7329 Longview Ct,Richmond,VA,23225,"7329 Longview Ct, Richmond, VA 23225",2022-05-02T14:35:44.101Z,Inactive,2022-08-10T16:15:39.326Z,101,2022-05-02T14:35:44.101Z,"7329-Longview-Ct,-Richmond,-VA-23225",37.547636,-77.524747,3.0,2.5,2000.0,,
196,Chesterfield County,,Single Family,399000,2022-05-02T14:35:44.100Z,1021 Taylor Ave,Richmond,VA,23225,"1021 Taylor Ave, Richmond, VA 23225",2022-05-02T14:35:44.100Z,Inactive,2022-08-10T16:15:39.326Z,101,2022-05-02T14:35:44.100Z,"1021-Taylor-Ave,-Richmond,-VA-23225",37.517625,-77.482805,3.0,,1451.0,,
197,Chesterfield County,,Single Family,395000,2022-05-02T14:20:06.407Z,303 W Roanoke St,Richmond,VA,23225,"303 W Roanoke St, Richmond, VA 23225",2022-05-02T14:20:06.407Z,Inactive,2022-08-10T16:15:39.326Z,101,2022-05-02T14:20:06.407Z,"303-W-Roanoke-St,-Richmond,-VA-23225",37.514013,-77.475262,3.0,2.5,1942.0,,
198,Chesterfield County,,Condo,379990,2022-03-01T12:19:57.542Z,2105 Old Manchester St,Richmond,VA,23225,"2105 Old Manchester St, Unit Qb, Richmond, VA 23225",2022-05-02T14:20:06.375Z,Inactive,2022-08-10T16:15:39.326Z,163,2022-03-01T12:19:57.542Z,"2105-Old-Manchester-St,-Unit-Qb,-Richmond,-VA-23225",37.520286,-77.454044,3.0,2.5,1916.0,,Unit Qb
199,Chesterfield County,,Single Family,379950,2022-05-02T14:20:06.373Z,6813 Greenvale Dr,Richmond,VA,23225,"6813 Greenvale Dr, Richmond, VA 23225",2022-05-02T14:20:06.373Z,Inactive,2022-08-10T16:15:39.326Z,101,2022-05-02T14:20:06.373Z,"6813-Greenvale-Dr,-Richmond,-VA-23225",37.526779,-77.52213,4.0,2.5,2614.0,,
200,Chesterfield County,,Single Family,375000,2022-03-01T12:19:57.540Z,5635 Forest Hill Ave,Richmond,VA,23225,"5635 Forest Hill Ave, Richmond, VA 23225",2022-05-02T14:20:03.991Z,Inactive,2022-08-10T16:15:39.326Z,163,2022-03-01T12:19:57.540Z,"5635-Forest-Hill-Ave,-Richmond,-VA-23225",37.529152,-77.502842,4.0,1.5,2774.0,,
201,Chesterfield County,,Single Family,375000,2022-05-02T14:20:03.987Z,3022 Marlboro Dr,Richmond,VA,23225,"3022 Marlboro Dr, Richmond, VA 23225",2022-05-02T14:20:03.987Z,Inactive,2022-08-10T16:15:39.326Z,101,2022-05-02T14:20:03.987Z,"3022-Marlboro-Dr,-Richmond,-VA-23225",37.540136,-77.513934,3.0,2.5,2030.0,,
202,Chesterfield County,,Single Family,375000,2022-05-02T14:20:03.981Z,4018 Sharon Ct,Richmond,VA,23225,"4018 Sharon Ct, Richmond, VA 23225",2022-05-02T14:20:03.981Z,Inactive,2022-08-10T16:15:39.326Z,101,2022-05-02T14:20:03.981Z,"4018-Sharon-Ct,-Richmond,-VA-23225",37.515958,-77.476636,3.0,2.0,1220.0,,
203,Chesterfield County,,Single Family,359000,2022-05-02T14:18:20.324Z,3105 Bradwill Rd,Richmond,VA,23225,"3105 Bradwill Rd, Richmond, VA 23225",2022-05-02T14:18:20.324Z,Inactive,2022-08-10T16:15:39.326Z,101,2022-05-02T14:18:20.324Z,"3105-Bradwill-Rd,-Richmond,-VA-23225",37.542407,-77.529169,4.0,3.5,2446.0,,
204,Chesterfield County,,Single Family,359000,2022-05-02T14:18:20.323Z,7430 Comanche Dr,Richmond,VA,23225,"7430 Comanche Dr, Richmond, VA 23225",2022-05-02T14:18:20.323Z,Inactive,2022-08-10T16:15:39.326Z,101,2022-05-02T14:18:20.323Z,"7430-Comanche-Dr,-Richmond,-VA-23225",37.546764,-77.527017,3.0,1.5,1664.0,,
205,Chesterfield County,,Condo,355000,2022-05-02T14:18:20.320Z,5505 Riverside Heights Way,Richmond,VA,23225,"5505 Riverside Heights Way, Richmond, VA 23225",2022-05-02T14:18:20.320Z,Inactive,2022-08-10T16:15:39.326Z,101,2022-05-02T14:18:20.320Z,"5505-Riverside-Heights-Way,-Richmond,-VA-23225",37.527542,-77.503585,3.0,2.5,2176.0,,
206,Chesterfield County,,Single Family,350000,2022-05-02T14:18:20.313Z,2416 Bainbridge St,Richmond,VA,23225,"2416 Bainbridge St, Richmond, VA 23225",2022-05-02T14:18:20.313Z,Inactive,2022-08-10T16:15:39.326Z,101,2022-05-02T14:18:20.313Z,"2416-Bainbridge-St,-Richmond,-VA-23225",37.516174,-77.45572,3.0,2.5,2140.0,,
207,Chesterfield County,,Single Family,350000,2022-05-02T14:18:20.303Z,7210 Cherokee Rd,Richmond,VA,23225,"7210 Cherokee Rd, Richmond, VA 23225",2022-05-02T14:18:20.303Z,Inactive,2022-08-10T16:15:39.326Z,101,2022-05-02T14:18:20.303Z,"7210-Cherokee-Rd,-Richmond,-VA-23225",37.542558,-77.524606,3.0,1.5,1407.0,,
208,Chesterfield County,,Single Family,349950,2022-05-02T14:15:57.231Z,1224 Westover Gardens Blvd,Richmond,VA,23225,"1224 Westover Gardens Blvd, Richmond, VA 23225",2022-05-02T14:15:57.231Z,Inactive,2022-08-10T16:15:39.326Z,101,2022-05-02T14:15:57.231Z,"1224-Westover-Gardens-Blvd,-Richmond,-VA-23225",37.518269,-77.521704,3.0,2.0,1745.0,,
209,Chesterfield County,,Single Family,349900,2022-05-02T14:15:57.225Z,6216 Glyndon Ln,Richmond,VA,23225,"6216 Glyndon Ln, Richmond, VA 23225",2022-05-02T14:15:57.225Z,Inactive,2022-08-10T16:15:39.326Z,101,2022-05-02T14:15:57.225Z,"6216-Glyndon-Ln,-Richmond,-VA-23225",37.534356,-77.510075,3.0,2.0,1544.0,,
210,Chesterfield County,,Single Family,339000,2022-05-02T14:15:57.194Z,1816 Glencove Ln,Richmond,VA,23225,"1816 Glencove Ln, Richmond, VA 23225",2022-05-02T14:15:57.194Z,Inactive,2022-08-10T16:15:39.326Z,101,2022-05-02T14:15:57.194Z,"1816-Glencove-Ln,-Richmond,-VA-23225",37.526553,-77.519599,3.0,2.5,1786.0,,
211,Chesterfield County,,Condo,336000,2022-05-02T14:15:57.193Z,2956 Hathaway Rd,Richmond,VA,23225,"2956 Hathaway Rd, Unit U601, Richmond, VA 23225",2022-05-02T14:15:57.193Z,Inactive,2022-08-10T16:15:39.326Z,101,2022-05-02T14:15:57.193Z,"2956-Hathaway-Rd,-Unit-U601,-Richmond,-VA-23225",37.54007,-77.519647,3.0,2.0,1729.0,,Unit U601
212,Chesterfield County,,Single Family,332000,2022-05-02T14:14:11.391Z,112 W 29th St,Richmond,VA,23225,"112 W 29th St, Richmond, VA 23225",2022-05-02T14:14:11.391Z,Inactive,2022-08-10T16:15:39.326Z,101,2022-05-02T14:14:11.391Z,"112-W-29th-St,-Richmond,-VA-23225",37.515098,-77.461793,3.0,2.0,1303.0,,
213,Chesterfield County,,Single Family,330000,2022-05-02T14:14:11.385Z,6306 Bliley Rd,Richmond,VA,23225,"6306 Bliley Rd, Richmond, VA 23225",2022-05-02T14:14:11.385Z,Inactive,2022-08-10T16:15:39.326Z,101,2022-05-02T14:14:11.385Z,"6306-Bliley-Rd,-Richmond,-VA-23225",37.525337,-77.513258,4.0,1.0,1308.0,,
214,Chesterfield County,,Single Family,286440,2021-12-18T08:01:51.108Z,2 Turner Rd,Richmond,VA,23225,"2 Turner Rd, Richmond, VA 23225",2022-05-01T11:41:15.037Z,Inactive,2022-08-10T16:12:44.456Z,236,2021-12-18T08:01:51.108Z,"2-Turner-Rd,-Richmond,-VA-23225",37.499026,-77.53724,3.0,2.5,1440.0,,
215,Chesterfield County,,Single Family,215000,2022-02-25T07:19:31.509Z,1530 Wake Ave,Richmond,VA,23225,"1530 Wake Ave, Richmond, VA 23225",2022-04-14T07:02:09.321Z,Inactive,2022-08-10T15:33:27.246Z,167,2022-02-25T07:19:31.509Z,"1530-Wake-Ave,-Richmond,-VA-23225",37.483151,-77.524935,3.0,1.0,1686.0,,
216,Chesterfield County,,Single Family,245000,2022-02-19T08:10:01.246Z,1704 Meadow Park Dr,Richmond,VA,23225,"1704 Meadow Park Dr, Richmond, VA 23225",2022-03-16T10:01:26.897Z,Inactive,2022-08-09T21:19:33.380Z,172,2022-02-19T08:10:01.246Z,"1704-Meadow-Park-Dr,-Richmond,-VA-23225",37.481843,-77.518881,4.0,2.0,1440.0,,
217,Chesterfield County,,Single Family,294950,2021-04-07T05:19:37.789Z,1751 Parkway Ln,Richmond,VA,23225,"1751 Parkway Ln, Richmond, VA 23225",2022-03-04T10:18:58.074Z,Inactive,2022-08-09T20:56:41.334Z,490,2021-04-07T05:19:37.789Z,"1751-Parkway-Ln,-Richmond,-VA-23225",37.48093,-77.521838,3.0,3.0,1706.0,,
218,Prince George County,,Single Family,599000,2022-03-01T12:42:29.169Z,5609 Langdon Ct,Richmond,VA,23225,"5609 Langdon Ct, Richmond, VA 23225",2022-03-01T12:42:29.169Z,Inactive,2022-08-09T20:47:40.387Z,162,2022-03-01T12:42:29.169Z,"5609-Langdon-Ct,-Richmond,-VA-23225",37.531093,-77.500281,3.0,,2374.0,,
219,Prince George County,,Single Family,525000,2022-03-01T12:35:02.773Z,5626 Woodburn Rd,Richmond,VA,23225,"5626 Woodburn Rd, Richmond, VA 23225",2022-03-01T12:35:02.773Z,Inactive,2022-08-09T20:47:40.387Z,162,2022-03-01T12:35:02.773Z,"5626-Woodburn-Rd,-Richmond,-VA-23225",37.530767,-77.500494,4.0,3.5,2299.0,,
220,Prince George County,,Single Family,525000,2022-03-01T12:35:02.771Z,5414 Dorchester Rd,Richmond,VA,23225,"5414 Dorchester Rd, Richmond, VA 23225",2022-03-01T12:35:02.771Z,Inactive,2022-08-09T20:47:40.387Z,162,2022-03-01T12:35:02.771Z,"5414-Dorchester-Rd,-Richmond,-VA-23225",37.528888,-77.495987,4.0,2.5,2407.0,,
221,Prince George County,,Single Family,499000,2022-03-01T12:35:02.760Z,5323 Sylvan Rd,Richmond,VA,23225,"5323 Sylvan Rd, Richmond, VA 23225",2022-03-01T12:35:02.760Z,Inactive,2022-08-09T20:47:40.387Z,162,2022-03-01T12:35:02.760Z,"5323-Sylvan-Rd,-Richmond,-VA-23225",37.528151,-77.495842,4.0,,2080.0,,
222,Prince George County,,Single Family,489000,2022-03-01T12:35:02.756Z,5113 Sylvan Rd,Richmond,VA,23225,"5113 Sylvan Rd, Richmond, VA 23225",2022-03-01T12:35:02.756Z,Inactive,2022-08-09T20:47:40.387Z,162,2022-03-01T12:35:02.756Z,"5113-Sylvan-Rd,-Richmond,-VA-23225",37.52508,-77.491206,3.0,2.0,1898.0,,
223,Prince George County,,Single Family,480000,2022-03-01T12:35:02.753Z,5030 Sylvan Rd,Richmond,VA,23225,"5030 Sylvan Rd, Richmond, VA 23225",2022-03-01T12:35:02.753Z,Inactive,2022-08-09T20:47:40.387Z,162,2022-03-01T12:35:02.753Z,"5030-Sylvan-Rd,-Richmond,-VA-23225",37.523912,-77.490087,3.0,1.5,1658.0,,
224,Prince George County,,Single Family,450000,2022-03-01T12:33:42.628Z,5417 Dorchester Rd,Richmond,VA,23225,"5417 Dorchester Rd, Richmond, VA 23225",2022-03-01T12:33:42.628Z,Inactive,2022-08-09T20:47:40.387Z,162,2022-03-01T12:33:42.628Z,"5417-Dorchester-Rd,-Richmond,-VA-23225",37.529416,-77.49561,4.0,2.0,1785.0,,
225,Prince George County,,Single Family,429000,2022-03-01T12:33:42.608Z,605 W 26th St,Richmond,VA,23225,"605 W 26th St, Richmond, VA 23225",2022-03-01T12:33:42.608Z,Inactive,2022-08-09T20:47:40.387Z,162,2022-03-01T12:33:42.608Z,"605-W-26th-St,-Richmond,-VA-23225",37.521183,-77.460505,3.0,2.5,1632.0,,
226,,,Single Family,390000,2022-03-01T12:29:38.747Z,1306 Newell Rd,Richmond,VA,23225,"1306 Newell Rd, Richmond, VA 23225",2022-03-01T12:29:38.747Z,Inactive,2022-08-09T20:47:40.387Z,162,2022-03-01T12:29:38.747Z,"1306-Newell-Rd,-Richmond,-VA-23225",37.521684,-77.507304,4.0,3.0,1991.0,,
227,,,Condo,380280,2022-03-01T12:29:38.741Z,2024 Tobacco Mill St,Richmond,VA,23225,"2024 Tobacco Mill St, Unit Oc, Richmond, VA 23225",2022-03-01T12:29:38.741Z,Inactive,2022-08-09T20:47:40.387Z,162,2022-03-01T12:29:38.741Z,"2024-Tobacco-Mill-St,-Unit-Oc,-Richmond,-VA-23225",37.520775,-77.453462,3.0,,1916.0,,Unit Oc
228,Prince George County,,Condo,379999,2022-03-01T12:19:57.547Z,2621 Bainbridge St,Richmond,VA,23225,"2621 Bainbridge St, Richmond, VA 23225",2022-03-01T12:19:57.547Z,Inactive,2022-08-09T20:47:40.387Z,162,2022-03-01T12:19:57.547Z,"2621-Bainbridge-St,-Richmond,-VA-23225",37.515999,-77.458638,3.0,2.5,,,
229,Prince George County,,Condo,379999,2022-03-01T12:19:57.546Z,2619 Bainbridge St,Richmond,VA,23225,"2619 Bainbridge St, Richmond, VA 23225",2022-03-01T12:19:57.546Z,Inactive,2022-08-09T20:47:40.387Z,162,2022-03-01T12:19:57.546Z,"2619-Bainbridge-St,-Richmond,-VA-23225",37.515847,-77.458493,3.0,2.5,,,
230,Prince George County,,Single Family,345000,2022-03-01T12:10:05.174Z,812 W 46th St,Richmond,VA,23225,"812 W 46th St, Richmond, VA 23225",2022-03-01T12:10:05.174Z,Inactive,2022-08-09T20:47:40.387Z,162,2022-03-01T12:10:05.174Z,"812-W-46th-St,-Richmond,-VA-23225",37.515796,-77.486207,3.0,1.0,1207.0,,
231,Prince George County,,Single Family,345000,2022-03-01T12:10:05.173Z,30 W 30th St,Richmond,VA,23225,"30 W 30th St, Richmond, VA 23225",2022-03-01T12:10:05.173Z,Inactive,2022-08-09T20:47:40.387Z,162,2022-03-01T12:10:05.173Z,"30-W-30th-St,-Richmond,-VA-23225",37.513593,-77.463241,4.0,2.0,1626.0,,
232,Prince George County,,Single Family,329000,2022-03-01T11:48:32.254Z,200 W 29th St,Richmond,VA,23225,"200 W 29th St, Richmond, VA 23225",2022-03-01T11:48:32.254Z,Inactive,2022-08-09T20:47:40.387Z,162,2022-03-01T11:48:32.254Z,"200-W-29th-St,-Richmond,-VA-23225",37.515576,-77.462099,3.0,1.0,1151.0,,
233,Prince George County,,Single Family,315000,2022-03-01T11:48:32.238Z,304 Dundee Ave,Richmond,VA,23225,"304 Dundee Ave, Richmond, VA 23225",2022-03-01T11:48:32.238Z,Inactive,2022-08-09T20:47:40.387Z,162,2022-03-01T11:48:32.238Z,"304-Dundee-Ave,-Richmond,-VA-23225",37.514331,-77.470909,5.0,,1942.0,,
234,Prince George County,,Single Family,315000,2022-03-01T11:48:32.237Z,2212 Perry St,Richmond,VA,23225,"2212 Perry St, Richmond, VA 23225",2022-03-01T11:48:32.237Z,Inactive,2022-08-09T20:47:40.387Z,162,2022-03-01T11:48:32.237Z,"2212-Perry-St,-Richmond,-VA-23225",37.518841,-77.455262,3.0,2.5,1564.0,,
235,Prince George County,,Single Family,285000,2022-03-01T11:32:21.536Z,212 German School Rd,Richmond,VA,23225,"212 German School Rd, Richmond, VA 23225",2022-03-01T11:32:21.536Z,Inactive,2022-08-09T20:47:40.387Z,162,2022-03-01T11:32:21.536Z,"212-German-School-Rd,-Richmond,-VA-23225",37.507997,-77.505771,3.0,2.5,1539.0,,
236,Prince George County,,Single Family,285000,2022-03-01T11:32:21.531Z,5740 Swanson Rd,Richmond,VA,23225,"5740 Swanson Rd, Richmond, VA 23225",2022-03-01T11:32:21.531Z,Inactive,2022-08-09T20:47:40.387Z,162,2022-03-01T11:32:21.531Z,"5740-Swanson-Rd,-Richmond,-VA-23225",37.490716,-77.498835,4.0,2.5,1816.0,,
237,Prince George County,,Single Family,285000,2022-03-01T11:32:21.530Z,5208 Tilford Rd,Richmond,VA,23225,"5208 Tilford Rd, Richmond, VA 23225",2022-03-01T11:32:21.530Z,Inactive,2022-08-09T20:47:40.387Z,162,2022-03-01T11:32:21.530Z,"5208-Tilford-Rd,-Richmond,-VA-23225",37.513464,-77.494295,3.0,1.5,1445.0,,
238,Prince George County,,Single Family,285000,2022-03-01T10:58:25.726Z,6354 Stonybrook Dr,Richmond,VA,23225,"6354 Stonybrook Dr, Richmond, VA 23225",2022-03-01T10:58:25.726Z,Inactive,2022-08-09T20:47:40.387Z,162,2022-03-01T10:58:25.726Z,"6354-Stonybrook-Dr,-Richmond,-VA-23225",37.52543,-77.515092,3.0,1.5,1220.0,,
239,Prince George County,,Single Family,284900,2022-03-01T10:58:25.723Z,5418 Jahnke Rd,Richmond,VA,23225,"5418 Jahnke Rd, Richmond, VA 23225",2022-03-01T10:58:25.723Z,Inactive,2022-08-09T20:47:40.387Z,162,2022-03-01T10:58:25.723Z,"5418-Jahnke-Rd,-Richmond,-VA-23225",37.519044,-77.49942,4.0,2.0,1350.0,,
240,Prince George County,,Single Family,284950,2022-03-01T10:58:25.723Z,5918 Ellis Woods Way,Richmond,VA,23225,"5918 Ellis Woods Way, Richmond, VA 23225",2022-03-01T10:58:25.723Z,Inactive,2022-08-09T20:47:40.387Z,162,2022-03-01T10:58:25.723Z,"5918-Ellis-Woods-Way,-Richmond,-VA-23225",37.495838,-77.506018,4.0,2.5,1828.0,,
241,Prince George County,,Single Family,275000,2022-03-01T10:58:25.711Z,6437 Holliday Rd,Richmond,VA,23225,"6437 Holliday Rd, Richmond, VA 23225",2022-03-01T10:58:25.711Z,Inactive,2022-08-09T20:47:40.387Z,162,2022-03-01T10:58:25.711Z,"6437-Holliday-Rd,-Richmond,-VA-23225",37.492595,-77.513729,4.0,1.5,1420.0,,
242,Prince George County,,Single Family,275000,2022-03-01T10:58:25.711Z,5405 Decker Rd,Richmond,VA,23225,"5405 Decker Rd, Richmond, VA 23225",2022-03-01T10:58:25.711Z,Inactive,2022-08-09T20:47:40.387Z,162,2022-03-01T10:58:25.711Z,"5405-Decker-Rd,-Richmond,-VA-23225",37.511855,-77.499366,3.0,1.5,1874.0,,
243,Prince George County,,Single Family,269900,2022-03-01T10:58:25.704Z,2517 Porter St,Richmond,VA,23225,"2517 Porter St, Richmond, VA 23225",2022-03-01T10:58:25.704Z,Inactive,2022-08-09T20:47:40.387Z,162,2022-03-01T10:58:25.704Z,"2517-Porter-St,-Richmond,-VA-23225",37.517146,-77.457644,3.0,1.5,1254.0,,
244,Prince George County,,Single Family,260000,2022-03-01T10:52:37.912Z,6343 Daytona Dr,Richmond,VA,23225,"6343 Daytona Dr, Richmond, VA 23225",2022-03-01T10:52:37.912Z,Inactive,2022-08-09T20:47:40.387Z,162,2022-03-01T10:52:37.912Z,"6343-Daytona-Dr,-Richmond,-VA-23225",37.48772,-77.511889,3.0,2.0,1292.0,,
245,Prince George County,,Single Family,257950,2022-03-01T10:52:37.906Z,6208 Beaufont Hills Ct,Richmond,VA,23225,"6208 Beaufont Hills Ct, Richmond, VA 23225",2022-03-01T10:52:37.906Z,Inactive,2022-08-09T20:47:40.387Z,162,2022-03-01T10:52:37.906Z,"6208-Beaufont-Hills-Ct,-Richmond,-VA-23225",37.507788,-77.514572,3.0,2.5,1770.0,,
246,Prince George County,,Single Family,255500,2022-03-01T10:52:37.903Z,5919 Sawston Rd,Richmond,VA,23225,"5919 Sawston Rd, Richmond, VA 23225",2022-03-01T10:52:37.903Z,Inactive,2022-08-09T20:47:40.387Z,162,2022-03-01T10:52:37.903Z,"5919-Sawston-Rd,-Richmond,-VA-23225",37.491012,-77.50282,4.0,2.5,1561.0,,
247,Prince George County,,Single Family,252000,2022-03-01T10:52:37.900Z,6017 Lamar Dr,Richmond,VA,23225,"6017 Lamar Dr, Richmond, VA 23225",2022-03-01T10:52:37.900Z,Inactive,2022-08-09T20:47:40.387Z,162,2022-03-01T10:52:37.900Z,"6017-Lamar-Dr,-Richmond,-VA-23225",37.508069,-77.508291,4.0,2.0,1205.0,,
248,Prince George County,,Single Family,250000,2022-03-01T10:52:37.898Z,718 Hill Top Dr,Richmond,VA,23225,"718 Hill Top Dr, Richmond, VA 23225",2022-03-01T10:52:37.898Z,Inactive,2022-08-09T20:47:40.387Z,162,2022-03-01T10:52:37.898Z,"718-Hill-Top-Dr,-Richmond,-VA-23225",37.514983,-77.492724,3.0,1.0,1084.0,,
249,Prince George County,,Single Family,250000,2022-03-01T10:52:37.895Z,6215 Lamar Dr,Richmond,VA,23225,"6215 Lamar Dr, Richmond, VA 23225",2022-03-01T10:52:37.895Z,Inactive,2022-08-09T20:47:40.387Z,162,2022-03-01T10:52:37.895Z,"6215-Lamar-Dr,-Richmond,-VA-23225",37.506715,-77.513805,3.0,2.5,1390.0,,
250,Prince George County,,Single Family,239950,2022-03-01T09:48:46.436Z,5518 Wainwright Dr,Richmond,VA,23225,"5518 Wainwright Dr, Richmond, VA 23225",2022-03-01T09:48:46.436Z,Inactive,2022-08-09T20:47:40.387Z,162,2022-03-01T09:48:46.436Z,"5518-Wainwright-Dr,-Richmond,-VA-23225",37.514784,-77.500786,3.0,2.0,1188.0,,
251,Prince George County,,Single Family,238950,2022-03-01T09:48:46.434Z,6430 Worthington Rd,Richmond,VA,23225,"6430 Worthington Rd, Richmond, VA 23225",2022-03-01T09:48:46.434Z,Inactive,2022-08-09T20:47:40.387Z,162,2022-03-01T09:48:46.434Z,"6430-Worthington-Rd,-Richmond,-VA-23225",37.494494,-77.51338,4.0,1.5,1320.0,,
252,Prince George County,,Condo,235000,2022-03-01T09:48:46.429Z,1129 Grand Brook Dr,Richmond,VA,23225,"1129 Grand Brook Dr, Richmond, VA 23225",2022-03-01T09:48:46.429Z,Inactive,2022-08-09T20:47:40.387Z,162,2022-03-01T09:48:46.429Z,"1129-Grand-Brook-Dr,-Richmond,-VA-23225",37.515447,-77.520303,3.0,2.5,1414.0,,
253,Prince George County,,Single Family,235000,2022-03-01T09:48:46.427Z,1006 Halsey Ln,Richmond,VA,23225,"1006 Halsey Ln, Richmond, VA 23225",2022-03-01T09:48:46.427Z,Inactive,2022-08-09T20:47:40.387Z,162,2022-03-01T09:48:46.427Z,"1006-Halsey-Ln,-Richmond,-VA-23225",37.517267,-77.505192,2.0,1.0,796.0,,
254,Prince George County,,Single Family,234950,2022-03-01T09:48:46.427Z,5660 Swanson Rd,Richmond,VA,23225,"5660 Swanson Rd, Richmond, VA 23225",2022-03-01T09:48:46.427Z,Inactive,2022-08-09T20:47:40.387Z,162,2022-03-01T09:48:46.427Z,"5660-Swanson-Rd,-Richmond,-VA-23225",37.489525,-77.49685,3.0,1.5,1355.0,,
255,Prince George County,,Single Family,230000,2022-03-01T09:48:46.422Z,1118 Whitehead Rd,Richmond,VA,23225,"1118 Whitehead Rd, Richmond, VA 23225",2022-03-01T09:48:46.422Z,Inactive,2022-08-09T20:47:40.387Z,162,2022-03-01T09:48:46.422Z,"1118-Whitehead-Rd,-Richmond,-VA-23225",37.490583,-77.509383,3.0,1.0,1098.0,,
256,Prince George County,,Single Family,229000,2022-03-01T09:48:46.416Z,603 Larrymore Ct,Richmond,VA,23225,"603 Larrymore Ct, Richmond, VA 23225",2022-03-01T09:48:46.416Z,Inactive,2022-08-09T20:47:40.387Z,162,2022-03-01T09:48:46.416Z,"603-Larrymore-Ct,-Richmond,-VA-23225",37.513017,-77.499395,3.0,1.5,1581.0,,
257,Prince George County,,Single Family,224000,2022-03-01T09:18:48.304Z,2217 Bainbridge St,Richmond,VA,23225,"2217 Bainbridge St, Richmond, VA 23225",2022-03-01T09:18:48.304Z,Inactive,2022-08-09T20:47:40.387Z,162,2022-03-01T09:18:48.304Z,"2217-Bainbridge-St,-Richmond,-VA-23225",37.517429,-77.45458,3.0,1.0,869.0,,
258,Prince George County,,Single Family,219000,2022-03-01T09:18:48.296Z,6529 Ludwig Rd,Richmond,VA,23225,"6529 Ludwig Rd, Richmond, VA 23225",2022-03-01T09:18:48.296Z,Inactive,2022-08-09T20:47:40.387Z,162,2022-03-01T09:18:48.296Z,"6529-Ludwig-Rd,-Richmond,-VA-23225",37.491882,-77.516429,3.0,1.0,1098.0,,
259,Prince George County,,Single Family,205000,2022-03-01T09:18:48.266Z,2515 Hargrove St,Richmond,VA,23225,"2515 Hargrove St, Richmond, VA 23225",2022-03-01T09:18:48.266Z,Inactive,2022-08-09T20:47:40.387Z,162,2022-03-01T09:18:48.266Z,"2515-Hargrove-St,-Richmond,-VA-23225",37.517908,-77.458036,3.0,1.0,1132.0,,
260,Prince George County,,Apartment,200000,2022-03-01T09:06:18.659Z,2513 Bainbridge St,Richmond,VA,23225,"2513 Bainbridge St, Richmond, VA 23225",2022-03-01T09:06:18.659Z,Inactive,2022-08-09T20:46:14.009Z,162,2022-03-01T09:06:18.659Z,"2513-Bainbridge-St,-Richmond,-VA-23225",37.516482,-77.456924,4.0,4.0,1512.0,,
261,Prince George County,,Single Family,200000,2022-03-01T09:06:18.659Z,6115 Coniston Ave,Richmond,VA,23225,"6115 Coniston Ave, Richmond, VA 23225",2022-03-01T09:06:18.659Z,Inactive,2022-08-09T20:46:14.009Z,162,2022-03-01T09:06:18.659Z,"6115-Coniston-Ave,-Richmond,-VA-23225",37.489392,-77.506604,2.0,2.0,864.0,,
262,Prince George County,,Single Family,195000,2022-03-01T09:06:18.646Z,911 Irby Dr,Richmond,VA,23225,"911 Irby Dr, Richmond, VA 23225",2022-03-01T09:06:18.646Z,Inactive,2022-08-09T20:46:14.009Z,162,2022-03-01T09:06:18.646Z,"911-Irby-Dr,-Richmond,-VA-23225",37.517096,-77.499787,3.0,1.0,1188.0,,
263,Prince George County,,Single Family,195000,2022-03-01T09:06:18.646Z,2227 Perry St,Richmond,VA,23225,"2227 Perry St, Richmond, VA 23225",2022-03-01T09:06:18.646Z,Inactive,2022-08-09T20:46:14.009Z,162,2022-03-01T09:06:18.646Z,"2227-Perry-St,-Richmond,-VA-23225",37.519076,-77.456054,3.0,2.5,1558.0,,
264,Prince George County,,Single Family,189900,2022-03-01T09:06:18.627Z,5721 Sweetwood Dr,Richmond,VA,23225,"5721 Sweetwood Dr, Richmond, VA 23225",2022-03-01T09:06:18.627Z,Inactive,2022-08-09T20:46:14.009Z,162,2022-03-01T09:06:18.627Z,"5721-Sweetwood-Dr,-Richmond,-VA-23225",37.486752,-77.498821,3.0,1.0,1007.0,,
265,Prince George County,,Single Family,189000,2022-03-01T09:06:18.623Z,717 W 49th St,Richmond,VA,23225,"717 W 49th St, Richmond, VA 23225",2022-03-01T09:06:18.623Z,Inactive,2022-08-09T20:46:14.009Z,162,2022-03-01T09:06:18.623Z,"717-W-49th-St,-Richmond,-VA-23225",37.514734,-77.490473,2.0,1.0,1160.0,,
266,Prince George County,,Single Family,160000,2022-03-01T09:06:14.227Z,943 Bradley Ln,Richmond,VA,23225,"943 Bradley Ln, Richmond, VA 23225",2022-03-01T09:06:14.227Z,Inactive,2022-08-09T20:46:14.009Z,162,2022-03-01T09:06:14.227Z,"943-Bradley-Ln,-Richmond,-VA-23225",37.516233,-77.503721,2.0,1.0,698.0,,
267,Prince George County,,Condo,125000,2022-03-01T08:43:46.743Z,4030 Forest Hill Ave,Richmond,VA,23225,"4030 Forest Hill Ave, Unit U23, Richmond, VA 23225",2022-03-01T08:43:46.743Z,Inactive,2022-08-09T20:46:14.009Z,162,2022-03-01T08:43:46.743Z,"4030-Forest-Hill-Ave,-Unit-U23,-Richmond,-VA-23225",37.51675,-77.476376,2.0,1.0,753.0,,Unit U23
268,,,Land,120000,2022-03-01T08:43:46.739Z,6800 Glyndon Ln,Richmond,VA,23225,"6800 Glyndon Ln, Richmond, VA 23225",2022-03-01T08:43:46.739Z,Inactive,2022-08-09T20:46:14.009Z,162,2022-03-01T08:43:46.739Z,"6800-Glyndon-Ln,-Richmond,-VA-23225",37.532893,-77.519648,0.0,,,,
269,Prince George County,,Land,94900,2022-03-01T08:21:26.998Z,6419 Glenway Dr,Richmond,VA,23225,"6419 Glenway Dr, Richmond, VA 23225",2022-03-01T08:21:26.998Z,Inactive,2022-08-09T20:46:14.009Z,162,2022-03-01T08:21:26.998Z,"6419-Glenway-Dr,-Richmond,-VA-23225",37.513626,-77.513446,0.0,,,,
270,Prince George County,,Single Family,85000,2022-03-01T06:59:53.393Z,17 W Broad Rock Rd,Richmond,VA,23225,"17 W Broad Rock Rd, Richmond, VA 23225",2022-03-01T06:59:53.393Z,Inactive,2022-08-09T20:46:14.009Z,162,2022-03-01T06:59:53.393Z,"17-W-Broad-Rock-Rd,-Richmond,-VA-23225",37.513219,-77.463599,2.0,1.0,680.0,,
271,Chesterfield County,,Apartment,279900,2021-08-31T12:53:55.258Z,1006 Turner Rd,Richmond,VA,23225,"1006 Turner Rd, Richmond, VA 23225",2022-02-08T09:46:07.252Z,Inactive,2022-08-09T20:05:40.890Z,344,2021-08-31T12:53:55.258Z,"1006-Turner-Rd,-Richmond,-VA-23225",37.488287,-77.535357,4.0,2.5,2143.0,,
272,Chesterfield County,,Single Family,260000,2020-10-23T06:07:54.594Z,6638 Elkhardt Rd,Richmond,VA,23225,"6638 Elkhardt Rd, Richmond, VA 23225",2021-12-30T08:09:01.404Z,Inactive,2022-08-09T18:50:39.623Z,656,2020-10-23T06:07:54.594Z,"6638-Elkhardt-Rd,-Richmond,-VA-23225",37.482549,-77.517435,4.0,2.0,1528.0,,
273,Chesterfield County,,Single Family,205000,2021-11-05T06:35:01.538Z,6602 Meadow Park Ter,Richmond,VA,23225,"6602 Meadow Park Ter, Richmond, VA 23225",2021-12-21T07:42:16.273Z,Inactive,2022-08-09T18:33:58.747Z,278,2021-11-05T06:35:01.538Z,"6602-Meadow-Park-Ter,-Richmond,-VA-23225",37.481464,-77.517599,3.0,2.0,1000.0,,
274,Chesterfield County,,Single Family,274999,2021-11-03T10:48:54.621Z,1828 Bloomfield Rd,Richmond,VA,23225,"1828 Bloomfield Rd, Richmond, VA 23225",2021-12-09T07:32:00.477Z,Inactive,2022-08-09T18:06:46.337Z,280,2021-11-03T10:48:54.621Z,"1828-Bloomfield-Rd,-Richmond,-VA-23225",37.524389,-77.542694,4.0,2.5,2721.0,,
275,Chesterfield County,,Single Family,450000,2021-08-12T16:59:53.207Z,7406 Elkhardt Rd,Richmond,VA,23225,"7406 Elkhardt Rd, Richmond, VA 23225",2021-12-08T14:11:06.317Z,Inactive,2022-08-09T18:06:46.337Z,363,2021-08-12T16:59:53.207Z,"7406-Elkhardt-Rd,-Richmond,-VA-23225",37.486519,-77.530388,5.0,3.5,4080.0,,
276,Chesterfield County,,Single Family,229950,2021-09-23T12:04:47.407Z,1516 Schloss Rd,Richmond,VA,23225,"1516 Schloss Rd, Richmond, VA 23225",2021-11-12T08:16:15.167Z,Inactive,2022-08-09T17:07:34.675Z,321,2021-09-23T12:04:47.407Z,"1516-Schloss-Rd,-Richmond,-VA-23225",37.484596,-77.520067,3.0,1.5,1256.0,,
277,Chesterfield County,,Single Family,150000,2021-10-20T07:33:27.021Z,7219 Bennington Rd,Richmond,VA,23225,"7219 Bennington Rd, Richmond, VA 23225",2021-11-08T07:25:58.399Z,Inactive,2022-08-09T16:56:45.522Z,294,2021-10-20T07:33:27.021Z,"7219-Bennington-Rd,-Richmond,-VA-23225",37.489535,-77.527604,3.0,1.0,1035.0,,
278,Chesterfield County,,Single Family,289900,2021-06-16T10:57:57.184Z,7206 Buggy Pl,Richmond,VA,23225,"7206 Buggy Pl, Richmond, VA 23225",2021-11-04T11:33:36.088Z,Inactive,2022-08-09T16:49:21.402Z,420,2021-06-16T10:57:57.184Z,"7206-Buggy-Pl,-Richmond,-VA-23225",37.480918,-77.525389,4.0,2.5,1810.0,,
279,Chesterfield County,,Single Family,249000,2021-08-31T10:41:13.638Z,7716 Jahnke Rd,Richmond,VA,23225,"7716 Jahnke Rd, Richmond, VA 23225",2021-10-06T09:51:56.037Z,Inactive,2022-08-09T15:40:02.198Z,344,2021-08-31T10:41:13.638Z,"7716-Jahnke-Rd,-Richmond,-VA-23225",37.518863,-77.537884,2.0,1.0,1498.0,,
280,Chesterfield County,,Single Family,269950,2020-11-23T09:10:26.499Z,1801 Parkway Ln,Richmond,VA,23225,"1801 Parkway Ln, Richmond, VA 23225",2021-10-01T11:50:24.156Z,Inactive,2022-08-09T15:29:48.027Z,625,2020-11-23T09:10:26.499Z,"1801-Parkway-Ln,-Richmond,-VA-23225",37.480673,-77.52193,4.0,2.5,1944.0,,
281,Chesterfield County,,Single Family,200000,2021-08-31T10:26:55.087Z,7206 Elkhardt Rd,Richmond,VA,23225,"7206 Elkhardt Rd, Richmond, VA 23225",2021-09-23T11:59:36.685Z,Inactive,2022-08-09T15:05:02.798Z,344,2021-08-31T10:26:55.087Z,"7206-Elkhardt-Rd,-Richmond,-VA-23225",37.485883,-77.528031,3.0,1.0,1040.0,,
282,Chesterfield County,,Single Family,399000,2021-06-25T11:40:45.710Z,1430 Bloomfield Rd,Richmond,VA,23225,"1430 Bloomfield Rd, Richmond, VA 23225",2021-08-12T15:33:41.697Z,Inactive,2022-08-08T18:46:46.266Z,410,2021-06-25T11:40:45.710Z,"1430-Bloomfield-Rd,-Richmond,-VA-23225",37.519446,-77.54009,3.0,,2793.0,,
283,Chesterfield County,,Single Family,425000,2021-06-19T12:47:36.207Z,7706 Yarmouth Dr,Richmond,VA,23225,"7706 Yarmouth Dr, Richmond, VA 23225",2021-07-19T13:11:58.857Z,Inactive,2022-08-06T20:26:10.261Z,414,2021-06-19T12:47:36.207Z,"7706-Yarmouth-Dr,-Richmond,-VA-23225",37.521319,-77.539154,3.0,2.0,2593.0,,
284,Prince George County,,Single Family,164950,2021-07-12T11:50:57.043Z,907 Halsey Ln,Richmond,VA,23225,"907 Halsey Ln, Richmond, VA 23225",2021-07-12T11:50:57.043Z,Inactive,2022-08-06T20:50:34.531Z,391,2021-07-12T11:50:57.043Z,"907-Halsey-Ln,-Richmond,-VA-23225",37.515576,-77.504985,3.0,1.0,978.0,,
285,Prince George County,,Single Family,159000,2021-07-12T11:50:57.020Z,38 W 21st St,Richmond,VA,23225,"38 W 21st St, Richmond, VA 23225",2021-07-12T11:50:57.020Z,Inactive,2022-08-06T20:50:34.531Z,391,2021-07-12T11:50:57.020Z,"38-W-21st-St,-Richmond,-VA-23225",37.51711,-77.452818,2.0,1.0,804.0,,
286,Prince George County,,Single Family,156000,2021-07-12T11:50:57.018Z,934 Bradley Ln,Richmond,VA,23225,"934 Bradley Ln, Richmond, VA 23225",2021-07-12T11:50:57.018Z,Inactive,2022-08-06T20:50:34.531Z,391,2021-07-12T11:50:57.018Z,"934-Bradley-Ln,-Richmond,-VA-23225",37.516055,-77.504406,3.0,1.0,803.0,,
287,Prince George County,,Single Family,150000,2021-07-12T11:50:57.017Z,1601 Bramwell Rd,Richmond,VA,23225,"1601 Bramwell Rd, Richmond, VA 23225",2021-07-12T11:50:57.017Z,Inactive,2022-08-06T20:50:34.531Z,391,2021-07-12T11:50:57.017Z,"1601-Bramwell-Rd,-Richmond,-VA-23225",37.486695,-77.506199,3.0,1.0,864.0,,
288,Prince George County,,Single Family,149950,2021-07-12T11:50:57.008Z,6005 Wainwright Dr,Richmond,VA,23225,"6005 Wainwright Dr, Richmond, VA 23225",2021-07-12T11:50:57.008Z,Inactive,2022-08-06T20:50:34.531Z,391,2021-07-12T11:50:57.008Z,"6005-Wainwright-Dr,-Richmond,-VA-23225",37.516744,-77.508324,2.0,1.0,736.0,,
289,Prince George County,,Condo,130000,2021-07-12T10:30:43.736Z,1508 Eddystone Ct,Richmond,VA,23225,"1508 Eddystone Ct, Unit Ub, Richmond, VA 23225",2021-07-12T10:30:43.736Z,Inactive,2022-08-06T20:53:02.426Z,391,2021-07-12T10:30:43.736Z,"1508-Eddystone-Ct,-Unit-Ub,-Richmond,-VA-23225",37.483612,-77.514992,3.0,1.5,1084.0,,Unit Ub
290,Prince George County,,Single Family,130000,2021-07-12T10:30:43.731Z,500 Deter Rd,Richmond,VA,23225,"500 Deter Rd, Richmond, VA 23225",2021-07-12T10:30:43.731Z,Inactive,2022-08-06T20:53:02.426Z,391,2021-07-12T10:30:43.731Z,"500-Deter-Rd,-Richmond,-VA-23225",37.510156,-77.514317,3.0,2.0,1428.0,,
291,Prince George County,,Land,120000,2021-07-12T09:43:50.375Z,1001 German School Rd,Richmond,VA,23225,"1001 German School Rd, Richmond, VA 23225",2021-07-12T09:43:50.375Z,Inactive,2022-08-06T20:55:16.747Z,391,2021-07-12T09:43:50.375Z,"1001-German-School-Rd,-Richmond,-VA-23225",37.516638,-77.511976,0.0,,,,
292,Prince George County,,Single Family,117500,2021-07-12T09:43:50.369Z,930 Bramwell Rd,Richmond,VA,23225,"930 Bramwell Rd, Richmond, VA 23225",2021-07-12T09:43:50.369Z,Inactive,2022-08-06T20:55:16.747Z,391,2021-07-12T09:43:50.369Z,"930-Bramwell-Rd,-Richmond,-VA-23225",37.494183,-77.503808,3.0,1.0,1102.0,,
293,Prince George County,,Condo,110000,2021-07-12T09:43:50.344Z,4030 Forest Hill Ave,Richmond,VA,23225,"4030 Forest Hill Ave, Unit U16, Richmond, VA 23225",2021-07-12T09:43:50.344Z,Inactive,2022-08-06T20:55:16.747Z,391,2021-07-12T09:43:50.344Z,"4030-Forest-Hill-Ave,-Unit-U16,-Richmond,-VA-23225",37.51675,-77.476376,2.0,1.0,753.0,,Unit U16
294,Prince George County,,Single Family,100000,2021-07-12T09:43:49.942Z,677 Westover Woods Cir,Richmond,VA,23225,"677 Westover Woods Cir, Richmond, VA 23225",2021-07-12T09:43:49.942Z,Inactive,2022-08-06T20:55:16.747Z,391,2021-07-12T09:43:49.942Z,"677-Westover-Woods-Cir,-Richmond,-VA-23225",37.512689,-77.505866,5.0,3.5,2304.0,,
295,Prince George County,,Single Family,99950,2021-07-12T09:43:49.939Z,1649 Tennyson Ave,Richmond,VA,23225,"1649 Tennyson Ave, Richmond, VA 23225",2021-07-12T09:43:49.939Z,Inactive,2022-08-06T20:55:16.747Z,391,2021-07-12T09:43:49.939Z,"1649-Tennyson-Ave,-Richmond,-VA-23225",37.484832,-77.505494,2.0,1.0,900.0,,
296,Prince George County,,Land,45000,2021-07-12T08:24:29.965Z,1605 Whitehead Rd,Richmond,VA,23225,"1605 Whitehead Rd, Richmond, VA 23225",2021-07-12T08:24:29.965Z,Inactive,2022-08-06T20:57:46.561Z,391,2021-07-12T08:24:29.965Z,"1605-Whitehead-Rd,-Richmond,-VA-23225",37.485859,-77.510585,0.0,,,,
297,Prince George County,,Land,45000,2021-07-12T08:24:29.965Z,1420 Whitehead Rd,Richmond,VA,23225,"1420 Whitehead Rd, Richmond, VA 23225",2021-07-12T08:24:29.965Z,Inactive,2022-08-06T20:57:46.561Z,391,2021-07-12T08:24:29.965Z,"1420-Whitehead-Rd,-Richmond,-VA-23225",37.48711,-77.511161,0.0,,,,
298,Chesterfield County,,Single Family,325000,2021-06-16T12:26:53.681Z,7731 Brentford Dr,Richmond,VA,23225,"7731 Brentford Dr, Richmond, VA 23225",2021-07-11T11:07:31.820Z,Inactive,2022-08-06T23:07:05.029Z,417,2021-06-16T12:26:53.681Z,"7731-Brentford-Dr,-Richmond,-VA-23225",37.526835,-77.539463,3.0,2.5,2940.0,,
299,Chesterfield County,,Single Family,339900,2021-06-16T12:26:53.691Z,7746 Whittington Dr,Richmond,VA,23225,"7746 Whittington Dr, Richmond, VA 23225",2021-07-06T10:55:32.899Z,Inactive,2022-08-07T15:05:43.226Z,418,2021-06-16T12:26:53.691Z,"7746-Whittington-Dr,-Richmond,-VA-23225",37.52418,-77.540889,3.0,2.0,2791.0,,
300,Chesterfield County,,Single Family,150000,2021-04-09T08:52:35.769Z,7741 Yarmouth Dr,Richmond,VA,23225,"7741 Yarmouth Dr, Richmond, VA 23225",2021-05-12T11:52:55.314Z,Inactive,2022-08-08T18:22:45.349Z,487,2021-04-09T08:52:35.769Z,"7741-Yarmouth-Dr,-Richmond,-VA-23225",37.519972,-77.538064,3.0,1.5,1640.0,,
301,Chesterfield County,,Single Family,215000,2021-04-09T10:24:26.429Z,7106 Pony Cart Dr,Richmond,VA,23225,"7106 Pony Cart Dr, Richmond, VA 23225",2021-04-20T12:42:10.396Z,Inactive,2022-08-08T17:59:33.323Z,487,2021-04-09T10:24:26.429Z,"7106-Pony-Cart-Dr,-Richmond,-VA-23225",37.482725,-77.525602,3.0,2.0,1400.0,,
302,Chesterfield County,,Single Family,245525,2020-09-15T19:15:58.116Z,7115 Carriage Pines Dr,Richmond,VA,23225,"7115 Carriage Pines Dr, Richmond, VA 23225",2021-03-26T10:32:49.168Z,Inactive,2022-08-08T17:11:32.785Z,692,2020-09-15T19:15:58.116Z,"7115-Carriage-Pines-Dr,-Richmond,-VA-23225",37.486159,-77.525449,4.0,2.5,1640.0,,
303,Chesterfield County,,Single Family,209000,2021-02-11T10:34:31.119Z,7217 Elkhardt Rd,Richmond,VA,23225,"7217 Elkhardt Rd, Richmond, VA 23225",2021-03-26T09:45:55.945Z,Inactive,2022-08-08T17:11:32.785Z,544,2021-02-11T10:34:31.119Z,"7217-Elkhardt-Rd,-Richmond,-VA-23225",37.484925,-77.528897,3.0,1.0,1320.0,,
304,Chesterfield County,,Single Family,225000,2021-02-05T08:30:24.802Z,1708 Meadow Farm Dr,Richmond,VA,23225,"1708 Meadow Farm Dr, Richmond, VA 23225",2021-03-10T07:30:33.914Z,Inactive,2022-08-08T16:37:53.272Z,550,2021-02-05T08:30:24.802Z,"1708-Meadow-Farm-Dr,-Richmond,-VA-23225",37.481617,-77.519903,3.0,2.0,1239.0,,
305,Chesterfield County,,Single Family,199900,2020-12-03T22:50:17.020Z,7124 Andersons Forge Pl,Richmond,VA,23225,"7124 Andersons Forge Pl, Richmond, VA 23225",2021-03-10T07:30:33.904Z,Inactive,2022-08-08T16:37:53.272Z,613,2020-12-03T22:50:17.020Z,"7124-Andersons-Forge-Pl,-Richmond,-VA-23225",37.485283,-77.526525,3.0,2.0,1236.0,,
306,Chesterfield County,,Single Family,115000,2021-01-31T05:45:31.242Z,401 Starview Ln,Richmond,VA,23225,"401 Starview Ln, Richmond, VA 23225",2021-03-06T08:50:39.014Z,Inactive,2022-08-08T16:17:37.503Z,555,2021-01-31T05:45:31.242Z,"401-Starview-Ln,-Richmond,-VA-23225",37.497864,-77.524495,2.0,1.0,796.0,,
307,Chesterfield County,,Single Family,244500,2020-10-13T09:49:47.346Z,1606 Bellows Dr,Richmond,VA,23225,"1606 Bellows Dr, Richmond, VA 23225",2021-02-05T10:22:01.453Z,Inactive,2022-08-08T15:27:38.522Z,665,2020-10-13T09:49:47.346Z,"1606-Bellows-Dr,-Richmond,-VA-23225",37.483458,-77.528459,3.0,2.5,1376.0,,
308,Chesterfield County,,Single Family,167500,2020-12-03T22:14:52.285Z,1111 Fairbank Ln,Richmond,VA,23225,"1111 Fairbank Ln, Richmond, VA 23225",2021-01-17T05:55:02.521Z,Inactive,2022-08-08T15:25:07.984Z,613,2020-12-03T22:14:52.285Z,"1111-Fairbank-Ln,-Richmond,-VA-23225",37.488469,-77.52715,3.0,1.0,1176.0,,
309,Chesterfield County,,Single Family,214950,2020-12-03T22:50:19.374Z,1803 Meadow Park Cir,Richmond,VA,23225,"1803 Meadow Park Cir, Richmond, VA 23225",2020-12-30T05:20:03.665Z,Inactive,2022-08-08T15:02:24.146Z,613,2020-12-03T22:50:19.374Z,"1803-Meadow-Park-Cir,-Richmond,-VA-23225",37.480822,-77.517527,4.0,2.0,1440.0,,
310,Chesterfield County,,Single Family,377985,2020-11-17T15:06:37.280Z,3000 Kinns Rd,Richmond,VA,23225,"3000 Kinns Rd, Richmond, VA 23225",2020-12-18T13:35:07.587Z,Inactive,2022-08-07T23:05:50.912Z,629,2020-11-17T15:06:37.280Z,"3000-Kinns-Rd,-Richmond,-VA-23225",37.467306,-77.51299,5.0,3.5,3028.0,,
311,Chesterfield County,,Single Family,195000,2020-11-07T10:16:36.912Z,1419 Schloss Rd,Richmond,VA,23225,"1419 Schloss Rd, Richmond, VA 23225",2020-12-15T08:43:15.153Z,Inactive,2022-08-07T22:58:27.295Z,639,2020-11-07T10:16:36.912Z,"1419-Schloss-Rd,-Richmond,-VA-23225",37.485463,-77.518838,3.0,1.5,1066.0,,
312,Chesterfield County,,Single Family,297000,2020-09-20T18:07:49.169Z,1434 Turner Rd,Richmond,VA,23225,"1434 Turner Rd, Richmond, VA 23225",2020-11-20T15:10:22.487Z,Inactive,2022-08-07T22:15:58.346Z,687,2020-09-20T18:07:49.169Z,"1434-Turner-Rd,-Richmond,-VA-23225",37.4827,-77.531185,4.0,2.0,2043.0,,
313,Chesterfield County,,Single Family,240650,2020-09-15T18:38:05.994Z,7201 Carriage Pines Dr,Richmond,VA,23225,"7201 Carriage Pines Dr, Richmond, VA 23225",2020-11-19T10:37:17.608Z,Inactive,2022-08-07T22:12:19.964Z,692,2020-09-15T18:38:05.994Z,"7201-Carriage-Pines-Dr,-Richmond,-VA-23225",37.486166,-77.526013,4.0,2.5,1640.0,,
314,Chesterfield County,,Land,175000,2020-09-15T10:35:49.074Z,900-923 Kingsport Ln,Richmond,VA,23225,"900-923 Kingsport Ln, Richmond, VA 23225",2020-11-01T11:10:53.176Z,Inactive,2022-08-07T21:39:16.950Z,692,2020-09-15T10:35:49.074Z,"900-923-Kingsport-Ln,-Richmond,-VA-23225",37.491308,-77.528575,0.0,,,,
315,Chesterfield County,,Land,90000,2020-09-15T06:35:19.080Z,1245 Turner Rd,Richmond,VA,23225,"1245 Turner Rd, Richmond, VA 23225",2020-10-29T05:01:07.674Z,Inactive,2022-08-07T21:31:42.113Z,692,2020-09-15T06:35:19.080Z,"1245-Turner-Rd,-Richmond,-VA-23225",37.485111,-77.532595,0.0,,,,
316,Chesterfield County,,Single Family,245000,2020-09-15T18:38:05.995Z,1712 Bellows Dr,Richmond,VA,23225,"1712 Bellows Dr, Richmond, VA 23225",2020-10-17T11:50:35.582Z,Inactive,2022-08-07T21:11:58.517Z,692,2020-09-15T18:38:05.995Z,"1712-Bellows-Dr,-Richmond,-VA-23225",37.482252,-77.528314,4.0,2.5,1616.0,,
317,Chesterfield County,,Single Family,365000,2020-09-21T18:06:10.281Z,7671 Yarmouth Dr,Richmond,VA,23225,"7671 Yarmouth Dr, Richmond, VA 23225",2020-10-16T14:33:40.203Z,Inactive,2022-08-07T21:10:44.200Z,686,2020-09-21T18:06:10.281Z,"7671-Yarmouth-Dr,-Richmond,-VA-23225",37.521372,-77.537897,3.0,2.0,2976.0,,
318,Chesterfield County,,Single Family,246233,2020-09-15T19:15:58.122Z,7113 Andersons Forge Pl,Richmond,VA,23225,"7113 Andersons Forge Pl, Richmond, VA 23225",2020-10-03T11:34:25.935Z,Inactive,2022-08-07T20:46:06.477Z,692,2020-09-15T19:15:58.122Z,"7113-Andersons-Forge-Pl,-Richmond,-VA-23225",37.48465,-77.526121,4.0,2.5,1810.0,,
319,Chesterfield County,,Single Family,225000,2020-09-15T15:58:16.489Z,1212 Kingsport Ln,Richmond,VA,23225,"1212 Kingsport Ln, Richmond, VA 23225",2020-09-22T12:10:30.522Z,Inactive,2022-08-07T20:21:42.434Z,692,2020-09-15T15:58:16.489Z,"1212-Kingsport-Ln,-Richmond,-VA-23225",37.48734,-77.529046,5.0,2.0,2128.0,,
320,Chesterfield County,,Single Family,209900,2020-09-15T14:00:31.796Z,7109 Carriage Pines Dr,Richmond,VA,23225,"7109 Carriage Pines Dr, Richmond, VA 23225",2020-09-18T09:55:18.519Z,Inactive,2022-08-07T20:16:19.207Z,692,2020-09-15T14:00:31.796Z,"7109-Carriage-Pines-Dr,-Richmond,-VA-23225",37.4862,-77.524753,3.0,2.0,1552.0,,
