,bedrooms,price,county,propertyType,addressLine1,city,state,zipCode,formattedAddress,lastSeen,listedDate,status,removedDate,daysOnMarket,createdDate,lotSize,id,latitude,longitude,bathrooms,squareFootage,yearBuilt,addressLine2
0,0,550000,Henrico County,Land,2100-2116 Staples Mill Rd,Richmond,VA,23230,"2100-2116 Staples Mill Rd, Richmond, VA 23230",2022-11-15T12:27:11.426Z,2022-02-26T00:07:27.000Z,Active,,263,2022-02-26T10:57:06.879Z,48352.0,"2100-2116-Staples-Mill-Rd,-Richmond,-VA-23230",37.587211,-77.492161,,,,
1,4,1150000,Richmond,Single Family,4507 W Grace St,Richmond,VA,23230,"4507 W Grace St, Richmond, VA 23230",2022-11-15T12:06:35.097Z,2022-09-13T14:33:04.000Z,Active,,63,2022-09-14T09:15:32.037Z,6499.0,"4507-W-Grace-St,-Richmond,-VA-23230",37.573715,-77.491683,3.5,3202.0,1939.0,
2,1,189000,Henrico County,Single Family,5100 Monument Ave,Richmond,VA,23230,"5100 Monument Ave, Richmond, VA 23230",2022-11-15T11:10:49.009Z,2022-10-27T18:43:28.000Z,Active,,19,2022-10-28T09:32:05.858Z,,"5100-Monument-Ave,-Richmond,-VA-23230",37.579115,-77.500438,1.0,720.0,1960.0,
3,4,450000,Richmond,Single Family,4512 Cutshaw Ave,Richmond,VA,23230,"4512 Cutshaw Ave, Richmond, VA 23230",2022-11-05T10:22:32.675Z,2022-11-02T12:55:40.000Z,Inactive,2022-11-12T15:32:59.593Z,11,2022-11-03T08:03:46.554Z,6251.0,"4512-Cutshaw-Ave,-Richmond,-VA-23230",37.575149,-77.490978,2.0,1399.0,1946.0,
4,3,299950,Richmond,Single Family,3102 Manor Dr,Richmond,VA,23230,"3102 Manor Dr, Richmond, VA 23230",2022-11-01T12:00:36.461Z,2022-10-06T20:32:15.000Z,Inactive,2022-11-08T14:55:10.423Z,33,2022-10-07T08:59:48.112Z,14140.0,"3102-Manor-Dr,-Richmond,-VA-23230",37.60132,-77.495346,2.0,1337.0,1952.0,
5,3,874950,Richmond,Single Family,4007 Monument Ave,Richmond,VA,23230,"4007 Monument Ave, Richmond, VA 23230",2022-10-31T11:38:18.330Z,2022-08-10T16:22:39.000Z,Inactive,2022-11-07T14:54:50.743Z,89,2022-08-11T08:18:03.300Z,7248.0,"4007-Monument-Ave,-Richmond,-VA-23230",37.568757,-77.48589,2.5,2585.0,1952.0,
6,4,225000,Henrico County,Single Family,3113 Manor Cir,Richmond,VA,23230,"3113 Manor Cir, Richmond, VA 23230",2022-10-27T10:47:23.453Z,2022-10-24T14:38:39.000Z,Inactive,2022-11-03T14:52:22.132Z,11,2022-10-25T08:40:39.590Z,9762.0,"3113-Manor-Cir,-Richmond,-VA-23230",37.602321,-77.494342,3.0,2688.0,1959.0,
7,3,529950,Richmond,Single Family,4001 Monument Ave,Richmond,VA,23230,"4001 Monument Ave, Richmond, VA 23230",2022-10-24T10:43:07.697Z,2022-10-13T16:22:29.000Z,Inactive,2022-10-31T14:56:20.840Z,18,2022-10-14T08:46:34.696Z,7248.0,"4001-Monument-Ave,-Richmond,-VA-23230",37.568514,-77.485484,1.5,1847.0,1951.0,
8,1,189500,Richmond,Condo,5100 Monument Ave,Richmond,VA,23230,"5100 Monument Ave, Unit 1207, Richmond, VA 23230",2022-10-23T09:23:46.810Z,2022-10-18T21:32:34.000Z,Inactive,2022-10-30T14:57:08.905Z,12,2022-10-19T08:17:19.310Z,436.0,"5100-Monument-Ave,-Unit-1207,-Richmond,-VA-23230",37.579115,-77.500438,1.0,740.0,1961.0,Unit 1207
9,3,230000,Henrico County,Single Family,2307 Lenora Ln,Richmond,VA,23230,"2307 Lenora Ln, Richmond, VA 23230",2022-10-21T09:07:32.011Z,2022-10-20T14:37:45.000Z,Inactive,2022-10-28T14:58:07.155Z,9,2021-10-02T09:53:10.170Z,11548.0,"2307-Lenora-Ln,-Richmond,-VA-23230",37.598556,-77.507632,1.0,1000.0,1955.0,
10,1,209950,Richmond,Condo,5100 Monument Ave,Richmond,VA,23230,"5100 Monument Ave, Unit 814, Richmond, VA 23230",2022-10-20T10:08:47.529Z,2022-08-12T16:32:51.000Z,Inactive,2022-10-27T14:56:36.262Z,76,2020-11-06T07:02:15.646Z,871.0,"5100-Monument-Ave,-Unit-814,-Richmond,-VA-23230",37.579115,-77.500438,1.0,1015.0,1961.0,Unit 814
11,2,249995,Richmond,Condo,5100 Monument Ave,Richmond,VA,23230,"5100 Monument Ave, Unit 713, Richmond, VA 23230",2022-10-17T12:29:05.712Z,2022-09-06T16:20:34.000Z,Inactive,2022-10-24T14:58:29.637Z,48,2022-09-07T10:46:58.074Z,871.0,"5100-Monument-Ave,-Unit-713,-Richmond,-VA-23230",37.579115,-77.500438,2.0,1095.0,1961.0,Unit 713
12,5,365000,Henrico County,Single Family,5613 Indigo Rd,Richmond,VA,23230,"5613 Indigo Rd, Richmond, VA 23230",2022-10-08T11:55:28.882Z,2022-09-29T22:10:40.000Z,Inactive,2022-10-15T14:55:20.682Z,16,2022-09-30T09:11:03.443Z,12885.0,"5613-Indigo-Rd,-Richmond,-VA-23230",37.593204,-77.502755,2.0,1896.0,1961.0,
13,8,625000,Richmond,Duplex-Triplex,3924 Cutshaw Ave,Richmond,VA,23230,"3924 Cutshaw Ave, Richmond, VA 23230",2022-10-07T11:00:30.720Z,2022-09-30T19:22:34.000Z,Inactive,2022-10-14T14:55:40.263Z,14,2022-10-01T08:04:19.661Z,8133.0,"3924-Cutshaw-Ave,-Richmond,-VA-23230",37.570472,-77.483128,4.0,3524.0,1948.0,
14,3,289500,Richmond,Condo,5100 Monument Ave,Richmond,VA,23230,"5100 Monument Ave, Unit 408, Richmond, VA 23230",2022-10-06T10:28:49.575Z,2022-07-12T15:19:38.000Z,Inactive,2022-10-13T14:55:53.682Z,93,2022-07-13T08:20:26.319Z,1307.0,"5100-Monument-Ave,-Unit-408,-Richmond,-VA-23230",37.579115,-77.500438,2.0,1585.0,1961.0,Unit 408
15,1,169900,Henrico County,Single Family,5100 Monument Ave,Henrico,VA,23230,"5100 Monument Ave, Henrico, VA 23230",2022-10-01T11:11:33.328Z,2022-09-03T20:40:00.000Z,Inactive,2022-10-08T14:56:04.666Z,35,2022-09-04T08:10:16.022Z,,"5100-Monument-Ave,-Henrico,-VA-23230",37.579115,-77.500438,1.0,715.0,1961.0,
16,1,154800,Henrico County,Condo,5100 Monument Ave,Richmond,VA,23230,"5100 Monument Ave, Unit 311, Richmond, VA 23230",2022-10-01T10:33:53.034Z,2022-09-29T18:10:30.000Z,Inactive,2022-10-08T14:56:04.666Z,9,2022-09-30T09:11:03.444Z,871.0,"5100-Monument-Ave,-Unit-311,-Richmond,-VA-23230",37.579115,-77.500438,1.0,880.0,1961.0,Unit 311
17,3,320000,Richmond,Single Family,3904 W Grace St,Richmond,VA,23230,"3904 W Grace St, Richmond, VA 23230",2022-10-01T10:25:53.644Z,2022-09-20T20:32:49.000Z,Inactive,2022-10-08T14:56:04.666Z,18,2022-09-21T08:31:05.870Z,7000.0,"3904-W-Grace-St,-Richmond,-VA-23230",37.569243,-77.483064,1.0,1032.0,1951.0,
18,3,299950,Richmond,Single Family,4509 Fitzhugh Ave,Richmond,VA,23230,"4509 Fitzhugh Ave, Richmond, VA 23230",2022-09-27T11:17:05.959Z,2022-07-26T13:25:38.000Z,Inactive,2022-10-04T14:51:12.156Z,71,2022-09-22T11:32:41.960Z,6251.0,"4509-Fitzhugh-Ave,-Richmond,-VA-23230",37.576013,-77.489736,2.0,1300.0,1939.0,
19,1,179900,Richmond,Condo,5100 Monument Ave,Richmond,VA,23230,"5100 Monument Ave, Unit 301, Richmond, VA 23230",2022-09-25T11:55:09.339Z,2022-05-10T15:32:29.000Z,Inactive,2022-10-02T14:53:07.877Z,145,2022-05-11T07:03:11.648Z,436.0,"5100-Monument-Ave,-Unit-301,-Richmond,-VA-23230",37.579115,-77.500438,1.0,820.0,1961.0,Unit 301
20,2,395000,Richmond,Single Family,3421 Cutshaw Ave,Richmond,VA,23230,"3421 Cutshaw Ave, Richmond, VA 23230",2022-09-23T10:53:13.752Z,2022-09-22T15:28:29.000Z,Inactive,2022-09-30T14:54:58.657Z,8,2022-09-23T10:53:13.752Z,2609.0,"3421-Cutshaw-Ave,-Richmond,-VA-23230",37.567216,-77.478774,1.5,1196.0,1929.0,
21,3,299500,Richmond,Condo,5100 Monument Ave,Richmond,VA,23230,"5100 Monument Ave, Unit 308, Richmond, VA 23230",2022-09-21T11:33:09.974Z,2022-08-04T10:49:35.000Z,Inactive,2022-09-28T14:54:15.745Z,56,2022-08-05T05:22:33.697Z,1307.0,"5100-Monument-Ave,-Unit-308,-Richmond,-VA-23230",37.579115,-77.500438,2.0,1604.0,1961.0,Unit 308
22,4,315000,Richmond,Single Family,5625 Hard Rock Pl,Richmond,VA,23230,"5625 Hard Rock Pl, Richmond, VA 23230",2022-09-20T10:10:23.894Z,2022-09-06T23:44:18.000Z,Inactive,2022-09-27T14:53:53.541Z,21,2022-09-07T10:46:58.072Z,12153.0,"5625-Hard-Rock-Pl,-Richmond,-VA-23230",37.605003,-77.503018,2.0,1442.0,1995.0,
23,4,699000,Richmond,Single Family,4003 Monument Ave,Richmond,VA,23230,"4003 Monument Ave, Richmond, VA 23230",2022-09-18T11:17:15.202Z,2022-09-05T04:32:04.000Z,Inactive,2022-09-25T14:56:10.591Z,21,2022-09-05T09:35:36.170Z,7248.0,"4003-Monument-Ave,-Richmond,-VA-23230",37.568594,-77.485617,2.5,2400.0,1938.0,
24,3,235000,Richmond,Single Family,2115 Pinetree Dr,Richmond,VA,23230,"2115 Pinetree Dr, Richmond, VA 23230",2022-09-18T09:23:27.610Z,2022-09-15T22:10:26.000Z,Inactive,2022-09-25T14:56:10.591Z,10,2022-09-16T08:16:04.640Z,8120.0,"2115-Pinetree-Dr,-Richmond,-VA-23230",37.587137,-77.492521,2.0,1092.0,2013.0,
25,4,465000,Richmond,Duplex-Triplex,3334 Cutshaw Ave,Richmond,VA,23230,"3334 Cutshaw Ave, Richmond, VA 23230",2022-09-12T12:05:33.869Z,2022-08-15T17:34:32.000Z,Inactive,2022-09-19T14:53:04.598Z,35,2022-08-16T10:42:37.493Z,22608.0,"3334-Cutshaw-Ave,-Richmond,-VA-23230",37.56702,-77.477255,2.0,1758.0,1969.0,
26,4,825000,Richmond,Single Family,4608 Cutshaw Ave,Richmond,VA,23230,"4608 Cutshaw Ave, Richmond, VA 23230",2022-09-12T08:19:39.997Z,2022-09-06T20:05:13.000Z,Inactive,2022-09-19T14:54:29.738Z,13,2022-09-07T11:37:08.295Z,6251.0,"4608-Cutshaw-Ave,-Richmond,-VA-23230",37.575805,-77.49208,3.0,2527.0,2022.0,
27,2,335000,Richmond,Condo,1701 Summit Ave,Richmond,VA,23230,"1701 Summit Ave, Unit U10, Richmond, VA 23230",2022-09-12T08:19:39.968Z,2022-09-09T17:13:31.000Z,Inactive,2022-09-19T14:54:29.738Z,10,2022-09-10T08:20:28.961Z,12262.0,"1701-Summit-Ave,-Unit-U10,-Richmond,-VA-23230",37.568615,-77.46877,2.0,1005.0,1920.0,Unit U10
28,3,299500,Henrico County,Condo,5100 Monument Ave,Richmond,VA,23230,"5100 Monument Ave, Unit 1109, Richmond, VA 23230",2022-09-11T11:03:48.653Z,2022-07-04T17:37:30.000Z,Inactive,2022-09-18T14:54:54.787Z,76,2022-03-28T09:11:28.346Z,1307.0,"5100-Monument-Ave,-Unit-1109,-Richmond,-VA-23230",37.579115,-77.500438,3.0,1575.0,1961.0,Unit 1109
29,4,209900,Henrico County,Single Family,5805 Westbourne Dr,Richmond,VA,23230,"5805 Westbourne Dr, Richmond, VA 23230",2022-09-02T10:04:41.851Z,2022-08-27T00:25:24.000Z,Inactive,2022-09-09T14:50:53.995Z,14,2022-08-27T08:10:26.613Z,7745.0,"5805-Westbourne-Dr,-Richmond,-VA-23230",37.594803,-77.503557,5.0,1248.0,1956.0,
30,3,480000,Richmond,Single Family,4526 Fitzhugh Ave,Richmond,VA,23230,"4526 Fitzhugh Ave, Richmond, VA 23230",2022-09-01T10:25:50.756Z,2022-06-23T12:05:35.000Z,Inactive,2022-09-08T14:52:37.419Z,78,2022-08-24T10:08:32.794Z,6251.0,"4526-Fitzhugh-Ave,-Richmond,-VA-23230",37.576739,-77.489899,2.0,1800.0,1923.0,
31,3,449950,Richmond,Single Family,4506 Augusta Ave,Richmond,VA,23230,"4506 Augusta Ave, Richmond, VA 23230",2022-08-31T10:12:33.651Z,2022-08-23T14:01:44.000Z,Inactive,2022-09-07T14:49:00.043Z,16,2022-08-24T08:25:49.678Z,9374.0,"4506-Augusta-Ave,-Richmond,-VA-23230",37.575601,-77.489851,1.5,1832.0,1937.0,
32,4,285000,Richmond,Single Family,2418 Beacon Ln,Richmond,VA,23230,"2418 Beacon Ln, Richmond, VA 23230",2022-08-26T09:52:37.899Z,2022-08-13T04:29:07.000Z,Inactive,2022-09-02T14:48:36.467Z,21,2022-08-13T09:01:12.636Z,11151.0,"2418-Beacon-Ln,-Richmond,-VA-23230",37.596238,-77.499698,2.5,1248.0,1956.0,
33,4,635000,Richmond,Single Family,4308 Augusta Ave,Richmond,VA,23230,"4308 Augusta Ave, Richmond, VA 23230",2022-08-19T08:34:27.744Z,2022-08-17T04:32:03.000Z,Inactive,2022-08-26T14:51:34.559Z,10,2022-08-17T08:03:55.132Z,6273.0,"4308-Augusta-Ave,-Richmond,-VA-23230",37.57454,-77.488073,3.5,2877.0,1927.0,
34,4,314999,Henrico County,Single Family,2306 Carr Ln,Richmond,VA,23230,"2306 Carr Ln, Richmond, VA 23230",2022-08-18T08:29:24.862Z,2022-08-10T19:59:25.000Z,Inactive,2022-08-25T14:51:32.327Z,15,2022-08-11T08:18:03.297Z,7789.0,"2306-Carr-Ln,-Richmond,-VA-23230",37.595842,-77.503347,2.0,1560.0,1956.0,
35,4,325000,Richmond,Single Family,5637 Hard Rock Pl,Richmond,VA,23230,"5637 Hard Rock Pl, Richmond, VA 23230",2022-08-12T10:02:23.718Z,2022-07-24T15:33:06.000Z,Inactive,2022-08-19T14:53:04.484Z,26,2022-07-25T09:46:09.990Z,12153.0,"5637-Hard-Rock-Pl,-Richmond,-VA-23230",37.605275,-77.503752,2.0,1642.0,1995.0,
36,2,322500,Henrico County,Condo,2248 Libbie Lake West St,Richmond,VA,23230,"2248 Libbie Lake West St, Unit A, Richmond, VA 23230",2022-08-06T12:34:34.376Z,2021-06-24T11:22:30.225Z,Inactive,2022-08-13T15:17:43.192Z,416,2021-06-24T11:22:30.225Z,,"2248-Libbie-Lake-West-St,-Unit-A,-Richmond,-VA-23230",37.59212,-77.498471,2.5,1531.0,2021.0,Unit A
37,3,499900,Henrico County,Condo,2250 Libbie Lake West St,Richmond,VA,23230,"2250 Libbie Lake West St, Unit B, Richmond, VA 23230",2022-08-06T12:34:34.376Z,2021-06-24T13:24:51.699Z,Inactive,2022-08-13T15:17:43.192Z,416,2021-06-24T13:24:51.699Z,,"2250-Libbie-Lake-West-St,-Unit-B,-Richmond,-VA-23230",37.592173,-77.498477,2.5,2648.0,2021.0,Unit B
38,2,322500,Henrico County,Condo,2246 Libbie Lake West St,Richmond,VA,23230,"2246 Libbie Lake West St, Unit A, Richmond, VA 23230",2022-08-06T12:34:34.376Z,2021-08-08T09:12:41.704Z,Inactive,2022-08-13T15:17:43.192Z,371,2021-08-08T09:12:41.704Z,,"2246-Libbie-Lake-West-St,-Unit-A,-Richmond,-VA-23230",37.592049,-77.498458,2.5,1531.0,2021.0,Unit A
39,3,519527,Henrico County,Condo,2248 Libbie Lake West St,Richmond,VA,23230,"2248 Libbie Lake West St, Unit B, Richmond, VA 23230",2022-08-06T12:34:34.375Z,2021-06-24T12:54:40.956Z,Inactive,2022-08-13T15:17:43.192Z,416,2021-06-24T12:54:40.956Z,,"2248-Libbie-Lake-West-St,-Unit-B,-Richmond,-VA-23230",37.59212,-77.498471,2.5,2648.0,2021.0,Unit B
40,3,474900,Henrico County,Condo,2246 Libbie Lake West St,Richmond,VA,23230,"2246 Libbie Lake West St, Unit B, Richmond, VA 23230",2022-08-06T12:34:34.375Z,2021-06-24T12:54:40.956Z,Inactive,2022-08-13T15:17:43.192Z,416,2021-06-24T12:54:40.956Z,,"2246-Libbie-Lake-West-St,-Unit-B,-Richmond,-VA-23230",37.592049,-77.498458,2.5,2648.0,2021.0,Unit B
41,2,342500,Henrico County,Condo,2250 Libbie Lake West St,Richmond,VA,23230,"2250 Libbie Lake West St, Unit A, Richmond, VA 23230",2022-08-06T12:34:34.373Z,2021-06-24T11:22:32.617Z,Inactive,2022-08-13T15:17:43.192Z,416,2021-06-24T11:22:32.617Z,,"2250-Libbie-Lake-West-St,-Unit-A,-Richmond,-VA-23230",37.592173,-77.498477,2.5,1531.0,2021.0,Unit A
42,2,349900,Henrico County,Condo,2270 Libbie Lake West St,Richmond,VA,23230,"2270 Libbie Lake West St, Unit A, Richmond, VA 23230",2022-08-06T12:34:34.356Z,2021-12-04T09:39:45.190Z,Inactive,2022-08-13T15:17:43.192Z,253,2021-12-04T09:39:45.190Z,,"2270-Libbie-Lake-West-St,-Unit-A,-Richmond,-VA-23230",37.591819,-77.498449,2.5,1531.0,2021.0,Unit A
43,2,349900,Henrico County,Condo,2272 Libbie Lake West St,Richmond,VA,23230,"2272 Libbie Lake West St, Unit A, Richmond, VA 23230",2022-08-06T12:34:34.355Z,2021-12-04T09:39:45.189Z,Inactive,2022-08-13T15:17:43.192Z,253,2021-12-04T09:39:45.189Z,,"2272-Libbie-Lake-West-St,-Unit-A,-Richmond,-VA-23230",37.591836,-77.498451,2.5,1531.0,2021.0,Unit A
44,3,484900,Henrico County,Condo,2270 Libbie Lake West St,Richmond,VA,23230,"2270 Libbie Lake West St, Unit B, Richmond, VA 23230",2022-08-06T12:34:34.355Z,2021-12-04T10:49:52.284Z,Inactive,2022-08-13T15:17:43.192Z,253,2021-12-04T10:49:52.284Z,,"2270-Libbie-Lake-West-St,-Unit-B,-Richmond,-VA-23230",37.591819,-77.498449,2.5,2648.0,2021.0,Unit B
45,2,374900,Henrico County,Condo,2274 Libbie Lake West St,Richmond,VA,23230,"2274 Libbie Lake West St, Unit A, Richmond, VA 23230",2022-08-06T12:34:34.355Z,2021-12-17T10:57:14.007Z,Inactive,2022-08-13T15:17:43.192Z,240,2021-12-17T10:57:14.007Z,,"2274-Libbie-Lake-West-St,-Unit-A,-Richmond,-VA-23230",37.591853,-77.498453,2.5,1531.0,2021.0,Unit A
46,3,504900,Henrico County,Condo,2274 Libbie Lake West St,Richmond,VA,23230,"2274 Libbie Lake West St, Unit B, Richmond, VA 23230",2022-08-06T12:34:34.355Z,2021-12-17T11:48:04.922Z,Inactive,2022-08-13T15:17:43.192Z,240,2021-12-17T11:48:04.922Z,,"2274-Libbie-Lake-West-St,-Unit-B,-Richmond,-VA-23230",37.591853,-77.498453,2.5,2648.0,2021.0,Unit B
47,3,484900,Henrico County,Condo,2272 Libbie Lake West St,Richmond,VA,23230,"2272 Libbie Lake West St, Unit B, Richmond, VA 23230",2022-08-06T12:34:34.354Z,2021-12-04T10:49:52.283Z,Inactive,2022-08-13T15:17:43.192Z,253,2021-12-04T10:49:52.283Z,,"2272-Libbie-Lake-West-St,-Unit-B,-Richmond,-VA-23230",37.591836,-77.498451,2.5,2648.0,2021.0,Unit B
48,3,484900,Henrico County,Condo,2264 Libbie Lake West St,Richmond,VA,23230,"2264 Libbie Lake West St, Unit B, Richmond, VA 23230",2022-08-06T12:34:34.354Z,2021-12-11T11:58:05.063Z,Inactive,2022-08-13T15:17:43.192Z,246,2021-12-11T11:58:05.063Z,,"2264-Libbie-Lake-West-St,-Unit-B,-Richmond,-VA-23230",37.591767,-77.498443,2.5,2648.0,2021.0,Unit B
49,3,484900,Henrico County,Condo,2266 Libbie Lake West St,Richmond,VA,23230,"2266 Libbie Lake West St, Unit B, Richmond, VA 23230",2022-08-06T12:34:34.353Z,2021-12-11T11:58:05.063Z,Inactive,2022-08-13T15:17:43.192Z,246,2021-12-11T11:58:05.063Z,,"2266-Libbie-Lake-West-St,-Unit-B,-Richmond,-VA-23230",37.591784,-77.498445,2.5,2648.0,2021.0,Unit B
50,3,504900,Henrico County,Condo,2260 Libbie Lake West St,Richmond,VA,23230,"2260 Libbie Lake West St, Unit B, Richmond, VA 23230",2022-08-06T12:34:34.353Z,2021-12-11T11:58:05.067Z,Inactive,2022-08-13T15:17:43.192Z,246,2021-12-11T11:58:05.067Z,,"2260-Libbie-Lake-West-St,-Unit-B,-Richmond,-VA-23230",37.591732,-77.498439,2.5,2648.0,2021.0,Unit B
51,3,484900,Henrico County,Condo,2268 Libbie Lake West St,Richmond,VA,23230,"2268 Libbie Lake West St, Unit B, Richmond, VA 23230",2022-08-06T12:34:34.352Z,2021-12-11T11:58:05.063Z,Inactive,2022-08-13T15:17:43.192Z,246,2021-12-11T11:58:05.063Z,,"2268-Libbie-Lake-West-St,-Unit-B,-Richmond,-VA-23230",37.591801,-77.498447,2.5,2648.0,2021.0,Unit B
52,3,499900,Henrico County,Condo,2262 Libbie Lake West St,Richmond,VA,23230,"2262 Libbie Lake West St, Unit B, Richmond, VA 23230",2022-08-06T12:34:34.352Z,2021-12-11T11:58:05.064Z,Inactive,2022-08-13T15:17:43.192Z,246,2021-12-11T11:58:05.064Z,,"2262-Libbie-Lake-West-St,-Unit-B,-Richmond,-VA-23230",37.591749,-77.498441,2.5,2648.0,2021.0,Unit B
53,2,367900,Henrico County,Condo,2266 Libbie Lake West St,Richmond,VA,23230,"2266 Libbie Lake West St, Unit A, Richmond, VA 23230",2022-08-06T12:34:34.351Z,2021-12-11T11:08:59.762Z,Inactive,2022-08-13T15:17:43.192Z,246,2021-12-11T11:08:59.762Z,,"2266-Libbie-Lake-West-St,-Unit-A,-Richmond,-VA-23230",37.591784,-77.498445,2.5,1531.0,2021.0,Unit A
54,2,369900,Henrico County,Condo,2268 Libbie Lake West St,Richmond,VA,23230,"2268 Libbie Lake West St, Unit A, Richmond, VA 23230",2022-08-06T12:34:34.350Z,2021-12-11T11:08:59.761Z,Inactive,2022-08-13T15:17:43.192Z,246,2021-12-11T11:08:59.761Z,,"2268-Libbie-Lake-West-St,-Unit-A,-Richmond,-VA-23230",37.591801,-77.498447,2.5,1531.0,2021.0,Unit A
55,2,367900,Henrico County,Condo,2264 Libbie Lake West St,Richmond,VA,23230,"2264 Libbie Lake West St, Unit A, Richmond, VA 23230",2022-08-06T12:34:34.350Z,2021-12-11T11:08:59.762Z,Inactive,2022-08-13T15:17:43.192Z,246,2021-12-11T11:08:59.762Z,,"2264-Libbie-Lake-West-St,-Unit-A,-Richmond,-VA-23230",37.591767,-77.498443,2.5,1531.0,2021.0,Unit A
56,2,369900,Henrico County,Condo,2262 Libbie Lake West St,Richmond,VA,23230,"2262 Libbie Lake West St, Unit A, Richmond, VA 23230",2022-08-06T12:34:34.349Z,2021-12-18T12:09:01.759Z,Inactive,2022-08-13T15:17:43.192Z,239,2021-12-18T12:09:01.759Z,,"2262-Libbie-Lake-West-St,-Unit-A,-Richmond,-VA-23230",37.591749,-77.498441,2.5,1531.0,2021.0,Unit A
57,2,374900,Henrico County,Condo,2260 Libbie Lake West St,Richmond,VA,23230,"2260 Libbie Lake West St, Unit A, Richmond, VA 23230",2022-08-06T12:34:34.349Z,2021-12-18T12:09:01.759Z,Inactive,2022-08-13T15:17:43.192Z,239,2021-12-18T12:09:01.759Z,,"2260-Libbie-Lake-West-St,-Unit-A,-Richmond,-VA-23230",37.591732,-77.498439,2.5,1531.0,2021.0,Unit A
58,1,199900,Henrico County,Condo,5100 Monument Ave,Richmond,VA,23230,"5100 Monument Ave, Unit 507, Richmond, VA 23230",2022-08-06T12:34:34.328Z,2022-03-09T08:59:40.266Z,Inactive,2022-08-13T15:17:43.192Z,158,2022-03-09T08:59:40.266Z,436.0,"5100-Monument-Ave,-Unit-507,-Richmond,-VA-23230",37.579115,-77.500438,1.0,740.0,1961.0,Unit 507
59,2,250000,Henrico County,Condo,5100 Monument Ave,Richmond,VA,23230,"5100 Monument Ave, Unit 410, Richmond, VA 23230",2022-08-06T12:29:05.329Z,2022-05-14T10:20:02.026Z,Inactive,2022-08-13T15:17:43.192Z,92,2022-05-14T10:20:02.026Z,871.0,"5100-Monument-Ave,-Unit-410,-Richmond,-VA-23230",37.579115,-77.500438,2.0,1125.0,1961.0,Unit 410
60,0,950,Henrico County,Land,2418 Boyle Ave,Richmond,VA,23230,"2418 Boyle Ave, Richmond, VA 23230",2022-08-06T12:29:05.322Z,2022-05-20T05:32:18.331Z,Inactive,2022-08-13T15:17:43.192Z,86,2022-05-20T05:32:18.331Z,11060.0,"2418-Boyle-Ave,-Richmond,-VA-23230",37.596735,-77.500393,,,,
61,0,950,Henrico County,Land,2330 Reed Rd,Richmond,VA,23230,"2330 Reed Rd, Richmond, VA 23230",2022-08-06T12:29:05.322Z,2022-05-21T06:27:39.373Z,Inactive,2022-08-13T15:17:43.192Z,85,2022-05-21T06:27:39.373Z,6647.0,"2330-Reed-Rd,-Richmond,-VA-23230",37.597115,-77.504485,,,,
62,0,1850,Henrico County,Land,6020 Westbourne Dr,Richmond,VA,23230,"6020 Westbourne Dr, Richmond, VA 23230",2022-08-06T12:27:58.756Z,2022-05-21T06:27:39.373Z,Inactive,2022-08-13T15:17:43.192Z,85,2022-05-21T06:27:39.373Z,27173.0,"6020-Westbourne-Dr,-Richmond,-VA-23230",37.596733,-77.505627,,,,
63,2,210000,Henrico County,Condo,5100 Monument Ave,Richmond,VA,23230,"5100 Monument Ave, Unit 514, Richmond, VA 23230",2022-08-06T12:27:58.750Z,2022-01-17T05:50:07.704Z,Inactive,2022-08-13T15:17:43.192Z,209,2022-01-17T05:50:07.704Z,1307.0,"5100-Monument-Ave,-Unit-514,-Richmond,-VA-23230",37.579115,-77.500438,2.0,1295.0,1961.0,Unit 514
64,4,289900,Henrico County,Single Family,2304 Leah Rd,Richmond,VA,23230,"2304 Leah Rd, Richmond, VA 23230",2022-08-06T12:27:58.715Z,2022-06-12T11:57:50.631Z,Inactive,2022-08-13T15:17:43.192Z,63,2022-06-12T11:57:50.631Z,9374.0,"2304-Leah-Rd,-Richmond,-VA-23230",37.598186,-77.5081,2.0,1560.0,1955.0,
65,2,234900,Henrico County,Condo,5100 Monument Ave,Richmond,VA,23230,"5100 Monument Ave, Unit 404, Richmond, VA 23230",2022-08-06T10:30:39.733Z,2022-01-06T10:53:12.285Z,Inactive,2022-08-13T15:08:52.534Z,220,2022-01-06T10:53:12.285Z,,"5100-Monument-Ave,-Unit-404,-Richmond,-VA-23230",37.579115,-77.500438,2.0,1095.0,1961.0,Unit 404
66,4,383000,Henrico County,Single Family,2303 Reed Rd,Richmond,VA,23230,"2303 Reed Rd, Richmond, VA 23230",2022-08-06T10:13:55.494Z,2022-02-24T09:03:28.047Z,Inactive,2022-08-13T15:07:19.485Z,171,2022-02-24T09:03:28.047Z,11029.0,"2303-Reed-Rd,-Richmond,-VA-23230",37.596606,-77.504595,3.0,1787.0,1956.0,
67,3,225000,Henrico County,Single Family,2512 Hickory Knoll Ln,Richmond,VA,23230,"2512 Hickory Knoll Ln, Richmond, VA 23230",2022-08-06T09:50:50.561Z,2022-08-05T06:35:18.639Z,Inactive,2022-08-13T15:05:58.414Z,9,2022-08-05T06:35:18.639Z,10685.0,"2512-Hickory-Knoll-Ln,-Richmond,-VA-23230",37.59786,-77.499658,2.0,1208.0,1992.0,
68,3,501465,Henrico County,Condo,2244 Libbie Lake West St,Richmond,VA,23230,"2244 Libbie Lake West St, Unit B, Richmond, VA 23230",2022-07-28T11:15:49.422Z,2021-06-24T12:54:40.959Z,Inactive,2022-08-12T17:45:21.212Z,415,2021-06-24T12:54:40.959Z,,"2244-Libbie-Lake-West-St,-Unit-B,-Richmond,-VA-23230",37.591977,-77.498459,2.5,2648.0,,Unit B
69,2,322500,Henrico County,Condo,2244 Libbie Lake West St,Richmond,VA,23230,"2244 Libbie Lake West St, Unit A, Richmond, VA 23230",2022-07-28T09:02:14.659Z,2021-06-24T11:22:30.225Z,Inactive,2022-08-12T17:41:38.731Z,415,2021-06-24T11:22:30.225Z,,"2244-Libbie-Lake-West-St,-Unit-A,-Richmond,-VA-23230",37.591977,-77.498459,2.5,1531.0,,Unit A
70,4,335000,Henrico County,Single Family,6605 Juniper St,Richmond,VA,23230,"6605 Juniper St, Richmond, VA 23230",2022-07-27T09:14:09.214Z,2022-06-24T12:12:57.495Z,Inactive,2022-08-12T17:35:06.466Z,50,2022-06-24T12:12:57.495Z,,"6605-Juniper-St,-Richmond,-VA-23230",37.608249,-77.509896,3.0,1800.0,,
71,3,482090,Henrico County,Condo,2242 Libbie Lake West St,Richmond,VA,23230,"2242 Libbie Lake West St, Unit B, Richmond, VA 23230",2022-07-25T10:49:25.891Z,2021-06-24T12:54:40.958Z,Inactive,2022-08-12T17:29:02.738Z,415,2021-06-24T12:54:40.958Z,,"2242-Libbie-Lake-West-St,-Unit-B,-Richmond,-VA-23230",37.591916,-77.498449,2.5,2648.0,,Unit B
72,3,265000,Henrico County,Single Family,2313 Lenora Ln,Richmond,VA,23230,"2313 Lenora Ln, Richmond, VA 23230",2022-07-23T07:42:13.095Z,2022-06-11T09:15:13.507Z,Inactive,2022-08-12T17:26:14.840Z,63,2022-06-11T09:15:13.507Z,,"2313-Lenora-Ln,-Richmond,-VA-23230",37.598585,-77.506893,1.5,1384.0,,
73,3,345000,Henrico County,Single Family,3301 Hard Rock Ct,Richmond,VA,23230,"3301 Hard Rock Ct, Richmond, VA 23230",2022-07-21T11:25:40.087Z,2022-06-16T08:22:15.685Z,Inactive,2022-08-12T17:21:47.594Z,58,2022-06-16T08:22:15.685Z,,"3301-Hard-Rock-Ct,-Richmond,-VA-23230",37.605351,-77.50257,2.5,1570.0,,
74,3,425000,Henrico County,Single Family,4825 Morrison Rd,Richmond,VA,23230,"4825 Morrison Rd, Richmond, VA 23230",2022-07-20T09:32:28.666Z,2022-06-10T10:28:00.701Z,Inactive,2022-08-12T17:18:47.119Z,64,2022-06-10T10:28:00.701Z,,"4825-Morrison-Rd,-Richmond,-VA-23230",37.593102,-77.491489,2.0,2032.0,,
75,2,322500,Henrico County,Condo,2242 Libbie Lake West St,Richmond,VA,23230,"2242 Libbie Lake West St, Unit A, Richmond, VA 23230",2022-07-14T10:46:01.019Z,2021-06-24T11:22:30.225Z,Inactive,2022-08-12T17:05:22.547Z,415,2021-06-24T11:22:30.225Z,,"2242-Libbie-Lake-West-St,-Unit-A,-Richmond,-VA-23230",37.591916,-77.498449,2.5,1531.0,,Unit A
76,4,284900,Henrico County,Single Family,5813 Indigo Rd,Richmond,VA,23230,"5813 Indigo Rd, Richmond, VA 23230",2022-07-14T09:40:35.426Z,2022-06-10T08:23:30.881Z,Inactive,2022-08-12T17:05:22.547Z,64,2022-06-10T08:23:30.881Z,,"5813-Indigo-Rd,-Richmond,-VA-23230",37.594711,-77.505129,2.0,1560.0,,
77,3,499900,Henrico County,Condo,2240 Libbie Lake West St,Richmond,VA,23230,"2240 Libbie Lake West St, Unit B, Richmond, VA 23230",2022-07-12T12:23:57.086Z,2021-06-24T13:24:51.699Z,Inactive,2022-08-12T17:00:19.260Z,415,2021-06-24T13:24:51.699Z,,"2240-Libbie-Lake-West-St,-Unit-B,-Richmond,-VA-23230",37.591853,-77.498453,2.5,2648.0,,Unit B
78,4,489950,Henrico County,Condo,5313 Libbie Mill West Blvd,Richmond,VA,23230,"5313 Libbie Mill West Blvd, Richmond, VA 23230",2022-07-08T13:24:40.371Z,2021-03-26T11:43:43.289Z,Inactive,2022-08-12T16:53:45.587Z,505,2021-03-26T11:43:43.289Z,,"5313-Libbie-Mill-West-Blvd,-Richmond,-VA-23230",37.590431,-77.499064,3.5,1876.0,,
79,3,269900,Henrico County,Single Family,5800 N Crestwood Ave,Richmond,VA,23230,"5800 N Crestwood Ave, Richmond, VA 23230",2022-07-08T10:48:07.977Z,2022-05-13T08:42:54.091Z,Inactive,2022-08-12T16:52:20.076Z,92,2022-05-13T08:42:54.091Z,,"5800-N-Crestwood-Ave,-Richmond,-VA-23230",37.592131,-77.501825,1.5,1428.0,,
80,2,342500,Henrico County,Condo,2240 Libbie Lake West St,Richmond,VA,23230,"2240 Libbie Lake West St, Unit A, Richmond, VA 23230",2022-07-07T08:00:32.925Z,2021-06-24T11:22:32.617Z,Inactive,2022-08-12T16:49:41.643Z,415,2021-06-24T11:22:32.617Z,,"2240-Libbie-Lake-West-St,-Unit-A,-Richmond,-VA-23230",37.591853,-77.498453,2.5,1531.0,,Unit A
81,3,285000,Henrico County,Single Family,2520 Hickory Knoll Ln,Richmond,VA,23230,"2520 Hickory Knoll Ln, Richmond, VA 23230",2022-06-30T10:34:04.656Z,2022-06-02T10:53:38.048Z,Inactive,2022-08-12T16:35:30.883Z,72,2022-06-02T10:53:38.048Z,,"2520-Hickory-Knoll-Ln,-Richmond,-VA-23230",37.597837,-77.499168,2.0,1216.0,,
82,3,300000,Henrico County,Single Family,6710 Bethlehem Rd,Richmond,VA,23230,"6710 Bethlehem Rd, Richmond, VA 23230",2022-06-24T12:11:51.808Z,2022-05-20T09:12:29.242Z,Inactive,2022-08-12T16:21:40.604Z,85,2022-05-20T09:12:29.242Z,,"6710-Bethlehem-Rd,-Richmond,-VA-23230",37.609163,-77.511569,2.5,1583.0,,
83,3,584900,Henrico County,Condo,2222 Libbie Lake West St,Richmond,VA,23230,"2222 Libbie Lake West St, Unit B, Richmond, VA 23230",2022-06-23T12:12:54.396Z,2020-09-24T17:04:29.593Z,Inactive,2022-08-12T16:18:39.192Z,687,2020-09-24T17:04:29.593Z,,"2222-Libbie-Lake-West-St,-Unit-B,-Richmond,-VA-23230",37.591346,-77.498359,2.5,2648.0,,Unit B
84,3,349000,Henrico County,Single Family,2120 Park Ln,Richmond,VA,23230,"2120 Park Ln, Richmond, VA 23230",2022-06-23T10:37:44.975Z,2022-05-26T09:22:42.550Z,Inactive,2022-08-12T16:18:39.192Z,79,2022-05-26T09:22:42.550Z,,"2120-Park-Ln,-Richmond,-VA-23230",37.587489,-77.493366,2.0,1426.0,,
85,3,325000,Henrico County,Single Family,5201 Fitzhugh Ave,Richmond,VA,23230,"5201 Fitzhugh Ave, Richmond, VA 23230",2022-06-23T10:37:44.958Z,2022-05-10T08:55:45.417Z,Inactive,2022-08-12T16:18:39.192Z,95,2022-05-10T08:55:45.417Z,,"5201-Fitzhugh-Ave,-Richmond,-VA-23230",37.582923,-77.501142,1.0,1080.0,,
86,5,399000,Henrico County,Single Family,4801 Coleman Rd,Richmond,VA,23230,"4801 Coleman Rd, Richmond, VA 23230",2022-06-22T10:19:03.466Z,2022-06-01T11:34:20.395Z,Inactive,2022-08-12T16:16:02.904Z,73,2022-06-01T11:34:20.395Z,,"4801-Coleman-Rd,-Richmond,-VA-23230",37.594876,-77.48805,2.0,3028.0,,
87,2,399000,Henrico County,Condo,5303 Masons Ln,Richmond,VA,23230,"5303 Masons Ln, Richmond, VA 23230",2022-06-18T11:02:29.735Z,2022-05-11T12:35:08.991Z,Inactive,2022-08-12T16:08:57.669Z,94,2022-05-11T12:35:08.991Z,,"5303-Masons-Ln,-Richmond,-VA-23230",37.589912,-77.498647,2.5,1584.0,,
88,3,299950,Henrico County,Condo,5100 Monument Ave,Richmond,VA,23230,"5100 Monument Ave, Unit 1108, Richmond, VA 23230",2022-06-18T10:30:38.715Z,2022-04-01T10:31:58.319Z,Inactive,2022-08-12T16:08:57.669Z,134,2022-04-01T10:31:58.319Z,,"5100-Monument-Ave,-Unit-1108,-Richmond,-VA-23230",37.579115,-77.500438,2.0,1585.0,,Unit 1108
89,3,299500,Henrico County,Condo,5100 Monument Ave,Richmond,VA,23230,"5100 Monument Ave, Unit 1008, Richmond, VA 23230",2022-06-13T09:09:46.355Z,2022-04-06T08:19:38.009Z,Inactive,2022-08-12T15:56:10.723Z,129,2022-04-06T08:19:38.009Z,,"5100-Monument-Ave,-Unit-1008,-Richmond,-VA-23230",37.579115,-77.500438,2.0,1598.0,,Unit 1008
90,4,339000,Henrico County,Single Family,5661 Hard Rock Pl,Richmond,VA,23230,"5661 Hard Rock Pl, Richmond, VA 23230",2022-06-03T10:40:47.273Z,2022-04-21T11:24:49.877Z,Inactive,2022-08-12T15:38:02.517Z,114,2022-04-21T11:24:49.877Z,,"5661-Hard-Rock-Pl,-Richmond,-VA-23230",37.605684,-77.505644,3.0,1771.0,,
91,4,415000,Henrico County,Single Family,5013 Monument Ave,Richmond,VA,23230,"5013 Monument Ave, Richmond, VA 23230",2022-05-28T11:09:39.921Z,2022-04-14T10:38:54.477Z,Inactive,2022-08-12T15:24:38.651Z,121,2022-04-14T10:38:54.477Z,,"5013-Monument-Ave,-Richmond,-VA-23230",37.577537,-77.500531,3.0,2122.0,,
92,3,570000,Henrico County,Single Family,4826 Morrison Rd,Richmond,VA,23230,"4826 Morrison Rd, Richmond, VA 23230",2022-05-23T11:28:50.884Z,2022-05-04T14:40:54.331Z,Inactive,2022-08-12T15:11:08.376Z,101,2022-05-04T14:40:54.331Z,,"4826-Morrison-Rd,-Richmond,-VA-23230",37.593748,-77.491785,3.0,2142.0,,
93,3,159900,Henrico County,Single Family,2116 Pinetree Dr,Richmond,VA,23230,"2116 Pinetree Dr, Richmond, VA 23230",2022-05-12T06:24:47.613Z,2022-02-27T06:43:42.713Z,Inactive,2022-08-10T16:40:00.954Z,165,2022-02-27T06:43:42.713Z,,"2116-Pinetree-Dr,-Richmond,-VA-23230",37.587281,-77.493275,1.0,942.0,,
94,3,335000,Henrico County,Single Family,5208 Hickory Knoll Pl,Richmond,VA,23230,"5208 Hickory Knoll Pl, Richmond, VA 23230",2022-05-03T10:23:48.434Z,2022-04-06T11:21:17.399Z,Inactive,2022-08-10T16:18:44.745Z,127,2022-04-06T11:21:17.399Z,,"5208-Hickory-Knoll-Pl,-Richmond,-VA-23230",37.598207,-77.498239,2.5,1590.0,,
95,1,165600,Henrico County,Condo,5100 Monument Ave,Richmond,VA,23230,"5100 Monument Ave, Unit 701, Richmond, VA 23230",2022-05-03T06:08:54.798Z,2022-04-09T07:51:07.530Z,Inactive,2022-08-10T16:17:08.526Z,124,2022-04-09T07:51:07.530Z,,"5100-Monument-Ave,-Unit-701,-Richmond,-VA-23230",37.579115,-77.500438,1.0,820.0,,Unit 701
96,4,749950,Chesterfield County,Single Family,4721 Cutshaw Ave,Richmond,VA,23230,"4721 Cutshaw Ave, Richmond, VA 23230",2022-05-02T15:33:17.250Z,2022-05-02T15:33:17.250Z,Inactive,2022-08-10T16:17:08.526Z,101,2022-05-02T15:33:17.250Z,,"4721-Cutshaw-Ave,-Richmond,-VA-23230",37.576882,-77.494958,3.0,2491.0,,
97,4,589000,Chesterfield County,Single Family,4509 W Grace St,Richmond,VA,23230,"4509 W Grace St, Richmond, VA 23230",2022-05-02T15:13:32.510Z,2022-05-02T15:13:32.510Z,Inactive,2022-08-10T16:17:08.526Z,101,2022-05-02T15:13:32.510Z,,"4509-W-Grace-St,-Richmond,-VA-23230",37.573799,-77.491816,2.5,2890.0,,
98,3,579900,Chesterfield County,Single Family,4204 Cutshaw Ave,Richmond,VA,23230,"4204 Cutshaw Ave, Richmond, VA 23230",2022-05-02T15:04:08.294Z,2022-05-02T15:04:08.294Z,Inactive,2022-08-10T16:15:39.326Z,101,2022-05-02T15:04:08.294Z,,"4204-Cutshaw-Ave,-Richmond,-VA-23230",37.572703,-77.486917,2.5,2434.0,,
99,3,450000,Chesterfield County,Condo,5412 Coopers Walk Ln,Richmond,VA,23230,"5412 Coopers Walk Ln, Richmond, VA 23230",2022-05-02T14:54:46.811Z,2022-03-30T09:41:23.756Z,Inactive,2022-08-10T16:15:39.326Z,134,2022-03-30T09:41:23.756Z,,"5412-Coopers-Walk-Ln,-Richmond,-VA-23230",37.589669,-77.498965,3.5,1876.0,,
100,3,429900,Chesterfield County,Single Family,4020 Augusta Ave,Richmond,VA,23230,"4020 Augusta Ave, Richmond, VA 23230",2022-05-02T14:35:46.273Z,2022-05-02T14:35:46.273Z,Inactive,2022-08-10T16:15:39.326Z,101,2022-05-02T14:35:46.273Z,,"4020-Augusta-Ave,-Richmond,-VA-23230",37.572107,-77.483996,1.5,1360.0,,
101,4,425000,Chesterfield County,Single Family,4816 Fitzhugh Ave,Richmond,VA,23230,"4816 Fitzhugh Ave, Richmond, VA 23230",2022-05-02T14:35:46.266Z,2022-05-02T14:35:46.266Z,Inactive,2022-08-10T16:15:39.326Z,101,2022-05-02T14:35:46.266Z,,"4816-Fitzhugh-Ave,-Richmond,-VA-23230",37.579528,-77.494566,2.0,2071.0,,
102,3,419950,Chesterfield County,Single Family,4021 Augusta Ave,Richmond,VA,23230,"4021 Augusta Ave, Richmond, VA 23230",2022-05-02T14:35:46.256Z,2022-05-02T14:35:46.256Z,Inactive,2022-08-10T16:15:39.326Z,101,2022-05-02T14:35:46.256Z,,"4021-Augusta-Ave,-Richmond,-VA-23230",37.571693,-77.484368,1.5,1390.0,,
103,3,359900,Chesterfield County,Single Family,4721 Monument Ave,Richmond,VA,23230,"4721 Monument Ave, Richmond, VA 23230",2022-05-02T14:18:20.327Z,2022-05-02T14:18:20.327Z,Inactive,2022-08-10T16:15:39.326Z,101,2022-05-02T14:18:20.327Z,,"4721-Monument-Ave,-Richmond,-VA-23230",37.575159,-77.496566,1.5,1244.0,,
104,3,349000,Chesterfield County,Single Family,4605 Fitzhugh Ave,Richmond,VA,23230,"4605 Fitzhugh Ave, Richmond, VA 23230",2022-05-02T14:15:57.224Z,2022-05-02T14:15:57.224Z,Inactive,2022-08-10T16:15:39.326Z,101,2022-05-02T14:15:57.224Z,,"4605-Fitzhugh-Ave,-Richmond,-VA-23230",37.576638,-77.490785,1.5,1238.0,,
105,1,238500,Henrico County,Condo,5100 Monument Ave,Richmond,VA,23230,"5100 Monument Ave, Unit 401, Richmond, VA 23230",2022-04-30T07:31:36.216Z,2020-09-15T10:57:54.913Z,Inactive,2022-08-10T16:11:15.427Z,695,2020-09-15T10:57:54.913Z,,"5100-Monument-Ave,-Unit-401,-Richmond,-VA-23230",37.579115,-77.500438,1.0,820.0,,Unit 401
106,2,220000,Henrico County,Single Family,6706 Bethlehem Rd,Richmond,VA,23230,"6706 Bethlehem Rd, Richmond, VA 23230",2022-04-29T10:15:00.776Z,2022-03-10T06:49:53.455Z,Inactive,2022-08-10T16:08:22.436Z,154,2022-03-10T06:49:53.455Z,,"6706-Bethlehem-Rd,-Richmond,-VA-23230",37.608944,-77.511351,1.0,821.0,,
107,5,450000,Henrico County,Single Family,5401 Dickens Rd,Richmond,VA,23230,"5401 Dickens Rd, Richmond, VA 23230",2022-04-28T15:50:31.958Z,2021-07-11T11:27:12.625Z,Inactive,2022-08-10T16:05:08.531Z,396,2021-07-11T11:27:12.625Z,,"5401-Dickens-Rd,-Richmond,-VA-23230",37.601276,-77.497612,4.0,3448.0,,
108,2,259900,Henrico County,Condo,5100 Monument Ave,Richmond,VA,23230,"5100 Monument Ave, Unit 213, Richmond, VA 23230",2022-04-20T11:47:37.956Z,2022-03-02T09:38:03.718Z,Inactive,2022-08-10T15:45:20.384Z,162,2022-03-02T09:38:03.718Z,,"5100-Monument-Ave,-Unit-213,-Richmond,-VA-23230",37.579115,-77.500438,2.0,1095.0,,Unit 213
109,3,498250,Henrico County,Condo,2230 Libbie Lake West St,Richmond,VA,23230,"2230 Libbie Lake West St, Unit B, Richmond, VA 23230",2022-04-19T10:05:40.107Z,2020-09-24T17:04:29.602Z,Inactive,2022-08-10T15:43:50.158Z,685,2020-09-24T17:04:29.602Z,,"2230-Libbie-Lake-West-St,-Unit-B,-Richmond,-VA-23230",37.591419,-77.498361,2.5,2648.0,,Unit B
110,1,164950,Henrico County,Condo,5100 Monument Ave,Richmond,VA,23230,"5100 Monument Ave, Unit 911, Richmond, VA 23230",2022-04-12T10:14:48.882Z,2021-01-31T05:57:46.046Z,Inactive,2022-08-10T15:29:06.079Z,557,2021-01-31T05:57:46.046Z,,"5100-Monument-Ave,-Unit-911,-Richmond,-VA-23230",37.579115,-77.500438,1.0,880.0,,Unit 911
111,3,498615,Henrico County,Condo,2228 Libbie Lake West St,Richmond,VA,23230,"2228 Libbie Lake West St, Unit B, Richmond, VA 23230",2022-04-11T11:26:49.473Z,2020-09-24T17:04:29.594Z,Inactive,2022-08-10T15:26:15.009Z,685,2020-09-24T17:04:29.594Z,,"2228-Libbie-Lake-West-St,-Unit-B,-Richmond,-VA-23230",37.591401,-77.49836,2.5,2648.0,,Unit B
112,4,174950,Henrico County,Single Family,5004 Dollard Dr,Richmond,VA,23230,"5004 Dollard Dr, Richmond, VA 23230",2022-04-08T08:06:37.350Z,2022-03-26T09:34:25.504Z,Inactive,2022-08-10T15:21:43.608Z,138,2022-03-26T09:34:25.504Z,,"5004-Dollard-Dr,-Richmond,-VA-23230",37.595301,-77.496521,1.0,1224.0,,
113,3,227000,Henrico County,Single Family,2331 Lenora Ln,Richmond,VA,23230,"2331 Lenora Ln, Richmond, VA 23230",2022-04-04T10:07:01.173Z,2022-01-18T07:53:45.548Z,Inactive,2022-08-10T15:10:56.536Z,205,2022-01-18T07:53:45.548Z,,"2331-Lenora-Ln,-Richmond,-VA-23230",37.598744,-77.5047,1.0,1000.0,,
114,2,335900,Henrico County,Condo,2230 Libbie Lake West St,Richmond,VA,23230,"2230 Libbie Lake West St, Unit A, Richmond, VA 23230",2022-03-31T11:21:53.432Z,2020-09-24T14:10:20.716Z,Inactive,2022-08-10T15:02:04.951Z,686,2020-09-24T14:10:20.716Z,,"2230-Libbie-Lake-West-St,-Unit-A,-Richmond,-VA-23230",37.591419,-77.498361,2.5,1531.0,,Unit A
115,3,270000,Henrico County,Single Family,5115 Earlwick Rd,Richmond,VA,23230,"5115 Earlwick Rd, Richmond, VA 23230",2022-03-30T08:00:38.416Z,2022-02-12T08:04:18.614Z,Inactive,2022-08-10T14:59:09.829Z,180,2022-02-12T08:04:18.614Z,,"5115-Earlwick-Rd,-Richmond,-VA-23230",37.599091,-77.495752,1.0,1184.0,,
116,1,169950,Henrico County,Condo,5100 Monument Ave,Richmond,VA,23230,"5100 Monument Ave, Unit 606, Richmond, VA 23230",2022-03-28T05:26:25.624Z,2022-01-20T06:13:30.943Z,Inactive,2022-08-10T14:53:10.352Z,203,2022-01-20T06:13:30.943Z,,"5100-Monument-Ave,-Unit-606,-Richmond,-VA-23230",37.579115,-77.500438,1.0,880.0,,Unit 606
117,3,229500,Henrico County,Condo,5100 Monument Ave,Richmond,VA,23230,"5100 Monument Ave, Unit 1208, Richmond, VA 23230",2022-03-27T08:41:37.556Z,2021-11-24T10:06:48.463Z,Inactive,2022-08-10T14:51:38.513Z,260,2021-11-24T10:06:48.463Z,,"5100-Monument-Ave,-Unit-1208,-Richmond,-VA-23230",37.579115,-77.500438,2.0,1585.0,,Unit 1208
118,4,200000,Henrico County,Single Family,2412 Libbie Ave,Richmond,VA,23230,"2412 Libbie Ave, Richmond, VA 23230",2022-03-27T08:41:37.544Z,2022-02-20T07:53:52.328Z,Inactive,2022-08-10T14:51:38.513Z,172,2022-02-20T07:53:52.328Z,,"2412-Libbie-Ave,-Richmond,-VA-23230",37.59543,-77.499437,2.0,1248.0,,
119,2,307500,Henrico County,Condo,2228 Libbie Lake West St,Richmond,VA,23230,"2228 Libbie Lake West St, Unit A, Richmond, VA 23230",2022-03-25T09:50:00.910Z,2020-09-24T13:40:08.520Z,Inactive,2022-08-09T21:38:30.412Z,685,2020-09-24T13:40:08.520Z,,"2228-Libbie-Lake-West-St,-Unit-A,-Richmond,-VA-23230",37.591401,-77.49836,2.5,1531.0,,Unit A
120,3,394950,Henrico County,Condo,2024 Libbie Lake West St,Richmond,VA,23230,"2024 Libbie Lake West St, Unit A, Richmond, VA 23230",2022-03-23T11:40:01.611Z,2022-02-11T09:01:27.944Z,Inactive,2022-08-09T21:35:25.390Z,180,2022-02-11T09:01:27.944Z,,"2024-Libbie-Lake-West-St,-Unit-A,-Richmond,-VA-23230",37.589559,-77.498294,2.5,1562.0,,Unit A
121,3,469900,Henrico County,Condo,2220 Libbie Lake West St,Richmond,VA,23230,"2220 Libbie Lake West St, Unit B, Richmond, VA 23230",2022-03-22T11:38:27.249Z,2020-09-24T17:04:29.598Z,Inactive,2022-08-09T21:32:35.253Z,685,2020-09-24T17:04:29.598Z,,"2220-Libbie-Lake-West-St,-Unit-B,-Richmond,-VA-23230",37.591328,-77.498359,2.5,2648.0,,Unit B
122,2,389900,Henrico County,Condo,5302 Coopers Walk Ln,Richmond,VA,23230,"5302 Coopers Walk Ln, Richmond, VA 23230",2022-03-21T10:44:23.740Z,2022-02-12T09:45:04.129Z,Inactive,2022-08-09T21:29:45.445Z,179,2022-02-12T09:45:04.129Z,,"5302-Coopers-Walk-Ln,-Richmond,-VA-23230",37.5892,-77.498586,,1584.0,,
123,3,220000,Henrico County,Single Family,6701 Hazelwood St,Richmond,VA,23230,"6701 Hazelwood St, Richmond, VA 23230",2022-03-18T08:23:49.280Z,2022-02-11T06:21:37.916Z,Inactive,2022-08-09T21:25:27.242Z,180,2022-02-11T06:21:37.916Z,,"6701-Hazelwood-St,-Richmond,-VA-23230",37.608959,-77.506687,1.0,1000.0,,
124,2,307500,Henrico County,Condo,2226 Libbie Lake West St,Richmond,VA,23230,"2226 Libbie Lake West St, Unit A, Richmond, VA 23230",2022-03-17T11:04:24.019Z,2020-09-24T13:40:08.524Z,Inactive,2022-08-09T21:22:39.173Z,685,2020-09-24T13:40:08.524Z,,"2226-Libbie-Lake-West-St,-Unit-A,-Richmond,-VA-23230",37.591383,-77.49836,2.5,1531.0,,Unit A
125,2,239900,Henrico County,Single Family,4908 Regent Rd,Richmond,VA,23230,"4908 Regent Rd, Richmond, VA 23230",2022-03-16T09:03:56.262Z,2022-02-15T06:25:22.934Z,Inactive,2022-08-09T21:19:33.380Z,176,2022-02-15T06:25:22.934Z,,"4908-Regent-Rd,-Richmond,-VA-23230",37.595492,-77.494657,1.0,1384.0,,
126,3,480090,Henrico County,Condo,2226 Libbie Lake West St,Richmond,VA,23230,"2226 Libbie Lake West St, Unit B, Richmond, VA 23230",2022-03-15T11:00:15.024Z,2020-09-24T17:04:29.596Z,Inactive,2022-08-09T21:18:03.314Z,685,2020-09-24T17:04:29.596Z,,"2226-Libbie-Lake-West-St,-Unit-B,-Richmond,-VA-23230",37.591383,-77.49836,2.5,2648.0,,Unit B
127,3,477150,Henrico County,Condo,2224 Libbie Lake West St,Richmond,VA,23230,"2224 Libbie Lake West St, Unit B, Richmond, VA 23230",2022-03-07T12:12:50.662Z,2020-09-24T17:04:29.599Z,Inactive,2022-08-09T21:01:03.071Z,685,2020-09-24T17:04:29.599Z,,"2224-Libbie-Lake-West-St,-Unit-B,-Richmond,-VA-23230",37.591364,-77.498359,2.5,2648.0,,Unit B
128,3,395000,Henrico County,Condo,5307 Masons Ln,Richmond,VA,23230,"5307 Masons Ln, Richmond, VA 23230",2022-03-02T10:03:12.993Z,2022-02-03T10:04:22.166Z,Inactive,2022-08-09T20:50:32.947Z,188,2022-02-03T10:04:22.166Z,,"5307-Masons-Ln,-Richmond,-VA-23230",37.589905,-77.498771,3.5,1582.0,,
129,3,311700,Henrico County,Condo,2224 Libbie Lake West St,Richmond,VA,23230,"2224 Libbie Lake West St, Unit A, Richmond, VA 23230",2022-02-22T09:41:33.318Z,2020-09-24T13:40:08.510Z,Inactive,2022-08-09T20:31:53.537Z,685,2020-09-24T13:40:08.510Z,,"2224-Libbie-Lake-West-St,-Unit-A,-Richmond,-VA-23230",37.591364,-77.498359,2.5,1531.0,,Unit A
130,3,272500,Henrico County,Condo,5100 Monument Ave,Richmond,VA,23230,"5100 Monument Ave, Unit 708, Richmond, VA 23230",2022-02-21T08:30:13.543Z,2021-11-04T08:47:45.977Z,Inactive,2022-08-09T20:30:31.428Z,279,2021-11-04T08:47:45.977Z,,"5100-Monument-Ave,-Unit-708,-Richmond,-VA-23230",37.579115,-77.500438,2.0,1585.0,,Unit 708
131,2,307500,Henrico County,Condo,2222 Libbie Lake West St,Richmond,VA,23230,"2222 Libbie Lake West St, Unit A, Richmond, VA 23230",2022-02-16T11:17:55.911Z,2020-09-24T13:40:08.515Z,Inactive,2022-08-09T20:23:16.445Z,685,2020-09-24T13:40:08.515Z,,"2222-Libbie-Lake-West-St,-Unit-A,-Richmond,-VA-23230",37.591346,-77.498359,2.5,1531.0,,Unit A
132,4,449950,Henrico County,Condo,5310 Masons Ln,Richmond,VA,23230,"5310 Masons Ln, Richmond, VA 23230",2022-02-14T10:00:22.386Z,2021-12-18T12:33:54.274Z,Inactive,2022-08-09T20:16:35.399Z,235,2021-12-18T12:33:54.274Z,,"5310-Masons-Ln,-Richmond,-VA-23230",37.590196,-77.498961,3.5,1876.0,,
133,3,249950,Henrico County,Single Family,3000 Manor Dr,Richmond,VA,23230,"3000 Manor Dr, Richmond, VA 23230",2022-02-10T08:12:41.889Z,2021-12-29T09:19:44.041Z,Inactive,2022-08-09T20:10:32.715Z,224,2021-12-29T09:19:44.041Z,,"3000-Manor-Dr,-Richmond,-VA-23230",37.599647,-77.494978,1.0,984.0,,
134,1,98000,Henrico County,Condo,5100 Monument Ave,Richmond,VA,23230,"5100 Monument Ave, Unit 505, Richmond, VA 23230",2022-02-10T06:46:35.500Z,2022-01-01T07:04:32.304Z,Inactive,2022-08-09T20:10:32.715Z,221,2022-01-01T07:04:32.304Z,,"5100-Monument-Ave,-Unit-505,-Richmond,-VA-23230",37.579115,-77.500438,1.0,470.0,,Unit 505
135,2,315900,Henrico County,Condo,2220 Libbie Lake West St,Richmond,VA,23230,"2220 Libbie Lake West St, Unit A, Richmond, VA 23230",2022-02-04T10:37:14.177Z,2020-09-24T14:10:20.704Z,Inactive,2022-08-09T20:00:02.589Z,685,2020-09-24T14:10:20.704Z,,"2220-Libbie-Lake-West-St,-Unit-A,-Richmond,-VA-23230",37.591328,-77.498359,2.5,1531.0,,Unit A
136,3,229950,Henrico County,Single Family,2325 Golden Rd,Richmond,VA,23230,"2325 Golden Rd, Richmond, VA 23230",2022-01-25T07:48:25.752Z,2021-02-05T05:49:03.153Z,Inactive,2022-08-09T19:39:51.569Z,551,2021-02-05T05:49:03.153Z,,"2325-Golden-Rd,-Richmond,-VA-23230",37.599674,-77.505013,1.0,1016.0,,
137,2,340900,Henrico County,Condo,2206 Libbie Lake West St,Richmond,VA,23230,"2206 Libbie Lake West St, Unit A, Richmond, VA 23230",2022-01-12T08:41:45.507Z,2020-09-24T14:14:38.468Z,Inactive,2022-08-09T19:17:04.537Z,685,2020-09-24T14:14:38.468Z,,"2206-Libbie-Lake-West-St,-Unit-A,-Richmond,-VA-23230",37.5912,-77.498356,2.5,1531.0,,Unit A
138,3,499150,Henrico County,Condo,2206 Libbie Lake West St,Richmond,VA,23230,"2206 Libbie Lake West St, Unit B, Richmond, VA 23230",2022-01-11T09:35:16.521Z,2020-09-24T17:12:15.196Z,Inactive,2022-08-09T19:15:33.910Z,685,2020-09-24T17:12:15.196Z,,"2206-Libbie-Lake-West-St,-Unit-B,-Richmond,-VA-23230",37.5912,-77.498356,2.5,2648.0,,Unit B
139,3,459590,Henrico County,Condo,2204 Libbie Lake West St,Richmond,VA,23230,"2204 Libbie Lake West St, Unit B, Richmond, VA 23230",2022-01-11T09:35:16.508Z,2021-01-15T10:21:53.899Z,Inactive,2022-08-09T19:15:33.910Z,572,2021-01-15T10:21:53.899Z,,"2204-Libbie-Lake-West-St,-Unit-B,-Richmond,-VA-23230",37.591181,-77.498356,2.5,2648.0,,Unit B
140,4,285000,Henrico County,Single Family,2311 Georgetown Dr,Richmond,VA,23230,"2311 Georgetown Dr, Richmond, VA 23230",2022-01-06T11:54:37.509Z,2021-02-11T10:31:37.344Z,Inactive,2022-08-09T19:07:59.139Z,545,2021-02-11T10:31:37.344Z,,"2311-Georgetown-Dr,-Richmond,-VA-23230",37.596494,-77.503231,2.0,1642.0,,
141,2,139900,Henrico County,Single Family,2137 Park Ln,Richmond,VA,23230,"2137 Park Ln, Richmond, VA 23230",2022-01-05T07:15:03.155Z,2021-12-05T09:02:46.259Z,Inactive,2022-08-09T19:03:09.353Z,248,2021-12-05T09:02:46.259Z,,"2137-Park-Ln,-Richmond,-VA-23230",37.588404,-77.494277,1.0,744.0,,
142,1,138000,Henrico County,Condo,5100 Monument Ave,Richmond,VA,23230,"5100 Monument Ave, Unit 305, Richmond, VA 23230",2021-12-29T05:36:36.520Z,2021-06-05T09:04:02.133Z,Inactive,2022-08-09T18:47:33.055Z,431,2021-06-05T09:04:02.133Z,,"5100-Monument-Ave,-Unit-305,-Richmond,-VA-23230",37.579115,-77.500438,1.0,470.0,,Unit 305
143,3,225000,Henrico County,Single Family,6621 Glenwood St,Richmond,VA,23230,"6621 Glenwood St, Richmond, VA 23230",2021-12-28T08:06:05.312Z,2021-09-04T07:38:01.461Z,Inactive,2022-08-09T18:44:38.600Z,340,2021-09-04T07:38:01.461Z,,"6621-Glenwood-St,-Richmond,-VA-23230",37.608349,-77.505614,1.0,980.0,,
144,2,334750,Henrico County,Condo,2204 Libbie Lake West St,Richmond,VA,23230,"2204 Libbie Lake West St, Unit A, Richmond, VA 23230",2021-12-16T09:48:14.822Z,2021-01-15T10:07:05.494Z,Inactive,2022-08-09T18:23:13.030Z,572,2021-01-15T10:07:05.494Z,,"2204-Libbie-Lake-West-St,-Unit-A,-Richmond,-VA-23230",37.591181,-77.498356,2.5,1531.0,,Unit A
145,3,499150,Henrico County,Condo,2200 Libbie Lake West St,Richmond,VA,23230,"2200 Libbie Lake West St, Unit B, Richmond, VA 23230",2021-12-13T09:53:06.213Z,2020-09-24T17:12:15.204Z,Inactive,2022-08-09T18:14:07.362Z,685,2020-09-24T17:12:15.204Z,,"2200-Libbie-Lake-West-St,-Unit-B,-Richmond,-VA-23230",37.591145,-77.498355,2.5,2648.0,,Unit B
146,2,394975,Henrico County,Condo,5306 Libbie Mill West Blvd,Richmond,VA,23230,"5306 Libbie Mill West Blvd, Unit M5, Richmond, VA 23230",2021-12-08T11:23:07.770Z,2021-10-07T11:24:44.376Z,Inactive,2022-08-09T18:05:02.436Z,307,2021-10-07T11:24:44.376Z,,"5306-Libbie-Mill-West-Blvd,-Unit-M5,-Richmond,-VA-23230",37.590853,-77.498873,,1556.0,,Unit M5
147,2,340900,Henrico County,Condo,2200 Libbie Lake West St,Richmond,VA,23230,"2200 Libbie Lake West St, Unit A, Richmond, VA 23230",2021-12-07T10:53:05.041Z,2020-09-24T14:14:38.471Z,Inactive,2022-08-09T18:02:02.136Z,685,2020-09-24T14:14:38.471Z,,"2200-Libbie-Lake-West-St,-Unit-A,-Richmond,-VA-23230",37.591145,-77.498355,2.5,1531.0,,Unit A
148,3,215000,Henrico County,Single Family,4801 Belle Glade Dr,Richmond,VA,23230,"4801 Belle Glade Dr, Richmond, VA 23230",2021-12-05T09:02:46.296Z,2021-10-27T07:53:14.399Z,Inactive,2022-08-09T17:57:28.413Z,287,2021-10-27T07:53:14.399Z,,"4801-Belle-Glade-Dr,-Richmond,-VA-23230",37.607535,-77.506184,1.0,1000.0,,
149,3,269000,Henrico County,Single Family,2221 Dickens Rd,Richmond,VA,23230,"2221 Dickens Rd, Richmond, VA 23230",2021-12-02T08:57:21.950Z,2021-03-26T07:59:01.246Z,Inactive,2022-08-09T17:51:26.712Z,502,2021-03-26T07:59:01.246Z,,"2221-Dickens-Rd,-Richmond,-VA-23230",37.600503,-77.508146,2.0,1152.0,,
150,3,219995,Henrico County,Single Family,2313 Dickens Rd,Richmond,VA,23230,"2313 Dickens Rd, Richmond, VA 23230",2021-11-25T06:13:56.418Z,2021-10-21T08:09:45.765Z,Inactive,2022-08-09T17:37:58.966Z,293,2021-10-21T08:09:45.765Z,,"2313-Dickens-Rd,-Richmond,-VA-23230",37.600626,-77.506096,1.0,1016.0,,
151,3,452400,Henrico County,Condo,2202 Libbie Lake West St,Richmond,VA,23230,"2202 Libbie Lake West St, Unit B, Richmond, VA 23230",2021-11-22T11:46:52.596Z,2020-09-24T17:04:29.600Z,Inactive,2022-08-09T17:30:14.277Z,685,2020-09-24T17:04:29.600Z,,"2202-Libbie-Lake-West-St,-Unit-B,-Richmond,-VA-23230",37.591163,-77.498355,2.5,2648.0,,Unit B
152,2,332500,Henrico County,Condo,2202 Libbie Lake West St,Richmond,VA,23230,"2202 Libbie Lake West St, Unit A, Richmond, VA 23230",2021-11-18T12:15:39.205Z,2020-09-24T14:14:38.467Z,Inactive,2022-08-09T17:24:14.058Z,685,2020-09-24T14:14:38.467Z,,"2202-Libbie-Lake-West-St,-Unit-A,-Richmond,-VA-23230",37.591163,-77.498355,2.5,1531.0,,Unit A
153,3,220000,Henrico County,Single Family,4807 Adair Ave,Richmond,VA,23230,"4807 Adair Ave, Richmond, VA 23230",2021-11-16T08:22:31.217Z,2021-10-12T07:58:21.981Z,Inactive,2022-08-09T17:14:56.866Z,302,2021-10-12T07:58:21.981Z,,"4807-Adair-Ave,-Richmond,-VA-23230",37.608522,-77.506864,1.0,1000.0,,
154,3,440000,Henrico County,Condo,5313 Masons Ln,Richmond,VA,23230,"5313 Masons Ln, Richmond, VA 23230",2021-11-15T13:01:14.284Z,2021-08-31T10:32:31.134Z,Inactive,2022-08-09T17:12:05.180Z,344,2021-08-31T10:32:31.134Z,,"5313-Masons-Ln,-Richmond,-VA-23230",37.589894,-77.498985,3.5,1876.0,,
155,2,139950,Henrico County,Single Family,2126 Clover Rd,Richmond,VA,23230,"2126 Clover Rd, Richmond, VA 23230",2021-11-05T05:42:50.377Z,2021-10-07T06:19:11.667Z,Inactive,2022-08-09T16:50:48.959Z,307,2021-10-07T06:19:11.667Z,,"2126-Clover-Rd,-Richmond,-VA-23230",37.587612,-77.495151,1.0,750.0,,
156,3,439950,Henrico County,Condo,5309 Masons Ln,Richmond,VA,23230,"5309 Masons Ln, Unit G5, Richmond, VA 23230",2021-11-04T11:13:51.499Z,2021-09-09T10:52:44.800Z,Inactive,2022-08-09T16:49:21.402Z,335,2021-09-09T10:52:44.800Z,,"5309-Masons-Ln,-Unit-G5,-Richmond,-VA-23230",37.589901,-77.498833,,1876.0,,Unit G5
157,3,445000,Henrico County,Condo,5305 Libbie Mill West Blvd,Richmond,VA,23230,"5305 Libbie Mill West Blvd, Richmond, VA 23230",2021-11-03T12:12:40.034Z,2021-08-31T10:32:31.133Z,Inactive,2022-08-09T16:47:55.514Z,344,2021-08-31T10:32:31.133Z,,"5305-Libbie-Mill-West-Blvd,-Richmond,-VA-23230",37.590447,-77.498775,3.5,1876.0,,
158,2,249950,Henrico County,Single Family,2100 Clover Rd,Richmond,VA,23230,"2100 Clover Rd, Richmond, VA 23230",2021-11-02T09:45:40.383Z,2021-09-24T13:40:53.397Z,Inactive,2022-08-09T16:43:43.491Z,320,2021-09-24T13:40:53.397Z,,"2100-Clover-Rd,-Richmond,-VA-23230",37.586207,-77.494214,2.0,920.0,,
159,3,385000,Henrico County,Single Family,5609 Hard Rock Pl,Richmond,VA,23230,"5609 Hard Rock Pl, Richmond, VA 23230",2021-11-01T11:41:27.803Z,2021-08-08T09:57:37.152Z,Inactive,2022-08-09T16:40:55.249Z,367,2021-08-08T09:57:37.152Z,,"5609-Hard-Rock-Pl,-Richmond,-VA-23230",37.604504,-77.502054,2.0,1805.0,,
160,4,379000,Henrico County,Single Family,3312 Oconto Rd,Richmond,VA,23230,"3312 Oconto Rd, Richmond, VA 23230",2021-10-31T10:32:28.490Z,2021-09-16T12:45:10.574Z,Inactive,2022-08-09T16:38:00.752Z,328,2021-09-16T12:45:10.574Z,,"3312-Oconto-Rd,-Richmond,-VA-23230",37.605624,-77.500319,2.0,2374.0,,
161,2,249900,Henrico County,Condo,5100 Monument Ave,Richmond,VA,23230,"5100 Monument Ave, Unit 415, Richmond, VA 23230",2021-10-30T11:32:56.422Z,2021-06-05T11:12:43.500Z,Inactive,2022-08-09T16:36:31.692Z,431,2021-06-05T11:12:43.500Z,,"5100-Monument-Ave,-Unit-415,-Richmond,-VA-23230",37.579115,-77.500438,1.0,1265.0,,Unit 415
162,3,299950,Henrico County,Condo,5100 Monument Ave,Richmond,VA,23230,"5100 Monument Ave, Unit 1013, Richmond, VA 23230",2021-10-29T08:35:06.856Z,2021-09-08T12:13:49.751Z,Inactive,2022-08-09T16:33:20.599Z,336,2021-09-08T12:13:49.751Z,,"5100-Monument-Ave,-Unit-1013,-Richmond,-VA-23230",37.579115,-77.500438,3.0,1570.0,,Unit 1013
163,2,169000,Henrico County,Single Family,2143 Park Ln,Richmond,VA,23230,"2143 Park Ln, Richmond, VA 23230",2021-10-26T06:03:24.507Z,2021-10-06T06:25:32.793Z,Inactive,2022-08-09T16:23:12.237Z,308,2021-10-06T06:25:32.793Z,,"2143-Park-Ln,-Richmond,-VA-23230",37.588476,-77.49481,1.5,1321.0,,
164,2,199000,Henrico County,Condo,5100 Monument Ave,Richmond,VA,23230,"5100 Monument Ave, Unit 715, Richmond, VA 23230",2021-10-25T10:48:35.771Z,2021-09-17T05:55:17.515Z,Inactive,2022-08-09T16:21:46.343Z,327,2021-09-17T05:55:17.515Z,,"5100-Monument-Ave,-Unit-715,-Richmond,-VA-23230",37.579115,-77.500438,1.0,1265.0,,Unit 715
165,3,365000,Henrico County,Single Family,3103 Aqua Ct,Richmond,VA,23230,"3103 Aqua Ct, Richmond, VA 23230",2021-10-21T11:26:59.226Z,2021-09-28T12:13:48.524Z,Inactive,2022-08-09T16:12:29.148Z,316,2021-09-28T12:13:48.524Z,,"3103-Aqua-Ct,-Richmond,-VA-23230",37.601501,-77.492467,2.0,2309.0,,
166,3,296000,Henrico County,Single Family,6603 Juniper St,Richmond,VA,23230,"6603 Juniper St, Richmond, VA 23230",2021-10-21T09:22:07.659Z,2021-08-31T09:13:21.327Z,Inactive,2022-08-09T16:12:29.148Z,344,2021-08-31T09:13:21.327Z,,"6603-Juniper-St,-Richmond,-VA-23230",37.608013,-77.509768,2.0,1570.0,,
167,4,199950,Henrico County,Single Family,2104 Pinetree Dr,Richmond,VA,23230,"2104 Pinetree Dr, Richmond, VA 23230",2021-10-05T05:24:21.052Z,2021-09-18T08:03:33.822Z,Inactive,2022-08-09T15:35:29.413Z,326,2021-09-18T08:03:33.822Z,,"2104-Pinetree-Dr,-Richmond,-VA-23230",37.586279,-77.493093,1.5,1350.0,,
168,1,185000,Henrico County,Condo,5100 Monument Ave,Richmond,VA,23230,"5100 Monument Ave, Unit 1211, Richmond, VA 23230",2021-10-02T09:17:09.772Z,2021-02-05T05:49:03.161Z,Inactive,2022-08-09T15:31:13.172Z,551,2021-02-05T05:49:03.161Z,,"5100-Monument-Ave,-Unit-1211,-Richmond,-VA-23230",37.579115,-77.500438,1.0,880.0,,Unit 1211
169,2,219000,Henrico County,Condo,5100 Monument Ave,Richmond,VA,23230,"5100 Monument Ave, Unit 1215, Richmond, VA 23230",2021-09-24T13:16:45.604Z,2021-05-12T08:18:42.818Z,Inactive,2022-08-09T15:08:15.307Z,455,2021-05-12T08:18:42.818Z,,"5100-Monument-Ave,-Unit-1215,-Richmond,-VA-23230",37.579115,-77.500438,1.0,1265.0,,Unit 1215
170,3,318900,Henrico County,Condo,5603 Coopers Walk Ln,Richmond,VA,23230,"5603 Coopers Walk Ln, Unit U7, Richmond, VA 23230",2021-09-23T13:28:27.596Z,2021-01-15T10:07:05.493Z,Inactive,2022-08-09T15:06:47.342Z,572,2021-01-15T10:07:05.493Z,,"5603-Coopers-Walk-Ln,-Unit-U7,-Richmond,-VA-23230",37.592137,-77.498866,3.5,1511.0,,Unit U7
171,3,199950,Henrico County,Single Family,2300 Libbie Ave,Richmond,VA,23230,"2300 Libbie Ave, Richmond, VA 23230",2021-09-16T07:56:04.289Z,2021-08-30T11:30:46.575Z,Inactive,2022-08-08T19:58:05.604Z,344,2021-08-30T11:30:46.575Z,,"2300-Libbie-Ave,-Richmond,-VA-23230",37.592785,-77.501106,2.0,1248.0,,
172,3,418900,Henrico County,Condo,5601 Coopers Walk Ln,Richmond,VA,23230,"5601 Coopers Walk Ln, Unit U8, Richmond, VA 23230",2021-09-09T10:52:44.794Z,2021-01-15T10:21:53.878Z,Inactive,2022-08-08T19:42:05.012Z,571,2021-01-15T10:21:53.878Z,,"5601-Coopers-Walk-Ln,-Unit-U8,-Richmond,-VA-23230",37.592142,-77.498786,2.5,2045.0,,Unit U8
173,3,295000,Henrico County,Single Family,5666 Hard Rock Pl,Richmond,VA,23230,"5666 Hard Rock Pl, Richmond, VA 23230",2021-08-31T09:13:21.328Z,2021-07-30T09:28:33.906Z,Inactive,2022-08-08T19:24:09.075Z,375,2021-07-30T09:28:33.906Z,,"5666-Hard-Rock-Pl,-Richmond,-VA-23230",37.605952,-77.505579,2.5,1570.0,,
174,3,250000,Henrico County,Single Family,5423 Westbourne Dr,Richmond,VA,23230,"5423 Westbourne Dr, Richmond, VA 23230",2021-08-31T09:08:32.374Z,2021-07-30T08:31:00.646Z,Inactive,2022-08-08T19:24:09.075Z,375,2021-07-30T08:31:00.646Z,,"5423-Westbourne-Dr,-Richmond,-VA-23230",37.594361,-77.50284,2.0,1248.0,,
175,3,519500,Henrico County,Condo,5529 Coopers Walk Ln,Richmond,VA,23230,"5529 Coopers Walk Ln, Richmond, VA 23230",2021-08-19T14:09:59.029Z,2021-08-08T11:05:25.813Z,Inactive,2022-08-08T19:08:35.328Z,366,2021-08-08T11:05:25.813Z,,"5529-Coopers-Walk-Ln,-Richmond,-VA-23230",37.591888,-77.499192,,2045.0,,
176,2,199950,Henrico County,Single Family,2500 Dickens Rd,Richmond,VA,23230,"2500 Dickens Rd, Richmond, VA 23230",2021-08-19T07:01:50.505Z,2020-09-15T10:57:54.987Z,Inactive,2022-08-08T18:56:11.843Z,693,2020-09-15T10:57:54.987Z,,"2500-Dickens-Rd,-Richmond,-VA-23230",37.601411,-77.503311,1.0,916.0,,
177,1,134950,Henrico County,Condo,5100 Monument Ave,Richmond,VA,23230,"5100 Monument Ave, Unit 712, Richmond, VA 23230",2021-08-12T05:19:06.563Z,2021-06-24T05:56:06.605Z,Inactive,2022-08-08T18:40:57.145Z,411,2021-06-24T05:56:06.605Z,,"5100-Monument-Ave,-Unit-712,-Richmond,-VA-23230",37.579115,-77.500438,1.0,470.0,,Unit 712
178,3,245000,Henrico County,Single Family,4914 Dollard Dr,Richmond,VA,23230,"4914 Dollard Dr, Richmond, VA 23230",2021-08-09T07:45:53.615Z,2021-07-18T07:16:59.540Z,Inactive,2022-08-08T18:39:25.790Z,387,2021-07-18T07:16:59.540Z,,"4914-Dollard-Dr,-Richmond,-VA-23230",37.594351,-77.494534,2.0,1313.0,,
179,2,379400,Henrico County,Condo,5605 Coopers Walk Ln,Richmond,VA,23230,"5605 Coopers Walk Ln, Unit U6, Richmond, VA 23230",2021-08-08T09:57:37.133Z,2021-01-15T10:14:32.092Z,Inactive,2022-08-08T18:34:49.836Z,571,2021-01-15T10:14:32.092Z,,"5605-Coopers-Walk-Ln,-Unit-U6,-Richmond,-VA-23230",37.592134,-77.498928,2.5,1802.0,,Unit U6
180,2,318900,Henrico County,Condo,5607 Coopers Walk Ln,Richmond,VA,23230,"5607 Coopers Walk Ln, Unit U5, Richmond, VA 23230",2021-08-08T09:12:41.696Z,2021-01-15T10:07:05.488Z,Inactive,2022-08-08T18:34:49.836Z,571,2021-01-15T10:07:05.488Z,,"5607-Coopers-Walk-Ln,-Unit-U5,-Richmond,-VA-23230",37.592131,-77.49899,2.5,1342.0,,Unit U5
181,4,155000,Henrico County,Single Family,5614 Indigo Rd,Richmond,VA,23230,"5614 Indigo Rd, Richmond, VA 23230",2021-08-02T05:59:52.058Z,2021-06-05T09:04:02.142Z,Inactive,2022-08-06T19:23:43.717Z,428,2021-06-05T09:04:02.142Z,,"5614-Indigo-Rd,-Richmond,-VA-23230",37.593545,-77.502212,2.0,1248.0,,
182,2,285000,Henrico County,Condo,5100 Monument Ave,Richmond,VA,23230,"5100 Monument Ave, Unit 714, Richmond, VA 23230",2021-07-30T09:28:33.853Z,2021-05-12T11:09:10.289Z,Inactive,2022-08-06T19:26:41.163Z,452,2021-05-12T11:09:10.289Z,,"5100-Monument-Ave,-Unit-714,-Richmond,-VA-23230",37.579115,-77.500438,2.0,1295.0,,Unit 714
183,4,250000,Henrico County,Single Family,5003 Dollard Dr,Richmond,VA,23230,"5003 Dollard Dr, Richmond, VA 23230",2021-07-30T08:31:00.645Z,2021-06-24T07:11:56.998Z,Inactive,2022-08-06T19:28:05.015Z,409,2021-06-24T07:11:56.998Z,,"5003-Dollard-Dr,-Richmond,-VA-23230",37.594641,-77.496824,2.0,1485.0,,
184,2,379400,Henrico County,Condo,5611 Coopers Walk Ln,Richmond,VA,23230,"5611 Coopers Walk Ln, Unit U3, Richmond, VA 23230",2021-07-19T14:31:55.318Z,2021-01-15T10:14:32.095Z,Inactive,2022-08-06T20:18:46.377Z,569,2021-01-15T10:14:32.095Z,,"5611-Coopers-Walk-Ln,-Unit-U3,-Richmond,-VA-23230",37.592124,-77.499107,2.5,1802.0,,Unit U3
185,3,363000,Henrico County,Single Family,3105 Aqua Ct,Richmond,VA,23230,"3105 Aqua Ct, Richmond, VA 23230",2021-07-19T14:21:40.269Z,2021-06-23T09:25:26.495Z,Inactive,2022-08-06T20:18:46.377Z,410,2021-06-23T09:25:26.495Z,,"3105-Aqua-Ct,-Richmond,-VA-23230",37.601698,-77.492603,2.5,2538.0,,
186,3,335450,Henrico County,Condo,5609 Coopers Walk Ln,Richmond,VA,23230,"5609 Coopers Walk Ln, Unit U4, Richmond, VA 23230",2021-07-19T14:21:40.081Z,2021-01-15T10:07:05.498Z,Inactive,2022-08-06T20:18:46.377Z,569,2021-01-15T10:07:05.498Z,,"5609-Coopers-Walk-Ln,-Unit-U4,-Richmond,-VA-23230",37.592128,-77.499045,3.5,1511.0,,Unit U4
187,0,299500,Henrico County,Land,2100 Staples Mill Rd,Richmond,VA,23230,"2100 Staples Mill Rd, Richmond, VA 23230",2021-07-19T13:44:50.332Z,2020-09-21T15:40:43.385Z,Inactive,2022-08-06T20:22:32.440Z,685,2020-09-21T15:40:43.385Z,,"2100-Staples-Mill-Rd,-Richmond,-VA-23230",37.585961,-77.49198,,,,
188,3,349000,Henrico County,Condo,5406 Coopers Walk Ln,Richmond,VA,23230,"5406 Coopers Walk Ln, Richmond, VA 23230",2021-07-11T09:53:34.100Z,2021-06-16T09:30:49.193Z,Inactive,2022-08-06T23:09:45.615Z,417,2021-06-16T09:30:49.193Z,,"5406-Coopers-Walk-Ln,-Richmond,-VA-23230",37.589681,-77.498752,3.5,1584.0,,
189,3,339250,Henrico County,Condo,5613 Coopers Walk Ln,Richmond,VA,23230,"5613 Coopers Walk Ln, Unit U2, Richmond, VA 23230",2021-07-11T09:53:34.082Z,2021-01-15T10:07:05.496Z,Inactive,2022-08-06T23:09:45.615Z,569,2021-01-15T10:07:05.496Z,,"5613-Coopers-Walk-Ln,-Unit-U2,-Richmond,-VA-23230",37.592121,-77.499169,3.5,1511.0,,Unit U2
190,3,418900,Henrico County,Condo,5615 Coopers Walk Ln,Richmond,VA,23230,"5615 Coopers Walk Ln, Unit U1, Richmond, VA 23230",2021-07-06T11:32:15.110Z,2021-01-15T10:21:53.879Z,Inactive,2022-08-07T15:02:37.613Z,570,2021-01-15T10:21:53.879Z,,"5615-Coopers-Walk-Ln,-Unit-U1,-Richmond,-VA-23230",37.592117,-77.499248,2.5,2045.0,,Unit U1
191,2,379900,Henrico County,Condo,5407 Bindery Ln,Richmond,VA,23230,"5407 Bindery Ln, Richmond, VA 23230",2021-07-06T11:31:51.890Z,2021-06-16T09:30:49.229Z,Inactive,2022-08-07T15:02:37.613Z,418,2021-06-16T09:30:49.229Z,,"5407-Bindery-Ln,-Richmond,-VA-23230",37.591113,-77.499622,3.0,1876.0,,
192,2,199000,Henrico County,Condo,5100 Monument Ave,Richmond,VA,23230,"5100 Monument Ave, Unit 302, Richmond, VA 23230",2021-06-29T05:11:15.136Z,2021-04-06T06:37:58.306Z,Inactive,2022-08-07T15:49:46.728Z,489,2021-04-06T06:37:58.306Z,,"5100-Monument-Ave,-Unit-302,-Richmond,-VA-23230",37.579115,-77.500438,2.0,1260.0,,Unit 302
193,3,435000,Henrico County,Condo,5307 Libbie Mill West Blvd,Richmond,VA,23230,"5307 Libbie Mill West Blvd, Richmond, VA 23230",2021-06-28T10:24:42.134Z,2021-05-12T13:23:54.372Z,Inactive,2022-08-07T15:53:00.449Z,453,2021-05-12T13:23:54.372Z,,"5307-Libbie-Mill-West-Blvd,-Richmond,-VA-23230",37.590443,-77.49885,2.5,2069.0,,
194,5,295000,Henrico County,Single Family,2317 Carr Ln,Richmond,VA,23230,"2317 Carr Ln, Richmond, VA 23230",2021-06-22T12:58:38.976Z,2021-05-12T11:55:22.585Z,Inactive,2022-08-07T16:24:45.420Z,453,2021-05-12T11:55:22.585Z,,"2317-Carr-Ln,-Richmond,-VA-23230",37.596289,-77.502119,2.0,1560.0,,
195,4,239950,Henrico County,Single Family,5004 Regent Rd,Richmond,VA,23230,"5004 Regent Rd, Richmond, VA 23230",2021-06-22T12:02:23.541Z,2021-05-12T08:18:43.278Z,Inactive,2022-08-07T16:24:45.420Z,453,2021-05-12T08:18:43.278Z,,"5004-Regent-Rd,-Richmond,-VA-23230",37.595962,-77.495635,1.0,1384.0,,
196,3,471697,Henrico County,Condo,2022 Libbie Lake West St,Richmond,VA,23230,"2022 Libbie Lake West St, Unit B, Richmond, VA 23230",2021-05-16T14:44:12.492Z,2020-09-21T15:40:43.384Z,Inactive,2022-08-07T18:25:50.971Z,686,2020-09-21T15:40:43.384Z,,"2022-Libbie-Lake-West-St,-Unit-B,-Richmond,-VA-23230",37.589559,-77.498294,2.5,2570.0,,Unit B
197,3,423125,Henrico County,Condo,5523 Coopers Walk Ln,Richmond,VA,23230,"5523 Coopers Walk Ln, Unit T4, Richmond, VA 23230",2021-05-16T14:33:08.542Z,2020-09-20T21:06:56.252Z,Inactive,2022-08-07T18:25:50.971Z,686,2020-09-20T21:06:56.252Z,,"5523-Coopers-Walk-Ln,-Unit-T4,-Richmond,-VA-23230",37.591901,-77.498951,,2045.0,,Unit T4
198,3,429125,Henrico County,Condo,5529 Coopers Walk Ln,Richmond,VA,23230,"5529 Coopers Walk Ln, Unit T1, Richmond, VA 23230",2021-05-16T14:33:08.541Z,2020-09-20T21:06:56.254Z,Inactive,2022-08-07T18:25:50.971Z,686,2020-09-20T21:06:56.254Z,,"5529-Coopers-Walk-Ln,-Unit-T1,-Richmond,-VA-23230",37.591888,-77.499192,,2045.0,,Unit T1
199,2,369900,Henrico County,Condo,5525 Coopers Walk Ln,Richmond,VA,23230,"5525 Coopers Walk Ln, Unit T3, Richmond, VA 23230",2021-05-16T14:32:12.060Z,2020-09-20T20:32:41.149Z,Inactive,2022-08-07T18:25:50.971Z,686,2020-09-20T20:32:41.149Z,,"5525-Coopers-Walk-Ln,-Unit-T3,-Richmond,-VA-23230",37.591896,-77.499037,2.5,1802.0,,Unit T3
200,2,369900,Henrico County,Condo,5527 Coopers Walk Ln,Richmond,VA,23230,"5527 Coopers Walk Ln, Unit T2, Richmond, VA 23230",2021-05-16T14:32:12.055Z,2020-09-20T20:32:41.148Z,Inactive,2022-08-07T18:25:50.971Z,686,2020-09-20T20:32:41.148Z,,"5527-Coopers-Walk-Ln,-Unit-T2,-Richmond,-VA-23230",37.591893,-77.499106,2.5,1802.0,,Unit T2
201,3,229950,Henrico County,Single Family,2330 Lenora Ln,Richmond,VA,23230,"2330 Lenora Ln, Richmond, VA 23230",2021-05-16T12:50:40.733Z,2021-05-12T08:18:42.818Z,Inactive,2022-08-07T18:53:55.455Z,453,2021-05-12T08:18:42.818Z,,"2330-Lenora-Ln,-Richmond,-VA-23230",37.599291,-77.504657,1.0,1016.0,,
202,3,439990,Henrico County,Condo,5407 Libbie Mill West Blvd,Richmond,VA,23230,"5407 Libbie Mill West Blvd, Richmond, VA 23230",2021-04-20T13:28:00.616Z,2021-02-20T11:04:57.870Z,Inactive,2022-08-08T18:03:27.064Z,535,2021-02-20T11:04:57.870Z,,"5407-Libbie-Mill-West-Blvd,-Richmond,-VA-23230",37.590491,-77.499691,3.5,1876.0,,
203,3,439000,Henrico County,Single Family,5011 Monument Ave,Richmond,VA,23230,"5011 Monument Ave, Richmond, VA 23230",2021-04-20T13:28:00.614Z,2021-04-18T11:27:23.151Z,Inactive,2022-08-08T18:03:27.064Z,478,2021-04-18T11:27:23.151Z,,"5011-Monument-Ave,-Richmond,-VA-23230",37.577396,-77.500297,2.5,1920.0,,
204,3,426400,Henrico County,Condo,5519 Coopers Walk Ln,Richmond,VA,23230,"5519 Coopers Walk Ln, Unit S5, Richmond, VA 23230",2021-04-20T13:28:00.608Z,2020-09-20T21:06:56.254Z,Inactive,2022-08-08T18:03:27.064Z,687,2020-09-20T21:06:56.254Z,,"5519-Coopers-Walk-Ln,-Unit-S5,-Richmond,-VA-23230",37.591367,-77.49949,,2045.0,,Unit S5
205,3,368025,Henrico County,Condo,5515 Coopers Walk Ln,Richmond,VA,23230,"5515 Coopers Walk Ln, Unit S3, Richmond, VA 23230",2021-04-20T13:21:44.438Z,2020-09-20T20:32:41.150Z,Inactive,2022-08-08T18:02:10.214Z,687,2020-09-20T20:32:41.150Z,,"5515-Coopers-Walk-Ln,-Unit-S3,-Richmond,-VA-23230",37.591355,-77.499488,3.5,1802.0,,Unit S3
206,2,311900,Henrico County,Condo,5517 Coopers Walk Ln,Richmond,VA,23230,"5517 Coopers Walk Ln, Unit S4, Richmond, VA 23230",2021-04-20T12:33:07.343Z,2020-09-15T22:35:02.992Z,Inactive,2022-08-08T17:58:08.838Z,692,2020-09-15T22:35:02.992Z,,"5517-Coopers-Walk-Ln,-Unit-S4,-Richmond,-VA-23230",37.591361,-77.499489,2.5,1342.0,,Unit S4
207,2,311900,Henrico County,Condo,5513 Coopers Walk Ln,Richmond,VA,23230,"5513 Coopers Walk Ln, Unit S2, Richmond, VA 23230",2021-04-20T12:33:07.341Z,2020-09-19T03:22:17.696Z,Inactive,2022-08-08T17:58:08.838Z,689,2020-09-19T03:22:17.696Z,,"5513-Coopers-Walk-Ln,-Unit-S2,-Richmond,-VA-23230",37.59135,-77.499488,2.5,1511.0,,Unit S2
208,4,269950,Henrico County,Single Family,6006 Westbourne Dr,Richmond,VA,23230,"6006 Westbourne Dr, Richmond, VA 23230",2021-04-20T12:12:28.813Z,2021-03-25T07:35:03.761Z,Inactive,2022-08-08T17:56:47.708Z,502,2021-03-25T07:35:03.761Z,,"6006-Westbourne-Dr,-Richmond,-VA-23230",37.596297,-77.504999,2.0,1560.0,,
209,3,259000,Henrico County,Single Family,2331 Golden Rd,Richmond,VA,23230,"2331 Golden Rd, Richmond, VA 23230",2021-04-20T11:40:59.290Z,2021-03-26T09:28:44.170Z,Inactive,2022-08-08T17:55:29.209Z,501,2021-03-26T09:28:44.170Z,,"2331-Golden-Rd,-Richmond,-VA-23230",37.599806,-77.50425,2.0,1313.0,,
210,2,279500,Henrico County,Condo,5100 Monument Ave,Richmond,VA,23230,"5100 Monument Ave, Unit 1009, Richmond, VA 23230",2021-04-06T08:43:08.465Z,2020-09-15T21:42:24.748Z,Inactive,2022-08-08T17:25:21.505Z,692,2020-09-15T21:42:24.748Z,,"5100-Monument-Ave,-Unit-1009,-Richmond,-VA-23230",37.579115,-77.500438,2.0,1300.0,,Unit 1009
211,5,259950,Henrico County,Single Family,2417 Boyle Ave,Richmond,VA,23230,"2417 Boyle Ave, Richmond, VA 23230",2021-03-27T09:25:02.037Z,2020-10-13T08:33:42.602Z,Inactive,2022-08-08T17:22:42.952Z,665,2020-10-13T08:33:42.602Z,,"2417-Boyle-Ave,-Richmond,-VA-23230",37.596277,-77.500357,2.0,1550.0,,
212,3,426400,Henrico County,Condo,5511 Coopers Walk Ln,Richmond,VA,23230,"5511 Coopers Walk Ln, Unit S1, Richmond, VA 23230",2021-03-26T11:43:43.294Z,2020-09-20T21:06:56.252Z,Inactive,2022-08-08T17:15:31.981Z,687,2020-09-20T21:06:56.252Z,,"5511-Coopers-Walk-Ln,-Unit-S1,-Richmond,-VA-23230",37.591344,-77.499487,,2045.0,,Unit S1
213,2,359900,Henrico County,Condo,5403 Coopers Walk Ln,Richmond,VA,23230,"5403 Coopers Walk Ln, Richmond, VA 23230",2021-03-25T09:40:20.268Z,2021-02-20T10:49:46.056Z,Inactive,2022-08-08T17:08:50.558Z,535,2021-02-20T10:49:46.056Z,,"5403-Coopers-Walk-Ln,-Richmond,-VA-23230",37.589417,-77.498605,2.5,1584.0,,
214,3,474950,Henrico County,Condo,5308 Coopers Walk Ln,Richmond,VA,23230,"5308 Coopers Walk Ln, Unit J1, Richmond, VA 23230",2021-03-14T13:35:31.877Z,2021-02-05T09:42:52.789Z,Inactive,2022-08-08T16:51:33.125Z,550,2021-02-05T09:42:52.789Z,,"5308-Coopers-Walk-Ln,-Unit-J1,-Richmond,-VA-23230",37.58919,-77.498788,2.5,2069.0,,Unit J1
215,3,449000,Henrico County,Condo,5300 Masons Ln,Richmond,VA,23230,"5300 Masons Ln, Richmond, VA 23230",2021-03-14T13:35:31.870Z,2021-02-05T09:42:52.771Z,Inactive,2022-08-08T16:51:33.125Z,550,2021-02-05T09:42:52.771Z,,"5300-Masons-Ln,-Richmond,-VA-23230",37.590215,-77.498628,3.5,2069.0,,
216,3,407400,Henrico County,Condo,5507 Coopers Walk Ln,Richmond,VA,23230,"5507 Coopers Walk Ln, Unit R4, Richmond, VA 23230",2021-03-14T13:35:31.868Z,2020-09-20T21:06:56.250Z,Inactive,2022-08-08T16:51:33.125Z,687,2020-09-20T21:06:56.250Z,,"5507-Coopers-Walk-Ln,-Unit-R4,-Richmond,-VA-23230",37.591333,-77.499486,,2045.0,,Unit R4
217,3,196950,Henrico County,Single Family,2302 Leah Rd,Richmond,VA,23230,"2302 Leah Rd, Richmond, VA 23230",2021-03-14T05:55:02.207Z,2021-02-18T07:52:07.575Z,Inactive,2022-08-08T16:40:33.612Z,537,2021-02-18T07:52:07.575Z,,"2302-Leah-Rd,-Richmond,-VA-23230",37.598229,-77.508316,1.0,1000.0,,
218,4,217000,Henrico County,Single Family,5009 Dollard Dr,Richmond,VA,23230,"5009 Dollard Dr, Richmond, VA 23230",2021-03-12T07:57:39.714Z,2021-02-05T06:22:40.859Z,Inactive,2022-08-08T16:40:33.612Z,550,2021-02-05T06:22:40.859Z,,"5009-Dollard-Dr,-Richmond,-VA-23230",37.595077,-77.497195,2.0,1234.0,,
219,3,362400,Henrico County,Condo,5505 Coopers Walk Ln,Richmond,VA,23230,"5505 Coopers Walk Ln, Unit R3, Richmond, VA 23230",2021-03-06T12:35:40.776Z,2020-09-20T20:32:41.148Z,Inactive,2022-08-08T16:20:21.551Z,687,2020-09-20T20:32:41.148Z,,"5505-Coopers-Walk-Ln,-Unit-R3,-Richmond,-VA-23230",37.591327,-77.499486,3.5,1802.0,,Unit R3
220,2,367015,Henrico County,Condo,5503 Coopers Walk Ln,Richmond,VA,23230,"5503 Coopers Walk Ln, Unit R2, Richmond, VA 23230",2021-03-03T10:06:49.186Z,2020-09-20T20:32:41.147Z,Inactive,2022-08-08T16:10:23.577Z,687,2020-09-20T20:32:41.147Z,,"5503-Coopers-Walk-Ln,-Unit-R2,-Richmond,-VA-23230",37.591322,-77.499485,2.5,1802.0,,Unit R2
221,2,248700,Henrico County,Condo,5100 Monument Ave,Richmond,VA,23230,"5100 Monument Ave, Unit 214, Richmond, VA 23230",2021-02-27T07:56:08.656Z,2021-01-15T06:11:30.564Z,Inactive,2022-08-08T16:01:41.226Z,571,2021-01-15T06:11:30.564Z,,"5100-Monument-Ave,-Unit-214,-Richmond,-VA-23230",37.579115,-77.500438,2.0,1295.0,,Unit 214
222,3,407400,Henrico County,Condo,5501 Coopers Walk Ln,Richmond,VA,23230,"5501 Coopers Walk Ln, Unit R1, Richmond, VA 23230",2021-02-26T10:43:16.454Z,2020-09-20T21:06:56.253Z,Inactive,2022-08-08T15:58:57.812Z,687,2020-09-20T21:06:56.253Z,,"5501-Coopers-Walk-Ln,-Unit-R1,-Richmond,-VA-23230",37.591316,-77.499485,2.5,2045.0,,Unit R1
223,1,234990,Henrico County,Condo,5100 Monument Ave,Richmond,VA,23230,"5100 Monument Ave, Unit 1202, Richmond, VA 23230",2021-02-26T07:55:22.694Z,2020-09-24T11:55:38.918Z,Inactive,2022-08-08T15:57:40.693Z,684,2020-09-24T11:55:38.918Z,,"5100-Monument-Ave,-Unit-1202,-Richmond,-VA-23230",37.579115,-77.500438,1.0,1000.0,,Unit 1202
224,4,264718,Henrico County,Single Family,2309 Georgetown Dr,Richmond,VA,23230,"2309 Georgetown Dr, Richmond, VA 23230",2021-02-25T09:21:07.220Z,2020-10-29T08:23:43.464Z,Inactive,2022-08-08T15:56:22.486Z,649,2020-10-29T08:23:43.464Z,,"2309-Georgetown-Dr,-Richmond,-VA-23230",37.596332,-77.503414,2.0,1600.0,,
225,2,379900,Henrico County,Condo,5403 Coopers Walk Ln,Richmond,VA,23230,"5403 Coopers Walk Ln, Unit 5403, Richmond, VA 23230",2021-02-19T12:51:36.948Z,2021-02-18T10:22:23.577Z,Inactive,2022-08-08T15:45:05.072Z,537,2021-02-18T10:22:23.577Z,,"5403-Coopers-Walk-Ln,-Unit-5403,-Richmond,-VA-23230",37.589417,-77.498605,2.5,1584.0,,Unit 5403
226,4,238000,Henrico County,Single Family,6024 Indigo Rd,Richmond,VA,23230,"6024 Indigo Rd, Richmond, VA 23230",2021-01-16T07:30:02.042Z,2020-12-09T11:56:58.026Z,Inactive,2022-08-08T15:23:42.526Z,608,2020-12-09T11:56:58.026Z,,"6024-Indigo-Rd,-Richmond,-VA-23230",37.596536,-77.50747,2.0,1565.0,,
227,3,499900,Henrico County,Single Family,5007 Monument Ave,Richmond,VA,23230,"5007 Monument Ave, Richmond, VA 23230",2021-01-15T10:34:23.853Z,2020-12-10T10:57:37.869Z,Inactive,2022-08-08T15:14:29.202Z,607,2020-12-10T10:57:37.869Z,,"5007-Monument-Ave,-Richmond,-VA-23230",37.577232,-77.500021,3.0,3051.0,,
228,3,475000,Henrico County,Condo,5315 Libbie Mill West Blvd,Richmond,VA,23230,"5315 Libbie Mill West Blvd, Unit C1, Richmond, VA 23230",2021-01-15T10:34:23.842Z,2020-09-21T15:40:43.384Z,Inactive,2022-08-08T15:14:29.202Z,686,2020-09-21T15:40:43.384Z,,"5315-Libbie-Mill-West-Blvd,-Unit-C1,-Richmond,-VA-23230",37.590428,-77.49915,,2045.0,,Unit C1
229,3,471697,Henrico County,Condo,2022 Libbie Lake West St,Richmond,VA,23230,"2022 Libbie Lake West St, Richmond, VA 23230",2021-01-15T10:34:23.841Z,2020-09-21T15:40:43.385Z,Inactive,2022-08-08T15:14:29.202Z,686,2020-09-21T15:40:43.385Z,,"2022-Libbie-Lake-West-St,-Richmond,-VA-23230",37.590428,-77.49915,2.5,2475.0,,
230,3,418900,Henrico County,Condo,5403 Libbie Mill West Blvd,Richmond,VA,23230,"5403 Libbie Mill West Blvd, Richmond, VA 23230",2021-01-15T10:21:53.880Z,2020-11-07T12:31:19.859Z,Inactive,2022-08-08T15:14:29.202Z,640,2020-11-07T12:31:19.859Z,,"5403-Libbie-Mill-West-Blvd,-Richmond,-VA-23230",37.590464,-77.499543,3.5,1876.0,,
231,3,364777,Henrico County,Single Family,4801 Morrison Rd,Richmond,VA,23230,"4801 Morrison Rd, Richmond, VA 23230",2021-01-15T10:14:32.083Z,2020-12-07T09:59:59.163Z,Inactive,2022-08-08T15:14:29.202Z,610,2020-12-07T09:59:59.163Z,,"4801-Morrison-Rd,-Richmond,-VA-23230",37.592736,-77.488353,1.5,2074.0,,
232,3,260000,Henrico County,Single Family,3108 Manor Dr,Richmond,VA,23230,"3108 Manor Dr, Richmond, VA 23230",2021-01-15T07:08:01.972Z,2020-12-09T12:17:17.933Z,Inactive,2022-08-08T15:09:16.395Z,608,2020-12-09T12:17:17.933Z,,"3108-Manor-Dr,-Richmond,-VA-23230",37.601994,-77.49497,2.0,1870.0,,
233,3,249950,Henrico County,Single Family,5121 Earlwick Rd,Richmond,VA,23230,"5121 Earlwick Rd, Richmond, VA 23230",2021-01-15T07:08:01.963Z,2021-01-15T07:08:01.963Z,Inactive,2022-08-08T15:09:16.395Z,571,2021-01-15T07:08:01.963Z,,"5121-Earlwick-Rd,-Richmond,-VA-23230",37.599207,-77.496612,1.5,1932.0,,
234,3,210000,Henrico County,Single Family,3005 Dunwick Rd,Richmond,VA,23230,"3005 Dunwick Rd, Richmond, VA 23230",2021-01-15T05:44:55.081Z,2020-11-25T06:38:24.009Z,Inactive,2022-08-08T15:08:02.180Z,622,2020-11-25T06:38:24.009Z,,"3005-Dunwick-Rd,-Richmond,-VA-23230",37.600001,-77.495586,1.0,984.0,,
235,3,448847,Henrico County,Condo,2002 Libbie Lake West St,Richmond,VA,23230,"2002 Libbie Lake West St, Unit B, Richmond, VA 23230",2020-12-28T14:21:41.167Z,2020-09-21T15:40:43.382Z,Inactive,2022-08-07T23:35:25.775Z,686,2020-09-21T15:40:43.382Z,,"2002-Libbie-Lake-West-St,-Unit-B,-Richmond,-VA-23230",37.58927,-77.498257,2.5,2570.0,,Unit B
236,5,258950,Henrico County,Single Family,6002 Westbourne Dr,Richmond,VA,23230,"6002 Westbourne Dr, Richmond, VA 23230",2020-12-28T13:47:48.042Z,2020-11-14T10:13:01.518Z,Inactive,2022-08-07T23:31:55.896Z,632,2020-11-14T10:13:01.518Z,,"6002-Westbourne-Dr,-Richmond,-VA-23230",37.596079,-77.504638,2.0,1560.0,,
237,4,289900,Henrico County,Single Family,4908 Rodney Rd,Richmond,VA,23230,"4908 Rodney Rd, Richmond, VA 23230",2020-12-21T10:31:12.783Z,2020-11-04T10:17:02.535Z,Inactive,2022-08-07T23:09:45.005Z,642,2020-11-04T10:17:02.535Z,,"4908-Rodney-Rd,-Richmond,-VA-23230",37.597057,-77.495483,2.0,1964.0,,
238,3,149000,Henrico County,Single Family,2302 Reed Rd,Richmond,VA,23230,"2302 Reed Rd, Richmond, VA 23230",2020-12-17T05:39:06.063Z,2020-11-18T05:57:02.655Z,Inactive,2022-08-07T23:02:08.733Z,628,2020-11-18T05:57:02.655Z,,"2302-Reed-Rd,-Richmond,-VA-23230",37.597172,-77.50776,1.0,1000.0,,
239,3,448847,Henrico County,Condo,2002 Libbie Lake West St,Richmond,VA,23230,"2002 Libbie Lake West St, Richmond, VA 23230",2020-12-12T12:44:22.798Z,2020-09-21T15:40:43.376Z,Inactive,2022-08-07T22:53:40.385Z,686,2020-09-21T15:40:43.376Z,,"2002-Libbie-Lake-West-St,-Richmond,-VA-23230",37.580361,-77.487405,2.5,2475.0,,
240,2,219000,Henrico County,Condo,5100 Monument Ave,Richmond,VA,23230,"5100 Monument Ave, Unit 313, Richmond, VA 23230",2020-12-04T08:34:40.552Z,2020-09-15T15:04:27.220Z,Inactive,2022-08-07T22:40:04.297Z,692,2020-09-15T15:04:27.220Z,,"5100-Monument-Ave,-Unit-313,-Richmond,-VA-23230",37.579115,-77.500438,2.0,1095.0,,Unit 313
241,4,239900,Henrico County,Single Family,5417 Falmouth St,Richmond,VA,23230,"5417 Falmouth St, Richmond, VA 23230",2020-11-25T08:36:16.141Z,2020-09-23T11:23:31.355Z,Inactive,2022-08-07T22:23:42.964Z,684,2020-09-23T11:23:31.355Z,,"5417-Falmouth-St,-Richmond,-VA-23230",37.599044,-77.508833,2.0,1576.0,,
242,4,224950,Henrico County,Single Family,5814 Indigo Rd,Richmond,VA,23230,"5814 Indigo Rd, Richmond, VA 23230",2020-11-18T06:26:20.772Z,2020-09-24T11:29:43.660Z,Inactive,2022-08-07T22:09:43.810Z,683,2020-09-24T11:29:43.660Z,,"5814-Indigo-Rd,-Richmond,-VA-23230",37.595096,-77.50472,2.0,1560.0,,
243,3,315000,Henrico County,Single Family,5017 Monument Ave,Richmond,VA,23230,"5017 Monument Ave, Richmond, VA 23230",2020-11-11T14:51:10.901Z,2020-09-19T03:22:17.699Z,Inactive,2022-08-07T21:58:00.498Z,688,2020-09-19T03:22:17.699Z,,"5017-Monument-Ave,-Richmond,-VA-23230",37.577748,-77.500894,2.0,1356.0,,
244,4,230000,Henrico County,Single Family,6019 Westbourne Dr,Richmond,VA,23230,"6019 Westbourne Dr, Richmond, VA 23230",2020-11-05T12:27:54.185Z,2020-10-05T10:39:24.476Z,Inactive,2022-08-07T21:47:42.303Z,672,2020-10-05T10:39:24.476Z,,"6019-Westbourne-Dr,-Richmond,-VA-23230",37.596635,-77.506611,2.0,1536.0,,
245,3,435950,Henrico County,Condo,5410 Coopers Walk Ln,Richmond,VA,23230,"5410 Coopers Walk Ln, Unit H4, Richmond, VA 23230",2020-11-02T12:54:25.244Z,2020-09-21T15:40:43.374Z,Inactive,2022-08-07T21:41:39.761Z,686,2020-09-21T15:40:43.374Z,,"5410-Coopers-Walk-Ln,-Unit-H4,-Richmond,-VA-23230",37.589673,-77.49889,,2045.0,,Unit H4
246,4,315000,Henrico County,Single Family,3302 Listerbrook Ct,Richmond,VA,23230,"3302 Listerbrook Ct, Richmond, VA 23230",2020-11-02T09:13:42.713Z,2020-09-19T03:22:17.692Z,Inactive,2022-08-07T21:40:27.846Z,688,2020-09-19T03:22:17.692Z,,"3302-Listerbrook-Ct,-Richmond,-VA-23230",37.604519,-77.501394,2.0,2068.0,,
247,3,445460,Henrico County,Condo,5314 Bindery Ln,Richmond,VA,23230,"5314 Bindery Ln, Unit Q1, Richmond, VA 23230",2020-10-27T14:52:09.891Z,2020-09-21T15:40:43.377Z,Inactive,2022-08-07T21:29:19.240Z,686,2020-09-21T15:40:43.377Z,,"5314-Bindery-Ln,-Unit-Q1,-Richmond,-VA-23230",37.580361,-77.487405,,2045.0,,Unit Q1
248,1,127900,Henrico County,Condo,5100 Monument Ave,Richmond,VA,23230,"5100 Monument Ave, Unit 605, Richmond, VA 23230",2020-10-17T05:46:27.046Z,2020-09-15T03:38:09.920Z,Inactive,2022-08-07T21:10:44.200Z,692,2020-09-15T03:38:09.920Z,,"5100-Monument-Ave,-Unit-605,-Richmond,-VA-23230",37.579115,-77.500438,1.0,470.0,,Unit 605
249,4,299950,Henrico County,Single Family,4820 Bethlehem Rd,Richmond,VA,23230,"4820 Bethlehem Rd, Richmond, VA 23230",2020-10-08T12:20:51.159Z,2020-09-15T22:35:02.986Z,Inactive,2022-08-07T20:54:41.254Z,691,2020-09-15T22:35:02.986Z,,"4820-Bethlehem-Rd,-Richmond,-VA-23230",37.59229,-77.49008,2.5,1719.0,,
250,4,269500,Henrico County,Single Family,5422 Westbourne Dr,Richmond,VA,23230,"5422 Westbourne Dr, Richmond, VA 23230",2020-10-05T10:57:18.742Z,2020-09-15T21:42:24.741Z,Inactive,2022-08-07T20:47:18.565Z,691,2020-09-15T21:42:24.741Z,,"5422-Westbourne-Dr,-Richmond,-VA-23230",37.594749,-77.50246,2.0,1580.0,,
251,2,200000,Henrico County,Single Family,6613 Glenwood St,Richmond,VA,23230,"6613 Glenwood St, Richmond, VA 23230",2020-09-29T09:51:29.734Z,2020-09-15T15:04:27.218Z,Inactive,2022-08-07T20:33:53.627Z,692,2020-09-15T15:04:27.218Z,,"6613-Glenwood-St,-Richmond,-VA-23230",37.607807,-77.505636,1.0,1065.0,,
252,1,199950,Henrico County,Condo,5100 Monument Ave,Richmond,VA,23230,"5100 Monument Ave, Unit 406, Richmond, VA 23230",2020-09-27T08:11:13.448Z,2020-09-15T15:04:27.206Z,Inactive,2022-08-07T20:30:10.799Z,692,2020-09-15T15:04:27.206Z,,"5100-Monument-Ave,-Unit-406,-Richmond,-VA-23230",37.579115,-77.500438,1.0,880.0,,Unit 406
253,2,229950,Henrico County,Single Family,5309 Dickens Rd,Richmond,VA,23230,"5309 Dickens Rd, Richmond, VA 23230",2020-09-24T11:29:43.668Z,2020-09-15T19:37:30.918Z,Inactive,2022-08-07T20:25:21.612Z,692,2020-09-15T19:37:30.918Z,,"5309-Dickens-Rd,-Richmond,-VA-23230",37.600586,-77.495638,2.0,1449.0,,
